Track URI,Track Name,Album Name,Artist Name(s),Release Date,Duration (ms),Popularity,Explicit,Added By,Added At,Genres,Record Label,Danceability,Energy,Key,Loudness,Mode,Speechiness,Acousticness,Instrumentalness,Liveness,Valence,Tempo,Time Signature
spotify:track:75vEuMA15pb8JmgrGugHEs,"Eenie Meenie","My World 2.0","Justin Bieber;Sean Kingston",2010-01-01,202626,5,false,quirky613,2026-06-25T23:05:35Z,"","RBMG/Def Jam",0.718,0.588,1,-4.192,1,0.0318,0.0525,0,0.0991,0.812,121.22,4
spotify:track:4E5P1XyAFtrjpiIxkydly4,"Replay","Replay","Iyaz",2009-08-18,182306,87,false,quirky613,2026-06-25T23:08:08Z,"","Time Is Money/Beluga Heights/Reprise",0.706,0.751,9,-6.323,1,0.0708,0.173,0,0.168,0.195,91.031,4
spotify:track:3HVr6jTVwBHBa2flM0eURR,"Glorious (feat. Skylar Grey)","Glorious (feat. Skylar Grey)","Macklemore;Skylar Grey",2017-06-15,220454,3,true,quirky613,2026-06-25T23:20:14Z,"","Bendo LLC",0.731,0.794,0,-5.126,0,0.0522,0.0323,0.0000259,0.112,0.356,139.994,4
spotify:track:0AKejOKlGdiB53QpwAeenO,"Don't Wanna Know","Don't Wanna Know","Maroon 5;Kendrick Lamar",2016-10-11,214480,2,false,quirky613,2026-06-25T23:20:51Z,"jazz funk,funk,soul jazz,acid jazz","Interscope Records",0.777,0.627,7,-6.142,1,0.0792,0.356,0,0.0956,0.444,100.054,4
spotify:track:3EVooCKm9XbvXsfgjhGDAB,"I'm Gonna Show You Crazy","I Don't Wanna Grow Up","Bebe Rexha",2015-05-12,207775,47,true,quirky613,2026-06-25T23:20:56Z,"indie soul","Warner Records",0.474,0.537,2,-6.77,1,0.0649,0.0758,0,0.316,0.335,90.103,4
spotify:track:2LFEAXVwSf9ykTDPu4etrg,"Sweet Beginnings","I Don't Wanna Grow Up","Bebe Rexha",2015-05-12,230733,38,false,quirky613,2026-06-25T23:20:56Z,"indie soul","Warner Records",0.612,0.663,0,-4.486,1,0.038,0.0333,0,0.235,0.466,95.979,4
spotify:track:0GNI8K3VATWBABQFAzBAYe,"Stay","Unapologetic (Deluxe)","Rihanna;Mikky Ekko",2012-12-11,240706,77,false,quirky613,2026-06-25T23:22:46Z,"old school hip hop,east coast hip hop","Def Jam Recordings",0.621,0.31,9,-10.164,0,0.0283,0.945,0.0000612,0.117,0.125,111.881,4
spotify:track:1o4XQ7tYJrDxgEpJufbOI8,"Stay The Night - Featuring Hayley Williams Of Paramore","Clarity (Deluxe)","Zedd;Hayley Williams",2012,217346,1,false,quirky613,2026-06-25T23:23:02Z,"pop","Universal Music Group",0.595,0.736,8,-3.115,1,0.0406,0.116,0,0.0931,0.506,127.956,4
spotify:track:4H7WNRErSbONkM06blBoGc,"Stay","beerbongs & bentleys","Post Malone",2018-04-27,204426,72,true,quirky613,2026-06-25T23:23:16Z,"","Republic Records",0.506,0.48,5,-5.418,1,0.0266,0.449,0,0.147,0.351,86.042,4
spotify:track:5IZc3KIVFhjzJ0L2kiXzUl,"Promise (feat. Fetty Wap)","Summer In The Winter","Kid Ink;Fetty Wap",2015-12-25,224236,66,true,quirky613,2026-06-25T23:24:57Z,"rap,melodic rap,trap","Tha Alumni Music Group/88 Classic/RCA Records",0.797,0.469,8,-8.112,1,0.0646,0.0599,0,0.0753,0.481,103.057,4
spotify:track:18uwL0vNUanqZH0ro2QcOP,"comethru","summer,","Jeremy Zucker",2018-09-28,181613,75,false,quirky613,2026-06-25T23:25:01Z,"","Republic Records",0.796,0.178,0,-11.991,1,0.0572,0.607,0,0.623,0.608,93.976,4
spotify:track:2dBwB667LHQkLhdYlwLUZK,"Summertime Sadness","Born To Die - The Paradise Edition","Lana Del Rey",2012-11-12,265427,69,false,quirky613,2026-06-25T23:25:53Z,"rap,hip hop","Polydor Records",0.565,0.654,1,-6.826,0,0.0335,0.0542,0.0000018,0.122,0.235,111.968,4
spotify:track:1nagrEJxg2Tayyy7p2MnKY,"Crazy","Move in Spectrums","Au Revoir Simone",2013-09-24,178226,20,false,quirky613,2026-06-25T23:34:14Z,"old school hip hop","Instant Records",0.509,0.71,1,-5.451,1,0.0293,0.00249,0.0024,0.133,0.473,174.962,4
spotify:track:1IIKrJVP1C9N7iPtG6eOsK,"Go Crazy","Slime & B","Chris Brown;Young Thug",2020-05-08,176960,79,true,quirky613,2026-06-25T23:34:53Z,"hip hop,west coast hip hop","Chris Brown Entertainment/300 Entertainment/RCA Records",0.755,0.578,0,-8.932,0,0.145,0.316,0,0.25,0.581,94.148,4
spotify:track:4soAFeob6xqOncRsPwa9wx,"Dark Paradise","Born To Die","Lana Del Rey",2012-01-30,243173,41,false,quirky613,2026-06-25T23:35:37Z,"rap,hip hop","Urban",0.585,0.644,4,-8.346,1,0.0604,0.113,0,0.181,0.406,120.017,4
spotify:track:7IVukH71OXfAu3KudrrizN,"Japanese Denim","Get You - Single","Daniel Caesar",2016-10-21,270556,84,true,quirky613,2026-06-25T23:42:42Z,"","HV Recordings",0.721,0.227,3,-8.293,1,0.0377,0.13,0.00000611,0.0748,0.366,124.036,3
spotify:track:5pfJsMwoRYKampPay8amX0,"Downtown (feat. Melle Mel, Grandmaster Caz, Kool Moe Dee & Eric Nally)","This Unruly Mess I've Made","Macklemore & Ryan Lewis;Macklemore;Ryan Lewis;Grandmaster Melle Mel;Grandmaster Caz;Kool Moe Dee;Eric Nally",2016-02-26,292593,69,true,quirky613,2026-06-25T23:43:00Z,"r&b","Macklemore",0.828,0.609,1,-4.402,1,0.0694,0.0916,0.00000121,0.291,0.707,109.725,4
spotify:track:1RUTIdTnFs8lHSc0Zr4UJB,"Up Up & Away","Man On The Moon: The End Of Day (Deluxe)","Kid Cudi",2009-01-01,227346,65,true,quirky613,2026-06-25T23:43:08Z,"west coast hip hop,old school hip hop,g-funk,gangster rap","Kid Cudi/Universal Records",0.66,0.881,10,-6.119,0,0.0849,0.0722,0.0000343,0.362,0.586,120.018,4
spotify:track:58ijtNiLXPW6d24WmoMCAP,"Lately","Nostalgia Pack","Forrest Frank;Forrest.",2023-05-26,207017,49,false,quirky613,2026-06-25T23:45:52Z,"funk rock,funk","Forrest Frank Music Inc. / 10K Projects",0.714,0.633,0,-4.069,1,0.181,0.227,0.0000173,0.276,0.869,160.02,4
spotify:track:0Z2J91b2iTGLVTZC4fKgxf,"Hit 'Em Up - Single Version","Greatest Hits","2Pac;Outlawz",1998-01-01,312626,85,true,quirky613,2026-06-25T23:48:06Z,"","2Pac Greatest Hits",0.916,0.844,7,-3.967,1,0.236,0.0394,0,0.0778,0.586,95.19,4
spotify:track:3BUWNzPWz2mDbptZmGEXpB,"Let It All Work Out","Tha Carter V","Lil Wayne;Sampha",2018-09-28,316192,82,true,quirky613,2026-06-25T23:48:11Z,"","Young Money Records, Inc.",0.551,0.562,11,-6.862,1,0.163,0.0218,0,0.302,0.438,135.872,4
spotify:track:3XVozq1aeqsJwpXrEZrDJ9,"Ice Ice Baby","Vanilla Ice Is Back! - Hip Hop Classics","Vanilla Ice",2008-11-04,254466,75,false,quirky613,2026-06-25T23:48:24Z,"","X-Ray Records",0.979,0.792,2,-2.784,1,0.0388,0.0025,0.00000771,0.102,0.583,116.012,4
spotify:track:3CU9TyxcGANE9kt0dkA6bH,"Tell Me Something Good","Funk Overload","Maceo Parker",1998-08-25,220106,0,false,quirky613,2026-06-25T23:54:46Z,"","What Are Records",0.533,0.738,6,-6.467,0,0.0889,0.051,0.0000166,0.382,0.748,155.918,4
spotify:track:5OA2EQqiP7r7Zcl6nw8ICW,"I Need A Dollar","Good Things","Aloe Blacc",2010-09-28,244386,0,false,quirky613,2026-06-25T23:55:51Z,"southern hip hop","Stones Throw Records",0.84,0.481,8,-7.152,0,0.033,0.199,0,0.0857,0.96,95.513,4
spotify:track:4osg3vT6sXv6wNxm9Z6ucQ,"Rehab","Back To Black","Amy Winehouse",2006-01-01,213760,1,false,quirky613,2026-06-25T23:58:25Z,"old school hip hop,new jack swing,east coast hip hop","Universal Music Group",0.434,0.872,0,-2.974,1,0.0702,0.0473,0.00000183,0.396,0.732,71.515,4
spotify:track:2s4BsyV3KhhrtsdtNfzoqb,"Back To Black","Back To Black","Amy Winehouse",2006-01-01,240440,1,true,quirky613,2026-06-25T23:58:25Z,"old school hip hop,new jack swing,east coast hip hop","Universal Music Group",0.49,0.725,10,-3.304,1,0.0392,0.123,0.0000268,0.0983,0.335,123.28,4
spotify:track:6WAhLCL1XchQzYjl15rnFp,"Say My Name","Say My Name","Destiny's Child",2000-02-21,268026,48,false,quirky613,2026-06-25T23:59:53Z,"edm","Columbia",0.632,0.631,5,-3.801,0,0.13,0.311,0,0.142,0.684,68.88,4
spotify:track:54X78diSLoUDI3joC2bjMz,"Purple Rain","Purple Rain","Prince",1984-06-25,520786,8,false,quirky613,2026-06-26T00:00:49Z,"old school hip hop,gangster rap,west coast hip hop,g-funk,hip hop","Rhino/Warner Records",0.367,0.452,10,-10.422,1,0.0307,0.0353,0.00228,0.689,0.189,113.066,4
spotify:track:6wBHYoPsAqS88OwfjCvlaq,"By Your Side - Remastered","The Ultimate Collection","Sade",2011-05-09,279746,47,false,quirky613,2026-06-26T00:00:49Z,"french house,electronic,electro","RCA Records Label",0.645,0.496,11,-10.17,1,0.0291,0.0352,0.00543,0.0915,0.563,145.931,4
spotify:track:6qspW4YKycviDFjHBOaqUY,"Waterfalls","Crazysexycool","TLC",1994-11-15,279506,80,false,quirky613,2026-06-26T00:02:10Z,"","Arista/LaFace Records",0.769,0.505,1,-7.345,1,0.0829,0.311,0.0000749,0.0777,0.757,171.804,4
spotify:track:1KGi9sZVMeszgZOWivFpxs,"No Scrubs","Fanmail","TLC",1999-02-23,214400,88,false,quirky613,2026-06-26T00:02:10Z,"","Arista/LaFace Records",0.743,0.675,8,-4.267,0,0.0953,0.0251,0.000717,0.0685,0.59,92.909,4
spotify:track:60wwxj6Dd9NJlirf84wr2c,"Clarity","Clarity","Zedd;Foxes",2012-01-01,271426,84,false,quirky613,2026-06-26T00:02:19Z,"","Interscope",0.509,0.781,8,-3.48,1,0.072,0.0398,0,0.0749,0.176,128,4
spotify:track:0NWQTyapmz4GuDTSN9xTB7,"Candyman","Candyman","Zedd;Aloe Blacc",2016-02-26,178920,52,false,quirky613,2026-06-26T00:02:19Z,"southern hip hop","UMGRI Interscope",0.572,0.864,2,-4.098,0,0.0477,0.0215,0,0.375,0.26,149.945,4
spotify:track:0PDUDa38GO8lMxLCRc4lL1,"PILLOWTALK","Mind Of Mine (Deluxe Edition)","ZAYN",2016-03-25,202749,83,true,quirky613,2026-06-26T00:02:19Z,"","RCA Records Label",0.584,0.7,11,-4.275,1,0.0456,0.117,0,0.0939,0.438,124.944,4
spotify:track:5A6OHHy73AR5tLxgTc98zz,"Black and Yellow","Rolling Papers","Wiz Khalifa",2011-03-29,217666,82,true,quirky613,2026-06-26T00:02:19Z,"soft pop","Rostrum/Atlantic",0.684,0.834,2,-4.524,0,0.0675,0.0646,0,0.271,0.538,164.02,4
spotify:track:6Ldj81kZ3F1kt7RMEBJfPw,"Live Your Life - feat. Rihanna","Paper Trail (UK Version [Explicit])","T.I.;Rihanna",2008-09-08,338853,0,true,quirky613,2026-06-26T00:02:44Z,"christian,christian pop,christian hip hop,worship,christian lo-fi,christian r&b,old school hip hop,east coast hip hop","Atlantic Records",0.375,0.862,11,-3.363,0,0.255,0.071,0,0.211,0.478,159.841,4
spotify:track:2IY7eOUDjw2ArKYxKa2jXc,"Starboy","Starboy","The Weeknd;Daft Punk",2016-09-22,230466,3,true,quirky613,2026-06-26T00:02:44Z,"","Universal Republic Records",0.682,0.592,7,-7.033,1,0.281,0.169,0.00000549,0.136,0.5,186.041,4
spotify:track:2PIvq1pGrUjY007X5y1UpM,"Earned It (Fifty Shades Of Grey) - From The ""Fifty Shades Of Grey"" Soundtrack","Earned It (Fifty Shades Of Grey) [From The ""Fifty Shades Of Grey"" Soundtrack]","The Weeknd",2014-12-23,252226,74,false,quirky613,2026-06-26T00:02:44Z,"","Fifty Shades of Grey",0.659,0.381,2,-5.922,0,0.0304,0.385,0,0.0972,0.426,119.844,3
spotify:track:0Gi17qCJh9e9RJxLaYkm9l,"Dark Times","Beauty Behind The Madness","The Weeknd;Ed Sheeran",2015-08-28,260640,0,true,quirky613,2026-06-26T00:02:44Z,"","Universal Music Group",0.585,0.421,7,-9.593,1,0.0707,0.106,0.00000954,0.14,0.24,132.986,3
spotify:track:4vp2J1l5RD4gMZwGFLfRAu,"I Gotta Feeling","THE E.N.D. (THE ENERGY NEVER DIES)","Black Eyed Peas",2009-01-01,289133,9,false,quirky613,2026-06-26T00:02:44Z,"art pop","Interscope",0.743,0.766,0,-6.375,1,0.0265,0.0873,0,0.509,0.61,127.96,4
spotify:track:1DqdF42leyFIzqNDv9CjId,"Dynamite","Rokstarr","Taio Cruz",2010-01-01,203866,76,false,quirky613,2026-06-26T00:02:44Z,"","Universal-Island Records Ltd.",0.754,0.804,4,-3.177,1,0.0853,0.00332,0,0.0329,0.818,119.968,4
spotify:track:66TRwr5uJwPt15mfFkzhbi,"Crank That (Soulja Boy)","souljaboytellem.com","Soulja Boy",2007-01-01,221933,80,false,quirky613,2026-06-26T00:02:44Z,"","Collipark / Interscope",0.733,0.74,0,-2.18,1,0.0905,0.513,0,0.0468,0.799,140.2,4
spotify:track:1CI6YgwwNq3VfhgxPuEpE6,"Ride","SoMo","SoMo",2014-01-01,289133,59,true,quirky613,2026-06-26T00:02:44Z,"","Universal Records",0.699,0.524,11,-7.522,1,0.051,0.412,0,0.0844,0.31,114.922,4
spotify:track:2NBQmPrOEEjA8VbeWOQGxO,"Drop It Like It's Hot","R&G (Rhythm & Gangsta): The Masterpiece","Snoop Dogg;Pharrell Williams",2004-01-01,266066,80,true,quirky613,2026-06-26T00:02:44Z,"christian hip hop,trap soul","Geffen",0.888,0.632,1,-3.872,1,0.219,0.19,0,0.101,0.662,91.979,4
spotify:track:5kGCh49aqeRMkEOhQ9mcrW,"Party Like A Rock Star","Party Like A Rockstar","SHOP BOYZ",2007-01-01,253000,50,true,quirky613,2026-06-26T00:02:44Z,"","Universal (MT)",0.611,0.689,7,-4.976,1,0.041,0.00455,0,0.514,0.704,144.992,4
spotify:track:1hGy2eLcmC8eKx7qr1tOqx,"Beautiful Girls","Beautiful Girls","Sean Kingston",2007-07-23,225373,85,false,quirky613,2026-06-26T00:02:44Z,"","Epic",0.762,0.661,1,-6.075,0,0.0687,0.15,0,0.256,0.769,130.009,4
spotify:track:4cxMGhkinTocPSVVKWIw0d,"Losin Control","There's Really A Wolf","Russ",2017-05-05,237506,75,true,quirky613,2026-06-26T00:02:44Z,"experimental hip hop","Columbia",0.759,0.245,6,-6.545,1,0.138,0.515,0.000154,0.102,0.209,96.992,4
spotify:track:0ByMNEPAPpOR5H69DVrTNy,"Don't Stop The Music","Good Girl Gone Bad: Reloaded","Rihanna",2008-06-02,267080,89,false,quirky613,2026-06-26T00:02:44Z,"old school hip hop,east coast hip hop","Def Jam Recordings",0.834,0.669,6,-5.582,0,0.0637,0.0341,0.0000718,0.0535,0.547,122.669,4
spotify:track:7xLooJiPfa5xpI1Xvm9Ja5,"Kiss It Better","ANTI (Deluxe)","Rihanna",2016-01-28,253080,0,true,quirky613,2026-06-26T00:02:44Z,"old school hip hop,east coast hip hop","Roc Nation / Rihanna",0.619,0.806,3,-4.8,0,0.0483,0.272,0,0.0671,0.877,95,4
spotify:track:1Tt4sE4pXi57mTD1GCzsqm,"Needed Me","ANTI","Rihanna",2016-01-28,191600,2,true,quirky613,2026-06-26T00:02:44Z,"old school hip hop,east coast hip hop","Roc Nation / Rihanna",0.671,0.314,5,-8.091,0,0.244,0.11,0,0.0825,0.296,110.898,4
spotify:track:30cSNer6TV8x2utjULVeQ5,"SOS","A Girl Like Me","Rihanna",2006-04-10,238920,82,false,quirky613,2026-06-26T00:02:44Z,"old school hip hop,east coast hip hop","Def Jam Recordings",0.677,0.671,7,-4.905,1,0.0361,0.004,0.0000507,0.413,0.527,137.046,4
spotify:track:6zF96W2EXWc10w0I2Wd0DI,"Sexy Can I (feat. Yung Berg)","Sexy Can I","Ray J;Yung Berg",2008-01-08,204040,0,false,quirky613,2026-06-26T00:02:44Z,"tropical house","eOne Music",0.575,0.686,1,-6.008,1,0.319,0.296,0,0.617,0.925,172.132,4
spotify:track:6fujklziTHa8uoM5OQSfIo,"Black Beatles","SremmLife 2 (Deluxe)","Rae Sremmurd;Gucci Mane",2016-08-12,291893,87,true,quirky613,2026-06-26T00:02:44Z,"nu disco,french house,indie dance","Mike WiLL Made-It",0.794,0.632,0,-6.163,1,0.0649,0.142,0,0.128,0.355,145.926,4
spotify:track:4xnp9a7MTK2fY1ouIhX04b,"Once or Twice","Jesus Never Wore a Suit","Radio B;Nickelus F;Fly Anakin;Henny L.O.",2018-02-28,251772,0,true,quirky613,2026-06-26T00:02:44Z,"","The Association Of Great Minds",0.531,0.705,10,-6.711,0,0.434,0.064,0,0.241,0.445,177.269,4
spotify:track:7MMfKdXKwnnZBT8vIuCvLs,"Dope Man","The Best Of N.W.A: The Strength Of Street Knowledge","N.W.A.",2006-01-01,375733,0,true,quirky613,2026-06-26T00:03:01Z,"","Priority Records",0.753,0.702,7,-7.922,1,0.271,0.00769,0,0.123,0.727,176.483,4
spotify:track:4LujRMTMwAfFKjm45tixHY,"Straight Outta Compton","Straight Outta Compton (2002 - Remaster)","N.W.A.",1988-08-08,259226,1,true,quirky613,2026-06-26T00:03:01Z,"","Priority Records",0.831,0.935,8,-6.02,1,0.197,0.0374,0,0.33,0.367,102.836,4
spotify:track:6Rz2szeKX4Bw01ieebhkgs,"Parental Discretion Iz Advised","Straight Outta Compton","N.W.A.",1988-08-08,315998,0,true,quirky613,2026-06-26T00:03:01Z,"","Universal Music Group",0.662,0.755,6,-7.767,0,0.261,0.0278,0,0.114,0.874,95.792,4
spotify:track:1pOIpxfrQ8AszXZdKR3aH3,"Gangsta Gangsta","Straight Outta Compton","N.W.A.",1988-08-08,336917,65,true,quirky613,2026-06-26T00:03:01Z,"","Priority Records",0.894,0.698,6,-8.264,0,0.275,0.0279,0.00000356,0.329,0.695,98.104,4
spotify:track:5n8Aro6j1bEGIy7Tpo7FV7,"Fuck Tha Police","Straight Outta Compton","N.W.A.",1988-08-08,345717,72,true,quirky613,2026-06-26T00:03:01Z,"","Priority Records",0.859,0.75,8,-8.325,0,0.303,0.0193,0,0.0538,0.857,98.691,4
spotify:track:6NLLIPKjqFRnbCorRNTEHe,"Express Yourself - Remix","Greatest Hits","N.W.A.",1996-07-02,261399,58,true,quirky613,2026-06-26T00:03:01Z,"","Priority Records",0.852,0.803,6,-6.929,0,0.264,0.00204,0,0.121,0.752,96.2,4
spotify:track:59RSrxkSKSixEWBAIvE5Wa,"Starships","Pink Friday ... Roman Reloaded (Deluxe)","Nicki Minaj",2012-01-01,210626,60,true,quirky613,2026-06-26T00:03:01Z,"old school hip hop,gangster rap,west coast hip hop,hip hop,rap,g-funk","Nicki Minaj/Cash Money",0.747,0.716,11,-2.457,0,0.0751,0.135,0,0.251,0.751,125.006,4
spotify:track:5051g33Kqwf5IuVTjb2nMh,"Fly","Pink Friday (Explicit Version)","Nicki Minaj;Rihanna",2010-01-01,212920,0,true,quirky613,2026-06-26T00:03:01Z,"old school hip hop,gangster rap,west coast hip hop,hip hop,rap,g-funk,east coast hip hop","Universal Music Group",0.661,0.847,10,-4.828,1,0.0384,0.0149,0.000148,0.104,0.182,119.889,4
spotify:track:4aVFzUi0qlGQt0udeiAM5b,"Thats Fact","STUCK","Nickelus F",2018-05-11,131317,17,true,quirky613,2026-06-26T00:03:01Z,"","AGM",0.744,0.451,11,-9.168,0,0.108,0.00374,0.00000324,0.301,0.343,133.924,4
spotify:track:07FkzikE6FuHIa8Ma7zJGc,"Lie","Perception","NF",2017-10-06,209213,76,false,quirky613,2026-06-26T00:03:01Z,"","NF Real Music",0.749,0.659,5,-6.419,1,0.167,0.161,0,0.246,0.185,95.008,4
spotify:track:06iMqWThw4w8fTFyccvOwr,"Ride Wit Me","Country Grammar","Nelly;City Spud",2000-06-27,291781,3,true,quirky613,2026-06-26T00:03:01Z,"r&b","Universal/Island Def Jam",0.854,0.692,7,-6.625,1,0.0479,0.0668,0,0.247,0.753,101.865,4
spotify:track:6r3v7nkYQGiHfgNTrpRAwx,"I Love It When You Cry","I Love It When You Cry","Moxie Raia",2015-04-12,181230,26,false,quirky613,2026-06-26T00:03:01Z,"southern hip hop,new orleans bounce","Ultra Records, LLC",0.485,0.595,2,-6.809,1,0.038,0.000508,0,0.0697,0.505,146.983,4
spotify:track:7neVcKsbivjMDIkdfoao5m,"Bow Chicka Wow Wow (feat. Lil' Wayne)","Bow Chicka Wow Wow (feat. Lil' Wayne)","Mike Posner;Lil Wayne",2011-02-03,223253,55,true,quirky613,2026-06-26T00:03:49Z,"","J Records",0.626,0.67,7,-5.381,1,0.0534,0.318,0,0.0429,0.523,73.422,4
spotify:track:1MtUq6Wp1eQ8PC6BbPCj8P,"I Took A Pill In Ibiza - Seeb Remix","At Night, Alone.","Mike Posner;Seeb",2016-05-06,197933,70,true,quirky613,2026-06-26T00:03:49Z,"","Monster Mountain, LLC / Island",0.664,0.714,7,-6.645,0,0.111,0.0353,0.00000842,0.0843,0.71,101.969,4
spotify:track:1j4UohqBF9V77wcuyvXi3R,"Gone In September","31 Minutes to Takeoff","Mike Posner",2010-08-09,218893,29,false,quirky613,2026-06-26T00:03:49Z,"","J Records",0.723,0.582,6,-5.61,1,0.0284,0.109,0,0.0722,0.577,98.016,4
spotify:track:2V4bv1fNWfTcyRJKmej6Sj,"Cooler Than Me - Single Mix","31 Minutes to Takeoff","Mike Posner;Gigamesh",2010-08-09,213293,83,false,quirky613,2026-06-26T00:03:49Z,"","J Records",0.768,0.82,7,-4.63,0,0.0474,0.179,0,0.689,0.625,129.965,4
spotify:track:5OFKWrKbS8iTIGxgjyHDzW,"Coffee (F***ing) (feat. Wale)","Coffee (F***ing) (feat. Wale)","Miguel;Wale",2015-05-01,314053,50,true,quirky613,2026-06-26T00:03:49Z,"","ByStorm Entertainment/RCA Records",0.543,0.667,8,-7.333,1,0.0633,0.0165,0.0000269,0.15,0.196,162.067,4
spotify:track:1kusepF3AacIEtUTYrw4GV,"Paper Planes","Kala","M.I.A.",2007-01-01,203760,6,false,quirky613,2026-06-26T00:03:49Z,"g-funk,west coast hip hop,gangster rap,old school hip hop,hip hop,rap","Interscope",0.447,0.848,2,-6.175,1,0.222,0.033,0.0000745,0.722,0.485,172.247,4
spotify:track:1lHyxaX6V9ewCD1d0tUvG7,"End Of The Road","Lace Up (Deluxe)","mgk;blackbear",2012-01-01,244266,47,true,quirky613,2026-06-26T00:03:49Z,"","Bad Boy / Interscope",0.766,0.704,9,-6.162,0,0.166,0.174,0,0.203,0.26,91.56,4
spotify:track:4NTWZqvfQTlOMitlVn6tew,"The Show Goes On","Lasers","Lupe Fiasco",2011-03-04,239613,77,true,quirky613,2026-06-26T00:03:49Z,"","1st & 15th/Atlantic",0.591,0.889,7,-3.839,1,0.115,0.0189,0,0.155,0.65,143.067,4
spotify:track:1Hi6hnui5MuGmIYh0hOTtP,"How Low","Battle Of The Sexes","Ludacris",2010-01-01,201586,0,true,quirky613,2026-06-26T00:03:49Z,"","Disturbing Tha Peace Recordings, Inc.",0.785,0.498,1,-6.977,1,0.0533,0.00248,0.00000123,0.224,0.418,143.96,4
spotify:track:1JFx9R87En9oJOi4DRH1e9,"Nikki","Under Pressure (Deluxe)","Logic",2014-10-21,203506,55,true,quirky613,2026-06-26T00:03:49Z,"cloud rap,experimental hip hop","Def Jam Recordings",0.669,0.737,10,-7.549,0,0.0353,0.0697,0,0.152,0.573,97.996,4
spotify:track:3lWCa9e0KhDghboM5L9C6d,"Soul Food","Under Pressure (Deluxe)","Logic",2014-10-21,292933,53,true,quirky613,2026-06-26T00:03:49Z,"cloud rap,experimental hip hop","Def Jam Recordings",0.519,0.869,1,-4.546,0,0.281,0.0569,0,0.332,0.251,167.822,4
spotify:track:4QRWA5UqYU1st9aO0UfxOj,"Fade Away","The Incredible True Story","Logic",2015-11-13,287400,54,true,quirky613,2026-06-26T00:03:49Z,"cloud rap,experimental hip hop","Def Jam Recordings",0.709,0.787,1,-2.377,1,0.235,0.27,0.00114,0.296,0.607,75.986,4
spotify:track:7BKUWh5sdtdS17crohRe4L,"Black SpiderMan","Everybody","Logic;Damian Lemar Hudson",2017-05-05,331266,50,true,quirky613,2026-06-26T00:03:49Z,"cloud rap,experimental hip hop,indie","Def Jam Recordings",0.611,0.867,1,-5.298,1,0.0896,0.11,0.000105,0.346,0.336,140.031,4
spotify:track:6OQea06z3cbOqYgG2O6eOZ,"Killing Spree","Everybody","Logic;Ansel Elgort",2017-05-05,206613,44,true,quirky613,2026-06-26T00:03:49Z,"cloud rap,experimental hip hop","Def Jam Recordings",0.856,0.757,1,-5.782,0,0.225,0.0293,0,0.105,0.177,124.069,4
spotify:track:1py4qzrEEkOvU8uTHYLuOW,"Super Mario World","Bobby Tarantino","Logic",2016-07-01,177680,48,true,quirky613,2026-06-26T00:03:49Z,"cloud rap,experimental hip hop","Def Jam Recordings",0.862,0.662,0,-7.19,1,0.209,0.0548,0,0.0993,0.394,131.964,4
spotify:track:2c8sgbZoEanC3QyFNZxUcA,"Flexicution","Bobby Tarantino","Logic",2016-07-01,218946,59,true,quirky613,2026-06-26T00:03:49Z,"cloud rap,experimental hip hop","Def Jam Recordings",0.782,0.713,0,-6.576,0,0.0899,0.0619,0.00125,0.108,0.68,159.839,4
spotify:track:6t2eIONH4Sax3R21QWiKNp,"Believe Me","Believe Me","Lil Wayne;Drake",2014-05-28,337640,67,true,quirky613,2026-06-26T00:03:49Z,"country hip hop","CM/Republic",0.843,0.49,10,-8.801,0,0.173,0.271,0,0.111,0.192,91.935,4
spotify:track:2EEeOnHehOozLq4aS0n6SL,"iSpy (feat. Lil Yachty)","iSpy (feat. Lil Yachty)","KYLE;Lil Yachty",2016-12-02,253106,72,true,quirky613,2026-06-26T00:04:43Z,"","independently popular.",0.746,0.653,7,-6.745,1,0.289,0.378,0,0.229,0.672,75.016,4
spotify:track:2a3SHGbb2dPU4TvbfpMWJF,"Sex & Super Smash Bros.","Beautiful Loser","KYLE",2013-08-05,203489,0,true,quirky613,2026-06-26T00:04:43Z,"","Indie-Pop",0.751,0.784,9,-4.876,0,0.175,0.119,0,0.071,0.762,117.016,4
spotify:track:7EKOezTOQmncyU306Ltdd9,"Hotel","Hotel","Kid Ink;Chris Brown",2015-01-09,218880,0,true,quirky613,2026-06-26T00:04:43Z,"hip hop,west coast hip hop","Tha Alumni Music Group/88 Classic/RCA Records",0.78,0.581,10,-6.996,0,0.17,0.00497,0,0.215,0.693,102.87,4
spotify:track:5iSEsR6NKjlC9SrIJkyL3k,"Pursuit Of Happiness (Nightmare)","Man On The Moon: The End Of Day","Kid Cudi;MGMT;Ratatat",2009-09-15,295293,73,true,quirky613,2026-06-26T00:04:43Z,"west coast hip hop,old school hip hop,g-funk,gangster rap","Kid Cudi/Universal Records",0.629,0.606,0,-8.951,1,0.0412,0.484,0.0001,0.298,0.288,115.275,4
spotify:track:5FEXPoPnzueFJQCPRIrC3c,"Day 'N' Nite (nightmare)","Man On The Moon: The End Of Day","Kid Cudi",2009-09-15,221266,69,false,quirky613,2026-06-26T00:04:43Z,"west coast hip hop,old school hip hop,g-funk,gangster rap","Kid Cudi/Universal Records",0.871,0.44,11,-6.25,0,0.0762,0.499,0.00000414,0.114,0.798,137.996,4
spotify:track:6Hgh47WXVKtXN5zGOu0hjI,"OTW","OTW","Khalid;6LACK;Ty Dolla $ign",2018-04-20,263013,75,true,quirky613,2026-06-26T00:04:43Z,"southern hip hop,rap,trap","Right Hand Music Group, LLC/RCA Records",0.652,0.678,2,-6.183,1,0.0541,0.183,0.0000326,0.106,0.28,72.989,4
spotify:track:27PmvZoffODNFW2p7ehZTQ,"Don't Mind","Don't Mind","Kent Jones",2016-04-25,198236,70,true,quirky613,2026-06-26T00:04:43Z,"southern hip hop,crunk,new orleans bounce,bounce","Epic/We The Best",0.464,0.771,8,-4.503,1,0.336,0.0235,0,0.063,0.69,158.777,4
spotify:track:0N3W5peJUQtI4eyR6GJT5O,"King Kunta","To Pimp A Butterfly","Kendrick Lamar",2015-03-16,234693,75,true,quirky613,2026-06-26T00:04:43Z,"jazz funk,funk,soul jazz,acid jazz","Aftermath",0.884,0.657,6,-4.569,0,0.0977,0.00589,0,0.154,0.489,107.059,4
spotify:track:3aGibUHhQyBsyumYHylw0K,"Backseat Freestyle","good kid, m.A.A.d city (Deluxe)","Kendrick Lamar",2012,212653,69,true,quirky613,2026-06-26T00:04:43Z,"jazz funk,funk,soul jazz,acid jazz","Aftermath",0.547,0.651,1,-7.601,1,0.3,0.000739,0,0.235,0.645,77.878,4
spotify:track:7KXjTSCq5nL1LoYtL7XAwS,"HUMBLE.","DAMN.","Kendrick Lamar",2017-04-14,177000,86,true,quirky613,2026-06-26T00:04:43Z,"jazz funk,funk,soul jazz,acid jazz","Aftermath",0.908,0.621,1,-6.638,0,0.102,0.000282,0.0000539,0.0958,0.421,150.011,4
spotify:track:1PS1QMdUqOal0ai3Gt7sDQ,"Gold Digger","Late Registration","Kanye West;Jamie Foxx",2005-08-30,207626,83,true,quirky613,2026-06-26T00:04:43Z,"southern hip hop","Roc-A-Fella",0.629,0.696,1,-5.572,0,0.348,0.0195,0,0.0554,0.623,93.034,4
spotify:track:6C7RJEIUDqKkJRZVWdkfkH,"Stronger","Graduation","Kanye West",2007-09-11,311866,11,true,quirky613,2026-06-26T00:04:43Z,"southern hip hop","Universal/Island Def Jam",0.625,0.726,10,-7.731,0,0.155,0.00728,0,0.318,0.483,103.98,4
spotify:track:28siypca4TEqLnQ6Cgbdbe,"Heartless","808s & Heartbreak (Softpak)","Kanye West",2008-11-24,211000,0,false,quirky613,2026-06-26T00:04:43Z,"southern hip hop","Island Def Jam",0.789,0.639,10,-6.25,0,0.101,0.055,0,0.27,0.609,87.966,4
spotify:track:6o2g1BJvtYQssH84kBYs7y,"Back That Azz Up","400 Degreez","JUVENILE;Lil Wayne;Mannie Fresh",1998-11-03,265600,73,true,quirky613,2026-06-26T00:04:43Z,"rap","Cash Money",0.873,0.714,7,-6.664,1,0.129,0.0157,0,0.0968,0.541,95.826,4
spotify:track:5tmambyCorzpRg7ViOO3SN,"No Air (feat. Chris Brown) - Acoustic Version","No Air Duet With Chris Brown Acoustic Version","Jordin Sparks;Chris Brown",2008-05-20,253693,47,false,quirky613,2026-06-26T00:04:43Z,"hip hop,west coast hip hop","Jive",0.475,0.501,11,-5.125,1,0.0309,0.715,0,0.0666,0.371,159.972,4
spotify:track:5AFMjlqAA0skXGqZHGZDxt,"Perfect Strangers - Acoustic","Perfect Strangers (Acoustic)","Jonas Blue;JP Cooper",2016-07-15,191206,45,false,quirky613,2026-06-26T00:04:43Z,"rap","Positiva",0.661,0.672,0,-4.292,1,0.0377,0.757,0,0.112,0.609,117.943,4
spotify:track:2mCF8L0brIs88eH6Kf2h9p,"Fast Car","Fast Car","Jonas Blue;Dakota",2015-12-04,212424,70,false,quirky613,2026-06-26T00:04:43Z,"rap","Positiva",0.644,0.57,9,-6.994,1,0.052,0.484,0,0.299,0.527,113.945,4
spotify:track:0PJIbOdMs3bd5AT8liULMQ,"oui","Late Nights: The Album","Jeremih",2015-12-04,238320,80,false,quirky613,2026-06-26T00:04:43Z,"","Def Jam",0.418,0.724,5,-3.724,1,0.0964,0.213,0,0.112,0.604,78.521,5
spotify:track:5sYzy3L4JCFrAZbTLVTFFr,"Birthday Sex","Birthday Sex","Jeremih",2009-01-01,228160,0,false,quirky613,2026-06-26T00:04:43Z,"","Universal Music",0.659,0.472,2,-7.003,0,0.0559,0.32,0,0.128,0.413,60.068,4
spotify:track:4Li2WHPkuyCdtmokzW2007,"Ni**as In Paris","Watch The Throne (Deluxe)","JAŸ-Z;Kanye West",2011-08-08,219333,17,true,quirky613,2026-06-26T00:04:43Z,"southern hip hop","Roc Nation/RocAFella/IDJ",0.789,0.858,1,-5.542,1,0.311,0.129,0,0.349,0.776,140.022,4
spotify:track:7LP4Es66zdY7CyjepqmvAg,"Down","All Or Nothing","Jay Sean;Lil Wayne",2009-01-01,212106,7,false,quirky613,2026-06-26T00:04:43Z,"rap","Cash Money",0.657,0.695,2,-4.493,1,0.0321,0.0108,0,0.0822,0.683,65.997,4
spotify:track:5KONnBIQ9LqCxyeSPin26k,"Trumpets","Talk Dirty","Jason Derulo",2013-09-16,217419,66,false,quirky613,2026-06-26T00:04:43Z,"","Beluga Heights/Warner Records",0.635,0.691,0,-4.862,1,0.258,0.555,0,0.097,0.638,82.142,4
spotify:track:12zpU2S4lMdrK9dvsOoL1m,"I Love It (feat. Charli XCX)","THIS IS... ICONA POP","Icona Pop;Charli xcx",2013-08-23,157152,72,true,quirky613,2026-06-26T00:04:43Z,"afrobeats,afrobeat,afropop,azonto,afroswing,afro r&b,afropiano","Big Beat Records/Atlantic",0.711,0.906,8,-2.671,1,0.0284,0.00952,0.0000164,0.153,0.824,125.916,4
spotify:track:3MQLYKlNxsk7csGVEcw0R6,"Hello - Feat. Dr. Dre And MC Ren","War & Peace Vol. 2 (The Peace Disc)","Ice Cube",2000-03-21,232533,0,true,quirky613,2026-06-26T00:04:43Z,"west coast hip hop,g-funk","Priority Records",0.902,0.612,10,-6.217,0,0.283,0.135,0,0.374,0.681,91.386,4
spotify:track:40YcuQysJ0KlGQTeGUosTC,"Me, Myself & I","When It's Dark Out","G-Eazy;Bebe Rexha",2015-12-04,251465,84,true,quirky613,2026-06-26T00:04:43Z,"indie soul","BPG/RVG/RCA Records",0.756,0.674,0,-6.518,0,0.0959,0.0184,0,0.158,0.389,111.995,4
spotify:track:3rOSwuTsUlJp0Pu0MkN8r8,"Mask Off","FUTURE","Future",2017-08-04,204600,54,true,quirky613,2026-06-26T00:04:43Z,"","Epic/Freebandz/A1",0.833,0.434,2,-8.795,1,0.431,0.0102,0.0219,0.165,0.281,150.062,4
spotify:track:3GpbwCm3YxiWDvy29Uo3vP,"Right Round","R.O.O.T.S. (Route of Overcoming the Struggle)","Flo Rida;Kesha",2009-03-23,204640,87,false,quirky613,2026-06-26T00:04:43Z,"rap,hip hop","Poe Boy/Atlantic",0.72,0.672,7,-6.852,1,0.0551,0.009,0,0.232,0.705,124.986,4
spotify:track:6Knv6wdA0luoMUuuoYi2i1,"My House","My House","Flo Rida",2015-04-07,192190,82,false,quirky613,2026-06-26T00:04:43Z,"rap,hip hop","Poe Boy/Atlantic",0.688,0.702,7,-4.792,0,0.0499,0.0215,0,0.128,0.74,94.006,4
spotify:track:0CAfXk7DXMnon4gLudAp7J,"Low (feat. T-Pain)","Mail on Sunday","Flo Rida;T-Pain",2008-03-17,231400,88,false,quirky613,2026-06-26T00:04:43Z,"rap,hip hop,old school hip hop,g-funk,gangster rap,west coast hip hop","Poe Boy/Atlantic",0.918,0.609,10,-5.64,0,0.0791,0.0928,0,0.139,0.304,128.008,4
spotify:track:4KTtYhxFtFL7mBwnjkKfLm,"Glamorous","The Dutchess","Fergie;Ludacris",2006-09-13,246573,75,true,quirky613,2026-06-26T00:04:43Z,"","Will I Am / Fergie LP1",0.81,0.755,0,-6.408,1,0.199,0.291,0,0.0857,0.625,130.991,4
spotify:track:1D066zixBwqFYqBhKgdPzp,"Fergalicious","The Dutchess","Fergie;will.i.am",2006-09-13,292373,74,true,quirky613,2026-06-26T00:04:43Z,"","Will I Am / Fergie LP1",0.906,0.583,8,-7.721,0,0.317,0.0569,0,0.126,0.829,129.056,4
spotify:track:59x2lkFrCOTVSCMPDaSIKu,"Like A G6","Free Wired","Far East Movement;DEV;The Cataracs",2010-10-26,216893,0,false,quirky613,2026-06-26T00:04:43Z,"old school hip hop,gangster rap,west coast hip hop,g-funk,hip hop","Cherrytree/Interscope",0.627,0.852,3,-7.986,1,0.299,0.00558,0,0.0834,0.747,124.893,4
spotify:track:0mBkoM8r7KAQzZij5swTUL,"Walking On A Dream","Walking On A Dream","Empire Of The Sun",2009-02-23,198440,4,false,quirky613,2026-06-26T00:04:43Z,"","Capitol",0.87,0.699,5,-5.541,0,0.0459,0.245,0.00000676,0.0588,0.726,126.967,4
spotify:track:75IN3CtuZwTHTnZvYM4qnJ,"My Name Is","The Slim Shady LP","Eminem",1999-02-23,268400,76,true,quirky613,2026-06-26T00:04:43Z,"","Aftermath",0.869,0.68,1,-6.233,1,0.318,0.0416,0.00000112,0.0914,0.815,85.519,4
spotify:track:06aw4JI5nYa8XBeBKVrltZ,"Berzerk","The Marshall Mathers LP2 (Deluxe)","Eminem",2013-11-05,238746,0,true,quirky613,2026-06-26T00:04:43Z,"","Universal Music Group",0.715,0.874,2,-4.052,1,0.344,0.0232,0,0.246,0.678,95.213,4
spotify:track:48RrDBpOSSl1aLVCalGl5C,"The Monster","The Marshall Mathers LP2","Eminem;Rihanna",2013-11-05,250188,85,true,quirky613,2026-06-26T00:04:43Z,"old school hip hop,east coast hip hop","Eminem Catalog PS",0.781,0.853,1,-3.68,0,0.0714,0.0526,0,0.12,0.626,110.046,4
spotify:track:7lQ8MOhq6IN2w8EYcFNSUk,"Without Me","The Eminem Show","Eminem",2002-05-26,290320,91,true,quirky613,2026-06-26T00:04:43Z,"","Eminem Catalog PS",0.908,0.669,7,-2.827,1,0.0738,0.00286,0,0.237,0.662,112.238,4
spotify:track:4hEl2wrneFEJbJ6SDYWd2f,"Not Afraid","Recovery","Eminem",2010-06-18,248133,9,true,quirky613,2026-06-26T00:04:43Z,"","Universal Music Group",0.854,0.954,0,-1.185,0,0.246,0.543,0,0.201,0.67,114.609,5
spotify:track:6r027Faonff84hxFMjMbIH,"Rap God","Rap God","Eminem",2013-01-01,363973,60,true,quirky613,2026-06-26T00:04:43Z,"","Eminem Catalog PS",0.708,0.849,7,-2.666,1,0.324,0.38,0,0.849,0.649,148.102,4
spotify:track:7w9bgPAmPTtrkt2v16QWvQ,"Lose Yourself - From ""8 Mile"" Soundtrack","Curtain Call (Deluxe)","Eminem",2005-12-06,326466,16,true,quirky613,2026-06-26T00:04:43Z,"","Universal Music Group",0.701,0.728,2,-4.554,1,0.255,0.00971,0.00115,0.361,0.0591,171.388,4
spotify:track:503OTo2dSqe7qk76rgsbep,"Still D.R.E.","2001","Dr. Dre;Snoop Dogg",1999-11-16,270586,86,true,quirky613,2026-06-26T00:04:43Z,"christian hip hop","Aftermath",0.816,0.775,11,-3.323,1,0.234,0.16,0.00031,0.0543,0.527,93.431,4
spotify:track:0qy5D3OJre7SPJNMOL9I71,"Broccoli","Broccoli","DRAM;Lil Yachty",2016-04-06,225205,67,true,quirky613,2026-06-26T00:04:43Z,"","#1EpicCheck LLC / EMPIRE",0.886,0.525,8,-7.39,1,0.132,0.236,0,0.057,0.708,145.99,4
spotify:track:7fJtPlEZKxu6gvkfBFc5tW,"Too Good","Views","Drake;Rihanna",2016-05-13,263373,1,true,quirky613,2026-06-26T00:04:43Z,"country hip hop,old school hip hop,east coast hip hop","Cash Money Records/Young Money Ent./Universal Rec.",0.793,0.653,7,-7.839,1,0.103,0.0484,0.0000491,0.1,0.393,117.993,4
spotify:track:0k9RIzZtAo4DTQu0ZM6lNZ,"Childs Play","Views","Drake",2016-05-13,241400,0,true,quirky613,2026-06-26T00:04:43Z,"country hip hop","Cash Money Records/Young Money Ent./Universal Rec.",0.745,0.473,10,-11.243,0,0.0955,0.017,0.0000112,0.197,0.296,80.006,4
spotify:track:0bAkKNCQfWkexHFn7fIKns,"In My Feelings","Scorpion","Drake",2018-06-29,217933,2,true,quirky613,2026-06-26T00:04:43Z,"country hip hop","Republic Records",0.735,0.482,8,-9.445,1,0.139,0.00623,0.0144,0.448,0.315,181.995,4
spotify:track:6DCZcSspjsKoFjzjrWoCdn,"God's Plan","Scorpion","Drake",2018-06-29,198973,87,true,quirky613,2026-06-26T00:04:43Z,"country hip hop","Cash Money/Drake LP6",0.754,0.449,7,-9.211,1,0.109,0.0332,0.0000829,0.552,0.357,77.169,4
spotify:track:11hqMWwX7sF3sOGdtijofF,"One Dance","One Dance","Drake;Wizkid;Kyla",2016-04-05,173974,0,false,quirky613,2026-06-26T00:04:43Z,"country hip hop,r&b","UMG-EMI",0.776,0.624,1,-5.815,1,0.0505,0.00849,0.00208,0.356,0.354,103.987,4
spotify:track:6V2D8Lls36APk0THDjBDfE,"Started From the Bottom","Nothing Was The Same (Deluxe)","Drake",2013-01-01,174133,5,true,quirky613,2026-06-26T00:04:43Z,"country hip hop","Aspire Music Group, LLC",0.794,0.522,8,-7.829,1,0.159,0.0328,0,0.156,0.567,86.318,4
spotify:track:6fTdcGsjxlAD9PSkoPaLMX,"Sunday Candy","Surf","Nico Segal",2015-06-30,226013,62,false,quirky613,2026-06-26T00:04:43Z,"","Donnie Trumpet & The Social Experiment",0.511,0.596,0,-6.56,1,0.224,0.53,0,0.0798,0.554,158.063,4
spotify:track:043dDJ9u0PQ3ooAXMgcwOe,"MOOO!","Amala (Deluxe Version)","Doja Cat",2019-03-01,285138,68,true,quirky613,2026-06-26T00:04:43Z,"","Kemosabe Records/RCA Records",0.869,0.532,7,-7.186,1,0.23,0.517,0,0.103,0.509,89.004,4
spotify:track:4cTm3Ev9bUvy4ChJjB1nhl,"Juicy","Amala (Deluxe Version)","Doja Cat",2019-03-01,200933,62,true,quirky613,2026-06-26T00:04:43Z,"","Kemosabe Records/RCA Records",0.77,0.697,0,-2.644,1,0.0607,0.0817,0,0.0663,0.428,170.084,4
spotify:track:6BbHlVi4v3OKN4K4VlJ6ZX,"X Gon' Give It to Ya - Radio Edit","Deadpool (Original Motion Picture Soundtrack)","DMX",2016-02-12,217586,0,true,quirky613,2026-06-26T00:04:43Z,"","Milan Records",0.511,0.898,10,-3.714,0,0.264,0.016,0,0.0792,0.638,95.044,4
spotify:track:3mVXDesOrTDitI8Uvog77C,"Memories (feat. Kid Cudi) - Extended","One Love (Club Version)","David Guetta;Kid Cudi",2009-11-27,318923,61,false,quirky613,2026-06-26T00:04:43Z,"west coast hip hop,old school hip hop,g-funk,gangster rap","Parlophone (France)",0.759,0.47,8,-6.306,1,0.0342,0.00132,0.0024,0.0762,0.511,130.015,4
spotify:track:7rGMKCgeYXpBecQ1FPb3oc,"Without You (feat. Usher)","Nothing but the Beat","David Guetta;USHER",2011-08-31,208133,50,false,quirky613,2026-06-26T00:04:43Z,"","Parlophone (France)",0.608,0.614,2,-3.727,1,0.0285,0.227,0.00000382,0.157,0.402,127.885,4
spotify:track:3u9fHuAtjMY1RW2mZfO4Cf,"Gangsta's Paradise (feat. L.V.)","Gangsta's Paradise","Coolio;L.V.",1995-11-07,241933,7,false,quirky613,2026-06-26T00:04:43Z,"","Rhino",0.641,0.63,8,-6.393,1,0.0521,0.0372,0,0.4,0.415,79.955,4
spotify:track:7kMfu3KUydmrFVGEAhjtyl,"Good Girls Go Bad (feat. Leighton Meester)","Hot Mess","Cobra Starship;Leighton Meester",2009-08-07,196413,71,false,quirky613,2026-06-26T00:04:43Z,"","Decaydance/Fueled By Ramen",0.594,0.874,0,-3.716,1,0.0815,0.0116,0,0.549,0.628,119.964,4
spotify:track:3s4U7OHV7gnj42VV72eSZ6,"Rather Be (feat. Jess Glynne)","Rather Be (feat. Jess Glynne)","Clean Bandit;Jess Glynne",2014-01-17,227833,77,false,quirky613,2026-06-26T00:04:43Z,"southern hip hop,rap","Atlantic Records",0.799,0.586,11,-6.735,1,0.0377,0.162,0.00000203,0.193,0.549,120.97,4
spotify:track:6DaE3A1uIvDqVrVSNvUy6B,"Grass Ain't Greener","Grass Ain't Greener","Chris Brown",2016-05-05,201421,0,true,quirky613,2026-06-26T00:04:43Z,"hip hop,west coast hip hop","RCA Records Label",0.644,0.601,10,-5.097,0,0.0496,0.388,0,0.0884,0.518,133.946,4
spotify:track:0YQLJDhHVQfZJZmHlml15F,"Mind Your Manners (feat. Travie McCoy & Icona Pop)","Mind Your Manners (feat. Travie McCoy & Icona Pop)","Chiddy Bang",2012-06-19,240146,33,true,quirky613,2026-06-26T00:04:43Z,"","Parlophone UK",0.746,0.882,11,-2.902,0,0.199,0.0123,0,0.348,0.695,92.968,4
spotify:track:5o4yGlG0PfeVUa6ClIyOxq,"Boys","Boys","Charli xcx",2017-07-26,162585,60,false,quirky613,2026-06-26T00:04:43Z,"","Atlantic Records UK",0.867,0.545,2,-5.192,1,0.0625,0.0646,0.000289,0.0505,0.525,139.943,4
spotify:track:3eze1OsZ1rqeXkKStNfTmi,"Juke Jam (feat. Justin Bieber & Towkio)","Coloring Book","Chance the Rapper;Justin Bieber;Towkio",2016-05-27,219683,60,true,quirky613,2026-06-26T00:04:43Z,"edm","Chance the Rapper",0.505,0.397,5,-9.349,1,0.324,0.716,0,0.0853,0.558,95.063,1
spotify:track:6m9qPYXmhge2QhBLfFKnVF,"Same Drugs","Coloring Book","Chance the Rapper",2016-05-27,257775,60,false,quirky613,2026-06-26T00:04:43Z,"edm","Chance the Rapper",0.461,0.293,6,-9.52,1,0.0555,0.947,0.00000995,0.0936,0.531,180.297,4
spotify:track:0v9Wz8o0BT8DU38R4ddjeH,"No Problem (feat. Lil Wayne & 2 Chainz)","Coloring Book","Chance the Rapper;Lil Wayne;2 Chainz",2016-05-27,304606,68,true,quirky613,2026-06-26T00:04:43Z,"edm","Chance the Rapper",0.652,0.795,11,-5.192,0,0.174,0.156,0,0.123,0.788,135.018,4
spotify:track:05SBRd4fXgn8FX7bf8BCAE,"I Need Your Love (feat. Ellie Goulding)","18 Months","Calvin Harris;Ellie Goulding",2012-10-29,234506,81,false,quirky613,2026-06-26T00:04:43Z,"hip hop,east coast hip hop,rap","Columbia",0.695,0.869,8,-5.066,1,0.0483,0.41,0,0.237,0.58,124.989,4
spotify:track:4qKcDkK6siZ7Jp1Jb4m0aL,"Look Alive (feat. Drake)","Look Alive (feat. Drake)","BlocBoy JB;Drake",2018-02-09,181263,8,true,quirky613,2026-06-26T00:05:25Z,"east coast hip hop,old school hip hop,hardcore hip hop,country hip hop","OVO Sound/Warner Records",0.922,0.581,10,-7.495,1,0.27,0.00104,0.0000586,0.105,0.595,140.022,4
spotify:track:6G0rJa5M24Nh5wBZYRMcgi,"RVA","RVA","Black Liquid",2017-09-25,157518,1,true,quirky613,2026-06-26T00:05:25Z,"edm","Black Liquid",0.559,0.91,5,-4.232,1,0.283,0.0213,0,0.106,0.427,107.246,4
spotify:track:7FYH5AW3bVfZHJIQpq3UOA,"I Don't Fuck With You","Dark Sky Paradise","Big Sean;E-40",2015-02-23,284386,77,true,quirky613,2026-06-26T00:05:25Z,"hyperpop,art pop,hyphy,west coast hip hop,g-funk","Getting Out Our Dreams Inc. (G.O.O.D.) Music / IDJ",0.824,0.733,1,-5.474,1,0.0614,0.0362,0,0.325,0.395,97.971,4
spotify:track:0ofbQMrRDsUaVKq2mGLEAb,"Havana (feat. Young Thug)","Havana (feat. Young Thug)","Camila Cabello;Young Thug",2017-08-03,216896,4,false,quirky613,2026-06-26T00:06:21Z,"","Syco Music/Epic",0.768,0.517,7,-4.323,0,0.0312,0.186,0.000038,0.104,0.418,104.992,4
spotify:track:1TnUURhehaoMWKAqQtirm6,"Colors","BADLANDS","Halsey",2015-08-28,249499,76,false,quirky613,2026-06-26T00:06:34Z,"","Astralwerks (ASW)",0.512,0.812,1,-4.809,1,0.0617,0.0534,0,0.092,0.521,100.02,4
spotify:track:4ZfdVRhlZ98hlGxAFkK4QM,"Castle","BADLANDS (Deluxe)","Halsey",2015-08-28,277623,0,false,quirky613,2026-06-26T00:06:34Z,"","Universal Music Group",0.628,0.581,7,-7.434,0,0.0352,0.258,0,0.0945,0.135,129.977,4
spotify:track:5p7ujcrUXASCNwRaWNHR1C,"Without Me","Without Me","Halsey",2018-10-04,201660,8,true,quirky613,2026-06-26T00:06:34Z,"","Capitol Records",0.752,0.488,6,-7.05,1,0.0705,0.297,0.00000911,0.0936,0.533,136.041,4
spotify:track:52izjvF7wwveRG1rDJsGWe,"Love Myself","Love Myself","Hailee Steinfeld",2015-08-07,218773,2,false,quirky613,2026-06-26T00:07:22Z,"brass band","Universal Music Group",0.617,0.759,0,-6.785,0,0.0677,0.0026,0,0.419,0.324,122.925,4
spotify:track:2zDt2TfQbxiSPjTVJTgbwz,"Starving","Starving","Hailee Steinfeld;Grey;Zedd",2016-07-22,181880,1,false,quirky613,2026-06-26T00:07:22Z,"brass band","Universal Music Group",0.724,0.628,4,-4.219,1,0.0962,0.409,0,0.105,0.524,99.898,4
spotify:track:62bOmKYxYg7dhrC6gH9vFn,"Bye Bye Bye","No Strings Attached","*NSYNC",2000-03-21,200400,84,false,quirky613,2026-06-26T00:10:21Z,"","Jive",0.61,0.926,8,-4.843,0,0.0479,0.031,0.0012,0.0821,0.861,172.638,4
spotify:track:054oZtOkQztuU2mVTgeUtY,"Still Smiling","Free","Cody Simpson",2015-07-10,196693,17,false,quirky613,2026-06-26T00:10:21Z,"","Bananabeat Records / Coast House",0.673,0.694,0,-6.582,1,0.0413,0.329,0,0.253,0.465,85.486,4
spotify:track:6CLx4X6ovfxFwcBbr5vv59,"Wait On Me","Let The Road","Rixton",2014-01-01,237866,53,false,quirky613,2026-06-26T00:10:21Z,"","Silent Records/Giant Little Man",0.645,0.725,11,-5.285,0,0.0367,0.0976,0,0.394,0.472,91.001,4
spotify:track:2s5B2qJSK8kbFyFRiRq06b,"Hotel Ceiling","Let The Road","Rixton",2014-01-01,190706,52,false,quirky613,2026-06-26T00:10:21Z,"","Silent Records/Giant Little Man",0.655,0.731,10,-7.76,1,0.03,0.159,0,0.107,0.519,105.026,4
spotify:track:6eDApnV9Jdb1nYahOlbbUh,"One Time","My World","Justin Bieber",2009-01-01,215866,84,false,quirky613,2026-06-26T00:10:21Z,"","RBMG/Def Jam",0.691,0.853,1,-2.528,0,0.0372,0.0631,0.000067,0.082,0.762,145.999,4
spotify:track:69ghzc538EQSVon2Gm3wrr,"One Less Lonely Girl","My World","Justin Bieber",2009-01-01,229106,86,false,quirky613,2026-06-26T00:10:21Z,"","RBMG/Def Jam",0.555,0.75,4,-4.424,1,0.204,0.159,0,0.274,0.726,86.84,4
spotify:track:4bPeekGfzuqkmlpKiJur5o,"First Dance","My World","Justin Bieber;USHER",2009-01-01,222333,61,false,quirky613,2026-06-26T00:10:21Z,"","RBMG/Def Jam",0.646,0.521,11,-7.29,1,0.0401,0.0137,0,0.275,0.333,68.495,4
spotify:track:6epn3r7S14KUqlReYr77hA,"Baby","My World 2.0","Justin Bieber;Ludacris",2010-01-01,214240,92,false,quirky613,2026-06-26T00:10:21Z,"","RBMG/Def Jam",0.728,0.859,5,-5.237,0,0.137,0.0401,0,0.111,0.535,65.043,4
spotify:track:3rLIv187BhjyweFe89SgLn,"Somebody To Love","My World 2.0","Justin Bieber",2010-01-01,220920,82,false,quirky613,2026-06-26T00:10:21Z,"","RBMG/Def Jam",0.714,0.833,5,-5.239,1,0.0259,0.00249,0,0.298,0.663,129.964,4
spotify:track:1DyV9obL0pPibOjW5ufg15,"Stuck In The Moment","My World 2.0","Justin Bieber",2010-01-01,222960,72,false,quirky613,2026-06-26T00:10:21Z,"","RBMG/Def Jam",0.721,0.698,0,-6.353,0,0.0526,0.165,0,0.133,0.365,89.987,4
spotify:track:6Xw2FLih8m5ItDbyP992HH,"U Smile","My World 2.0","Justin Bieber",2010-01-01,196906,70,false,quirky613,2026-06-26T00:10:21Z,"","RBMG/Def Jam",0.705,0.59,1,-5.308,1,0.0284,0.504,0,0.116,0.421,112.565,3
spotify:track:0aPZbnkMoWJaJ5CNVLCj8S,"That Should Be Me","My World 2.0","Justin Bieber",2010-01-01,232720,88,false,quirky613,2026-06-26T00:10:21Z,"","RBMG/Def Jam",0.552,0.603,8,-5.71,1,0.0334,0.199,0,0.151,0.231,139.907,4
spotify:track:5GYbkDveRD2I8M5ZJ14hWn,"Never Say Never","Never Say Never - The Remixes","Justin Bieber;Jaden",2011-01-01,227853,86,false,quirky613,2026-06-26T00:10:21Z,"","RBMG/Def Jam",0.739,0.807,0,-5.063,1,0.0652,0.0181,0,0.295,0.632,97.048,4
spotify:track:5YNf9s8WE3iF33YaFNrgpa,"What Do You Mean? - Acoustic","Purpose (Deluxe)","Justin Bieber",2015-11-13,203800,61,false,quirky613,2026-06-26T00:10:21Z,"","RBMG/Def Jam",0.772,0.358,8,-10.634,1,0.0438,0.794,0,0.104,0.759,124.926,4
spotify:track:1Ddj6nkhUP3lHpLvDqPsvC,"Strip That Down - Acoustic","Strip That Down (Acoustic)","Liam Payne",2017-06-16,184475,48,false,quirky613,2026-06-26T00:10:21Z,"old school hip hop,east coast hip hop","Capitol Records UK / EMI",0.88,0.38,6,-7.811,1,0.0605,0.639,0,0.124,0.912,105.982,4
spotify:track:27vTihlWXiz9f9lJM3XGVU,"Slow Hands","Slow Hands","Niall Horan",2017-05-04,188174,55,false,quirky613,2026-06-26T00:10:21Z,"","Capitol Records (US1A)",0.735,0.423,0,-6.652,1,0.0459,0.011,0,0.0553,0.851,85.899,4
spotify:track:4OBZT9EnhYIV17t4pGw7ig,"Best Part (feat. H.E.R.)","H.E.R.","Daniel Caesar;H.E.R.",2017-10-20,209388,69,false,quirky613,2026-06-26T00:11:16Z,"future bass","MBK Entertainment/RCA Records",0.473,0.371,4,-10.219,0,0.0405,0.793,0,0.109,0.413,75.205,4
spotify:track:1MQCTOWVfy4PcuBXkBsHVB,"Just a Friend","Just a Friend - EP","Biz Markie",2009-06-11,238266,65,false,quirky613,2026-06-26T00:14:33Z,"","Rhino",0.862,0.663,0,-9.004,1,0.21,0.12,0,0.318,0.837,85.308,4
spotify:track:7zsXy7vlHdItvUSH8EwQss,"Cold Water","Cold Water","Major Lazer;Justin Bieber;MØ",2016-07-22,185360,75,false,quirky613,2026-06-26T00:14:33Z,"","Mad Decent PS (Bieber/Major Lazer)",0.608,0.798,6,-5.092,0,0.0432,0.0736,0,0.156,0.5,92.946,4
spotify:track:5wldXGLEOoRXxMWJ8rIUWE,"Lean On","Peace Is The Mission","Major Lazer;MØ;DJ Snake",2015-06-01,176561,2,false,quirky613,2026-06-26T00:14:33Z,"","Mad Decent",0.723,0.809,7,-3.081,0,0.0625,0.00346,0.00123,0.565,0.274,98.007,4
spotify:track:5ZEM9j0jrFr5RdHEbl2MYV,"Sex","Sex","Cheat Codes;Kris Kross Amsterdam",2016-03-07,228361,0,true,quirky613,2026-06-26T00:14:33Z,"hollands,old school hip hop,southern hip hop,gangster rap,g-funk,hardcore hip hop","disco:wax",0.51,0.692,0,-5.825,1,0.171,0.00451,0,0.138,0.209,102.42,4
spotify:track:1L0z2CQKrKJ2spYSMkfim9,"Bottom Bitch","Hot Pink","Doja Cat",2019-11-07,197930,60,true,quirky613,2026-06-26T00:15:39Z,"","Kemosabe Records/RCA Records",0.695,0.825,6,-2.891,1,0.0359,0.00265,0.000928,0.0723,0.484,160.028,4
spotify:track:7k51pIqTGEHHZOnpI11Qq2,"Won't Bite (feat. Smino)","Hot Pink","Doja Cat;Smino",2019-11-07,195207,66,true,quirky613,2026-06-26T00:15:39Z,"","Kemosabe Records/RCA Records",0.807,0.783,5,-3.115,1,0.0964,0.351,0,0.14,0.592,127.996,4
spotify:track:6HZILIRieu8S0iqY8kIKhj,"DNA.","DAMN.","Kendrick Lamar",2017-04-14,185946,81,true,quirky613,2026-06-26T00:15:39Z,"jazz funk,funk,soul jazz,acid jazz","Aftermath",0.638,0.523,1,-6.664,1,0.357,0.00454,0,0.0842,0.422,139.913,4
spotify:track:6XYbMGvtl6tlPoGWaiH7EY,"Baby Be Mine","Thriller","Michael Jackson",1982-11-30,260368,80,false,quirky613,2026-06-26T00:19:17Z,"","Epic",0.843,0.483,11,-10.288,0,0.095,0.0848,0.00000763,0.0741,0.665,109.588,4
spotify:track:7cflqPPi3zWfLFRRBTWeh6,"talk is overrated","idle","Jeremy Zucker;blackbear",2017-10-27,189800,57,true,quirky613,2026-06-26T00:19:36Z,"","Mercury Records/Republic Owned",0.776,0.355,4,-8.319,0,0.0685,0.436,0,0.301,0.663,138.036,4
spotify:track:0nbXyq5TXYPCO7pr3N8S4I,"The Box","Please Excuse Me for Being Antisocial","Roddy Ricch",2019-12-06,196652,86,true,quirky613,2026-06-26T00:19:49Z,"","Atlantic Records",0.896,0.586,10,-6.687,0,0.0559,0.104,0,0.79,0.642,116.971,4
spotify:track:3GXo1eWlT2flv4x01l5OTu,"Disco Inferno - Edit","Playlist: The Best Of The Trammps","The Trammps",2016-06-17,215626,62,false,quirky613,2026-06-26T00:19:53Z,"","Rhino Atlantic",0.761,0.614,10,-11.445,1,0.0354,0.0439,0.0596,0.0531,0.894,129.637,4
spotify:track:5qmq61DAAOUaW8AUo8xKhh,"Truth Hurts","Cuz I Love You (Deluxe)","Lizzo",2019-05-03,173325,59,true,quirky613,2026-06-26T00:20:33Z,"r&b","Nice Life/Atlantic",0.715,0.624,4,-3.046,0,0.114,0.11,0,0.123,0.412,158.087,4
spotify:track:3rmpb2RKPlbdbMjlc7SOlX,"Water Me","Cuz I Love You (Deluxe)","Lizzo",2019-05-03,185594,34,false,quirky613,2026-06-26T00:20:33Z,"r&b","Nice Life/Atlantic",0.67,0.966,3,-1.994,0,0.177,0.0292,0,0.185,0.77,113.046,4
spotify:track:3FQ26GroLnhQEja48FKYqT,"Green Light","Green Light","Lorde",2017-03-02,234661,0,false,quirky613,2026-06-26T00:20:33Z,"","Universal Music",0.597,0.733,9,-7.768,1,0.101,0.0151,0.0000209,0.081,0.256,128.918,4
spotify:track:4Zpe9VME8DiFjLdqSqPRoZ,"Close","Close","Nick Jonas;Tove Lo",2016-03-25,234240,0,false,quirky613,2026-06-26T00:20:33Z,"","Universal Music Group",0.625,0.615,6,-5.444,0,0.084,0.249,0,0.14,0.394,124.044,4
spotify:track:3Qi2o8uPKDByu6vFF1iq9d,"Influence","Influence","Tove Lo;Wiz Khalifa",2016-09-09,224507,0,true,quirky613,2026-06-26T00:20:33Z,"soft pop","Polydor",0.766,0.594,5,-9.636,0,0.0511,0.0964,0.000219,0.104,0.35,104.957,4
spotify:track:47zREtxQZ3cHHIZwUQnuuN,"Never Be Like You (feat. Kai)","Skin","Flume;kai",2016-05-27,233337,1,true,quirky613,2026-06-26T00:20:33Z,"east coast hip hop,old school hip hop,hardcore hip hop","Mom & Pop Music",0.564,0.552,0,-5.438,1,0.055,0.439,0,0.163,0.26,119.907,4
spotify:track:62mTZrJqO2EY8YQib2NRta,"Playing for Keeps","Playing for Keeps","Elle King",2012-05-01,217302,0,false,quirky613,2026-06-26T00:20:33Z,"","Fat Possum Records",0.508,0.889,9,-4.774,0,0.109,0.111,0,0.109,0.597,189.945,4
spotify:track:3kxfsdsCpFgN412fpnW85Y,"Redbone","""Awaken, My Love!""","Childish Gambino",2016-12-02,326933,2,true,quirky613,2026-06-26T00:21:35Z,"bedroom pop","Glassnote Entertainment Group LLC",0.745,0.356,1,-10.425,1,0.0941,0.172,0.00943,0.123,0.607,160.033,4
spotify:track:42CeaId2XNlxugDvyqHfDf,"Candy Paint","Candy Paint","Post Malone",2017-10-20,229573,0,true,quirky613,2026-06-26T00:21:35Z,"","Universal Music Group",0.765,0.688,4,-5.566,1,0.0841,0.633,0,0.0734,0.434,90.013,4
spotify:track:3Fld33fuWTUUmVx9BEkyDx,"Stole My Heart","Up All Night","One Direction",2012-05-25,204973,0,false,quirky613,2026-06-26T00:22:05Z,"","Syco Music UK",0.68,0.889,7,-4.335,1,0.039,0.0883,0,0.328,0.626,126.916,4
spotify:track:7brQHA2CgQpcMBiOlfiXYb,"Afraid","I Love You.","The Neighbourhood",2013-04-22,251186,80,true,quirky613,2026-06-26T00:22:40Z,"","Columbia",0.464,0.701,6,-5.693,0,0.0411,0.00892,0.309,0.335,0.356,83.996,4
spotify:track:1rgnBhdG2JDFTbYkYRZAku,"Dance Monkey","Dance Monkey","Tones And I",2019-05-10,209754,62,false,quirky613,2026-06-26T00:23:01Z,"","Sony Music Entertainment",0.826,0.593,6,-6.401,0,0.0976,0.688,0.000161,0.17,0.541,98.083,4
spotify:track:688sW2bGcq1Aiwm7Mf0pwY,"DONTTRUSTME","WANT","3OH!3",2009-01-16,192573,0,true,quirky613,2026-06-26T00:23:01Z,"","Atlantic Records UK",0.791,0.713,5,-3.742,0,0.254,0.0163,0,0.189,0.514,130.012,4
spotify:track:6AoYWCzsDls6c61Zp5qTuU,"$ave Dat Money (feat. Fetty Wap & Rich Homie Quan)","Professional Rapper","Lil Dicky;Fetty Wap;Rich Homie Quan",2015-07-31,290835,1,true,quirky613,2026-06-26T00:28:27Z,"rap,melodic rap,trap","CMSN",0.858,0.697,2,-5.361,1,0.23,0.114,0,0.224,0.364,98.012,4
spotify:track:0wdKiSBUT7aZkXUIdJWcwC,"2 Phones","Islah (Deluxe)","Kevin Gates",2016-01-29,240000,72,true,quirky613,2026-06-26T00:28:27Z,"southern hip hop","Bread Winners' Association/Atlantic",0.895,0.681,7,-5.267,0,0.358,0.157,0,0.189,0.554,121.918,4
spotify:track:3Z2sglqDj1rDRMF5x0Sz2R,"3005","Because The Internet","Childish Gambino",2013-01-01,234213,2,true,quirky613,2026-06-26T00:28:27Z,"bedroom pop","Glassnote Entertainment Group LLC",0.473,0.461,6,-6.474,0,0.333,0.149,0,0.0973,0.615,165.985,4
spotify:track:7uJH0YdSZL6psjxI6Xy08b,"Acquainted","Beauty Behind The Madness","The Weeknd",2015-08-28,348853,76,true,quirky613,2026-06-26T00:28:27Z,"","The Weeknd/Lyric",0.372,0.478,7,-9.835,0,0.0503,0.482,0,0.0844,0.254,101.102,4
spotify:track:4SBED4EYaEdY8mgLF9gcOm,"All Around The World","Best Day Ever (5th Anniversary Remastered Edition)","Mac Miller",2016-06-03,221232,0,true,quirky613,2026-06-26T00:28:27Z,"","Rostrum Records, LLC",0.459,0.925,1,-4.207,1,0.232,0.00652,0,0.0622,0.354,150.632,4
spotify:track:3ddNKnYpVx0uI8vcwbTQ5Y,"Sheesh!","Sheesh!","Surfaces;Tai Verdes",2021-08-20,148846,0,false,quirky613,2026-06-26T00:28:27Z,"r&b,quiet storm","Surfaces Music / 10K Projects",0.743,0.832,5,-3.937,1,0.0611,0.161,0,0.0925,0.801,149.951,4
spotify:track:1ts8KebAIm5xCiGInoWiqp,"Fine Apple","Fine Apple","Nic D",2021-05-28,153296,57,false,quirky613,2026-06-26T00:28:27Z,"disco,philly soul,northern soul","Republic Records",0.925,0.558,2,-5.362,1,0.0513,0.178,0,0.125,0.467,119.992,4
spotify:track:1fah1uAs7HeTYDlNftKr3K,"Put Your Records On","Put Your Records On","Ritt Momney",2020-04-24,210463,0,false,quirky613,2026-06-26T00:28:27Z,"moombahton","QuarterZip",0.399,0.492,6,-10.777,0,0.0538,0.058,0.00101,0.11,0.159,91.066,4
spotify:track:24mEcNnglAOmHEvzQmrZaY,"Loving","Surf","Surfaces",2017-12-03,253698,0,false,quirky613,2026-06-26T00:28:27Z,"r&b,quiet storm","Surfaces, LLC / TenThousand Projects, LLC",0.493,0.589,9,-6.478,1,0.178,0.544,0,0.277,0.21,161.884,4
spotify:track:6HN5XPJEV31RQJGoyqZ81K,"Take It Back","Everybody","Logic",2017-05-05,400013,46,true,quirky613,2026-06-26T00:30:05Z,"cloud rap,experimental hip hop","Def Jam Recordings",0.837,0.84,7,-4.293,1,0.239,0.0621,0,0.329,0.691,135.009,4
spotify:track:3GKL13lkM5nRc4zC1lIOrR,"Still Not a Player (feat. Joe) - Radio Version","Capital Punishment","Big Pun;Joe",1998-04-28,236800,75,false,quirky613,2026-06-26T00:30:05Z,"","LOUD Records",0.9,0.62,4,-6.518,0,0.312,0.2,0.00156,0.0647,0.867,94.121,4
spotify:track:6a8lMvYwJBwV4OtmdI1aDb,"Hey Ma","Come Home With Me","Cam'ron;Juelz Santana;Freekey Zeekey;Toya",2003-01-01,230080,0,true,quirky613,2026-06-26T00:30:05Z,"east coast hip hop,melodic rap","Roc-A-Fella",0.766,0.669,8,-5.57,1,0.363,0.0283,0.00000525,0.337,0.934,89.806,4
spotify:track:2lUirvUhqfBqJzUvk4tLoK,"It Was A Good Day","The Predator (World) [Explicit]","Ice Cube",1992-11-17,259946,0,true,quirky613,2026-06-26T00:30:05Z,"west coast hip hop,g-funk","Priority Records",0.792,0.82,7,-3.58,0,0.116,0.279,0.000403,0.25,0.793,82.363,4
spotify:track:4YH7AZpdCXEAGOsSAZYPOq,"My Mind Playin Tricks on Me","Uncut Dope","Geto Boys",1992-11-17,311786,0,true,quirky613,2026-06-26T00:30:05Z,"","Rap-A-Lot Records",0.888,0.625,10,-8.292,0,0.208,0.204,0,0.0823,0.421,94.007,4
spotify:track:5ByAIlEEnxYdvpnezg7HTX,"Juicy - 2005 Remaster","Ready to Die (The Remaster)","The Notorious B.I.G.",1994-09-13,302760,78,true,quirky613,2026-06-26T00:30:05Z,"","Bad Boy Records",0.889,0.818,9,-4.639,1,0.253,0.47,0,0.179,0.782,96.063,4
spotify:track:2g8HN35AnVGIk7B8yMucww,"Big Poppa - 2005 Remaster","Ready to Die (The Remaster)","The Notorious B.I.G.",1994-09-13,252746,84,true,quirky613,2026-06-26T00:30:05Z,"","Bad Boy Records",0.78,0.575,9,-7.247,0,0.273,0.43,0,0.143,0.773,84.492,4
spotify:track:2xTft6GEZeTyWNpdX94rkf,"All Eyez On Me","All Eyez On Me","2Pac",1996-02-13,307773,5,true,quirky613,2026-06-26T00:30:05Z,"","Death Row Records",0.873,0.719,1,-5.948,1,0.248,0.03,0,0.333,0.858,93.281,4
spotify:track:2v4ZPYp9rhFdAcAuS6sMAy,"Coleen","Great Vengeance and Furious Fire","The Heavy;The Dap-Kings Horns",2007-01-01,179847,0,false,quirky613,2026-06-26T00:30:05Z,"","Counter Records / +1 Records",0.687,0.69,5,-4.96,0,0.0527,0.13,0,0.122,0.786,83.019,4
spotify:track:0oXuKhuNkXiZtuoxrdt3Ca,"Hot In Herre","Nellyville (Explicit Version)","Nelly",2002-06-25,228226,1,true,quirky613,2026-06-26T00:30:05Z,"r&b","Universal Music Group",0.955,0.728,9,-4.862,0,0.122,0.219,0,0.0612,0.922,107.082,4
spotify:track:0ARK753YaiJbpLUk7z5yIM,"Dilemma","Nellyville","Nelly;Kelly Rowland",2002-06-25,289160,84,true,quirky613,2026-06-26T00:30:05Z,"r&b","Motown",0.727,0.552,2,-8.074,0,0.14,0.226,0.00016,0.198,0.607,168.19,4
spotify:track:6splO3UF8hSmK33y5fJTNk,"Lay It All on Me (feat. Ed Sheeran)","We the Generation","Rudimental;Ed Sheeran",2015-09-18,242440,64,false,quirky613,2026-06-26T00:30:05Z,"old school hip hop,gangster rap,east coast hip hop,hip hop","Asylum/Major Tom's",0.669,0.747,6,-7.108,1,0.0428,0.141,0,0.185,0.483,122.531,4
spotify:track:0lYBSQXN6rCTvUZvg9S0lU,"Let Me Love You","Encore","DJ Snake;Justin Bieber",2016-08-05,205946,92,false,quirky613,2026-06-26T00:30:05Z,"","DJ Snake Def Jam",0.475,0.715,8,-5.371,1,0.058,0.0863,0.0000267,0.135,0.159,199.892,4
spotify:track:0SNIAtRCPVVLoGEPcuHSIc,"I'll Show You","Purpose (Deluxe)","Justin Bieber",2015-11-13,199946,68,false,quirky613,2026-06-26T00:30:05Z,"","RBMG/Def Jam",0.401,0.608,9,-6.757,0,0.0578,0.0505,0.0000796,0.183,0.0761,133.595,3
spotify:track:7IqYmGrvToIyLEkrsirThj,"Beauty And A Beat","Believe Acoustic","Justin Bieber",2013-01-01,144693,38,false,quirky613,2026-06-26T00:30:05Z,"","RBMG/Def Jam",0.689,0.302,10,-8.441,1,0.0326,0.734,0,0.13,0.699,127.634,4
spotify:track:63TVmH2fC4DpbnH5o3p8qi,"Ghost","Forever","Mystery Skulls",2014-10-27,259079,55,true,quirky613,2026-06-26T00:31:31Z,"","Warner Records",0.667,0.611,6,-4.798,0,0.0335,0.0328,0.0353,0.0963,0.269,119.97,4
spotify:track:6ZSO7kPn8IMJFymyticbJO,"Gold","low kii savage","Kiiara",2016-03-22,225882,68,false,quirky613,2026-06-26T00:31:31Z,"","Atlantic Records",0.6,0.412,8,-9.343,1,0.344,0.615,0.0025,0.134,0.408,113.049,5
spotify:track:2a5Ml671R56tzRB0WMaCfC,"Someone That Loves You","Warm on a Cold Night (Deluxe)","HONNE;Izzy Bizu",2016-01-22,244958,47,false,quirky613,2026-06-26T13:18:54Z,"","Atlantic Records UK",0.531,0.728,6,-4.985,0,0.063,0.0416,0.00000719,0.135,0.418,104.978,4
spotify:track:2eNSieyqDoZMa3yOSagR4q,"Step To My Girl","Hiero Oldies: Volume One","Souls Of Mischief",2003-12-13,248800,57,false,quirky613,2026-06-26T18:13:49Z,"jazz rap,old school hip hop","Hieroglyphics Imperium",0.69,0.672,10,-9.38,0,0.382,0.0395,0.00000171,0.802,0.736,96.332,4
spotify:track:1HeAm7PJPUhunseNElZvBj,"Work That","Good News","Megan Thee Stallion",2020-11-20,134723,44,true,quirky613,2026-06-26T20:37:45Z,"lo-fi beats","300 Entertainment",0.756,0.711,1,-4.051,1,0.242,0.00376,0,0.284,0.447,184.93,4
spotify:track:45sDIKapDyxPl307QpEAwl,"Rocketeer","Free Wired","Far East Movement;Ryan Tedder;Ruff Loaderz",2010-01-01,211253,75,false,quirky613,2026-06-26T20:38:46Z,"rap","Interscope",0.664,0.845,4,-6.115,0,0.0462,0.181,0,0.267,0.357,96.005,4
spotify:track:1c5KZhtOAOH7eFOlBekNhS,"I Like It","All This Love","DeBarge",1982-04-28,279400,69,false,quirky613,2026-06-26T20:38:50Z,"","UNI/MOTOWN",0.675,0.732,9,-4.5,1,0.0443,0.452,0.0000184,0.201,0.83,175.01,4
spotify:track:748mdHapucXQri7IAO8yFK,"Kiss Me More (feat. SZA)","Kiss Me More (feat. SZA)","Doja Cat;SZA",2021-04-09,208866,8,true,quirky613,2026-06-26T20:39:53Z,"","Kemosabe Records/RCA Records",0.762,0.701,8,-3.541,1,0.0286,0.235,0.000158,0.123,0.742,110.968,4
spotify:track:5txZAE3yuzpwfwuIa1AwJc,"How To Love","How To Love","Lil Wayne",2011-01-01,244386,0,false,quirky613,2026-06-26T20:39:53Z,"","CM/Republic",0.673,0.637,11,-6.658,1,0.0513,0.000188,0.000051,0.0698,0.273,153.972,4
spotify:track:6llAqB4o2GS2Sx0rKvDIK0,"Shutterbugg","Sir Lucious Left Foot...The Son Of Chico Dusty","Big Boi;Cutty",2010-01-01,215240,0,true,quirky613,2026-06-26T20:40:33Z,"","Def Jam Special Markets Premium",0.611,0.902,2,-5.213,1,0.353,0.293,0,0.125,0.519,98.252,4
spotify:track:1nEEXq32QujXMphLIcWVWL,"Goodlife","VIVID","The Cool Quest",2018-03-23,190528,27,true,quirky613,2026-06-26T20:40:33Z,"","The Cool Quest",0.739,0.836,1,-5.945,1,0.108,0.113,0.00000267,0.148,0.81,112.059,4
spotify:track:6aXgxeYA03veaPyHHZQaj3,"Until We Meet Again","Until We Meet Again","Nick Jonas",2020-05-20,197540,39,false,quirky613,2026-06-26T20:41:02Z,"","Island Records",0.422,0.518,8,-5.862,1,0.0646,0.339,0,0.101,0.29,77.378,4
spotify:track:5WoaF1B5XIEnWfmb5NZikf,"Sky Walker (feat. Travis Scott)","War & Leisure","Miguel;Travis Scott",2017-12-01,259334,82,true,quirky613,2026-06-26T20:41:35Z,"","ByStorm Entertainment/RCA Records",0.674,0.506,6,-10.532,1,0.0434,0.173,0,0.0866,0.183,145.965,4
spotify:track:6M0IsaUX4GNyto4niSegfI,"No Option","Stoney (Deluxe)","Post Malone",2016-12-09,179826,65,true,quirky613,2026-06-26T20:44:04Z,"","Mercury Records/Republic Owned",0.575,0.734,2,-4.949,1,0.057,0.0757,0,0.241,0.494,83.983,4
spotify:track:3hFG4jR5stnIQJDI64KlJY,"A Thousand Bad Times","Hollywood's Bleeding","Post Malone",2019-09-06,221173,0,true,quirky613,2026-06-26T20:44:04Z,"","Republic Records",0.632,0.732,6,-3.498,1,0.092,0.105,0.0000115,0.111,0.317,159,4
spotify:track:1D2L6MefbXon28PzIk9I3r,"92 Explorer","beerbongs & bentleys","Post Malone",2018-04-27,211426,68,true,quirky613,2026-06-26T20:44:04Z,"","Republic Records",0.798,0.733,7,-4.811,0,0.0475,0.265,0.00000126,0.114,0.862,146.047,4
spotify:track:0hGH0S74Eoyv6mXZcOKtdQ,"On The Road (feat. Meek Mill & Lil Baby)","Hollywood's Bleeding","Post Malone;Meek Mill;Lil Baby",2019-09-06,218320,0,true,quirky613,2026-06-26T20:44:04Z,"pop","Republic Records",0.442,0.737,7,-5.046,1,0.109,0.0589,0,0.102,0.21,112.93,5
spotify:track:6cIYFBwTv4JGpX7wOk5VIu,"Goodbyes (feat. Young Thug)","Hollywood's Bleeding","Post Malone;Young Thug",2019-09-06,174840,53,false,quirky613,2026-06-26T20:46:05Z,"","Republic Records",0.593,0.653,5,-3.772,1,0.0731,0.411,0,0.105,0.175,150.029,4
spotify:track:7ytR5pFWmSjzHJIeQkgog4,"ROCKSTAR (feat. Roddy Ricch)","BLAME IT ON BABY","DaBaby;Roddy Ricch",2020-04-17,181733,78,true,quirky613,2026-06-26T20:46:05Z,"","South Coast Music Group/Interscope Records",0.746,0.69,11,-7.956,1,0.164,0.247,0,0.101,0.497,89.977,4
spotify:track:3TpXajg1nKzG3ngc9tBwrD,"Easily","Easily","Bruno Major",2016-11-25,210240,0,false,quirky613,2026-06-26T20:49:15Z,"rap","Bruno Major",0.772,0.256,7,-8.545,0,0.0481,0.491,0.00612,0.144,0.357,118.902,3
spotify:track:3ygql6KR9wduUOiOMo1xCC,"Cut My Hair","How Are You","Mounika.;Cavetown",2017-06-24,127137,0,false,quirky613,2026-06-26T20:49:54Z,"neo-psychedelic,indie,r&b","DLoaw & Co.",0.824,0.296,10,-13.56,1,0.138,0.316,0.0115,0.0742,0.287,75.008,4
spotify:track:4ZLzoOkj0MPWrTLvooIuaa,"Get You The Moon (feat. Snøw)","Get You The Moon (feat. Snøw)","Kina;Snøw",2018-10-08,179080,76,false,quirky613,2026-06-26T20:49:54Z,"","Columbia",0.498,0.235,1,-16.541,0,0.188,0.72,0,0.144,0.0895,118.917,4
spotify:track:4MVk79dmYqi7HQs0bMgboy,"Ghost Duet","Ghost Duet","Louie Zong",2017-10-31,60004,54,false,quirky613,2026-06-26T20:49:54Z,"quiet storm","Fuji Apple Records",0.707,0.234,7,-16.523,1,0.0864,0.96,0.861,0.124,0.611,78.036,3
spotify:track:5GH3j9J7cFglHWFpqmWIXe,"Good Together","Warm on a Cold Night (Deluxe)","HONNE",2016-01-22,228521,39,false,quirky613,2026-06-26T20:50:16Z,"","Atlantic Records UK",0.683,0.658,5,-5.46,0,0.0293,0.0874,0.000487,0.133,0.507,96.99,4
spotify:track:02MWAaffLxlfxAUY7c5dvx,"Heat Waves","Dreamland (+ Bonus Levels)","Glass Animals",2020-08-06,238805,12,false,quirky613,2026-06-26T20:50:16Z,"","Polydor Records",0.761,0.525,11,-6.9,1,0.0944,0.44,0.0000067,0.0921,0.531,80.87,4
spotify:track:4MatjVmXUxuBf7WeInnRBG,"Cheap Sunglasses","Strangers","RAC;Matthew Koma",2014-01-01,215133,43,false,quirky613,2026-06-26T20:50:16Z,"old school hip hop,east coast hip hop","Cherrytree Records/Kierszenbaum",0.533,0.676,2,-6.788,1,0.0395,0.152,0.000765,0.0903,0.404,114.993,4
spotify:track:0DAsxISzun85PbsqAfIzeC,"Intro","xx","The xx",2009-08-18,127920,4,false,quirky613,2026-06-26T20:50:16Z,"","XL",0.617,0.778,9,-8.871,0,0.027,0.459,0.925,0.128,0.152,100.363,4
spotify:track:1nmCmB3qdXrzxFhvLJuhuB,"Crystalised","xx","The xx",2009-08-18,201946,0,false,quirky613,2026-06-26T20:50:16Z,"","XL",0.763,0.484,11,-12.368,0,0.0311,0.812,0.393,0.0841,0.416,122.913,4
spotify:track:7pBrj5rt4SSxXwFKOyZfHR,"Dissolve","Thousand Peaces","Absofacto;NITESHIFT",2017-11-03,224660,62,false,quirky613,2026-06-26T20:50:16Z,"bedroom pop,funk","2017 Absofacto",0.688,0.582,6,-10.668,0,0.0542,0.23,0.000157,0.0663,0.872,85.486,4
spotify:track:0LtOwyZoSNZKJWHqjzADpW,"Feels Like We Only Go Backwards","Lonerism","Tame Impala",2012-01-01,192960,80,false,quirky613,2026-06-26T20:50:16Z,"","Modular",0.303,0.9,2,-2.352,0,0.0574,0.0277,0.635,0.11,0.491,149.508,4
spotify:track:1SJkTuUNKe4rYQgX8wmqku,"i love being with you","Gentle Boy","Elijah Who",2017-09-29,96405,0,false,quirky613,2026-06-26T20:50:16Z,"","VinDig",0.633,0.399,7,-10.568,1,0.0489,0.949,0.571,0.104,0.466,78.893,4
spotify:track:1175r6ZmkUjX8dRJLz9Ohk,"I Love You So","Songs for Dads","The Walters",2014-11-28,160253,2,false,quirky613,2026-06-26T20:50:16Z,"","The Walters",0.578,0.669,10,-4.898,1,0.0377,0.65,0,0.13,0.503,75.995,4
spotify:track:696DnlkuDOXcMAnKlTgXXK,"ROXANNE","ROXANNE","Arizona Zervas",2019-10-10,163636,80,true,quirky613,2026-06-26T20:50:33Z,"","Arizona Zervas",0.621,0.601,6,-5.616,0,0.148,0.0522,0,0.46,0.457,116.735,5
spotify:track:36YLqJHsNHHODwX5gDPEBb,"Settle Down","The 1975","The 1975",2013-01-01,239853,54,false,quirky613,2026-06-26T20:50:43Z,"southern hip hop","Polydor Records",0.586,0.954,2,-5.293,1,0.0492,0.00298,0.000136,0.723,0.842,107.087,4
spotify:track:4XVaKcjTMKPY1z5x9fCBbp,"She Way Out","The 1975","The 1975",2013-01-01,239226,37,false,quirky613,2026-06-26T20:50:43Z,"southern hip hop","Polydor Records",0.621,0.857,0,-4.749,1,0.0362,0.004,0,0.0978,0.242,116.97,4
spotify:track:4rrhiHV9nrpKBZNk21EQz2,"Dark Doo Wop","Secondhand Rapture","MS MR",2013-05-03,171386,23,false,quirky613,2026-06-26T20:50:43Z,"","Columbia",0.533,0.448,3,-7.003,0,0.0249,0.371,0.0000137,0.37,0.273,99.957,4
spotify:track:5ycugTzThpIFF83D0i3oJg,"Don't Go","For Evelyn","Hannah Georgas",2016-04-22,236240,0,false,quirky613,2026-06-26T20:50:43Z,"","Dine Alone Music",0.59,0.384,11,-10.143,0,0.0284,0.00994,0.0216,0.113,0.0791,127.91,4
spotify:track:6Ijb2xCO37OOFQra6gzYGl,"Landed On Mars","Lullaby EP","Atlas Bound",2016-05-13,224570,42,false,quirky613,2026-06-26T20:50:43Z,"","Next Wave Records",0.492,0.315,0,-13.256,1,0.0526,0.873,0.414,0.0984,0.376,99.504,4
spotify:track:1WIfWj5skn5UUZTs4cEFBe,"Location","Location","Khalid",2017-10-31,217566,54,false,quirky613,2026-06-26T20:50:43Z,"","Right Hand Music Group, LLC/RCA Records",0.799,0.436,1,-9.975,0,0.379,0.283,0.000105,0.0968,0.311,80.028,4
spotify:track:7ax0KTiQf6EWa59S3iQwHI,"New Americana","BADLANDS (Deluxe)","Halsey",2015-08-28,183808,0,false,quirky613,2026-06-26T20:50:43Z,"","Universal Music Group",0.444,0.711,0,-5.106,0,0.0327,0.0119,0,0.34,0.371,86.976,4
spotify:track:03j354P848KtNU2FVSwkDG,"Real Life","Beauty Behind The Madness","The Weeknd",2015-08-28,223373,61,true,quirky613,2026-06-26T20:50:43Z,"","The Weeknd/Lyric",0.581,0.652,11,-5.039,0,0.0496,0.439,0,0.351,0.358,90.634,4
spotify:track:07VBqWH6NG8L2ad3l84UKk,"R.I.P. 2 My Youth","Wiped Out!","The Neighbourhood",2015-10-30,205276,69,false,quirky613,2026-06-26T20:50:43Z,"","Columbia",0.353,0.686,7,-5.704,0,0.0534,0.00216,0,0.123,0.177,94.47,4
spotify:track:1otG6j1WHNvl9WgXLWkHTo,"After The Storm (feat. Tyler, The Creator & Bootsy Collins)","Isolation","Kali Uchis;Tyler, The Creator;Bootsy Collins",2018-04-06,207454,82,false,quirky613,2026-06-26T20:51:05Z,"","EMI",0.702,0.659,4,-6.766,0,0.13,0.301,0.00201,0.218,0.843,79.64,4
spotify:track:6I6kHF6n4GeqlatNPCalCN,"At the Cookout","At the Cookout","Akintoye",2020-10-09,144818,29,true,quirky613,2026-06-26T20:51:05Z,"","Akintoye",0.788,0.672,2,-7.704,1,0.147,0.0545,0.182,0.224,0.483,110.082,4
spotify:track:6y0Etr2KJr0sdcEp7ajoUK,"Cosmic Girl - Remastered 2013","Travelling Without Moving (Remastered)","Jamiroquai",1996-09-09,244146,76,false,quirky613,2026-06-26T20:51:05Z,"","Sony Music CG",0.633,0.921,11,-7.719,0,0.0495,0.0261,0.00102,0.309,0.925,119.865,4
spotify:track:4cacyP5c3PMlfnyjpg13xW,"Betty (Get Money)","Betty (Get Money)","Yung Gravy",2022-06-10,146470,65,false,quirky613,2026-06-26T20:51:05Z,"","Republic Records",0.723,0.772,1,-6.784,1,0.0792,0.00524,0.0000115,0.367,0.58,102.004,4
spotify:track:5wOlrILWF42yYT5iqeUeEl,"Dance Like This (feat. Claudette Ortiz)","Dirty Dancing: Havana Nights","Wyclef Jean;Claudette Ortiz",1990-01-01,249093,45,false,quirky613,2026-06-26T20:51:26Z,"","J Records",0.709,0.802,10,-5.434,0,0.0793,0.0379,0,0.0625,0.673,99.961,4
spotify:track:5zpDHEU12zATwLGvozxPw2,"Lighters","Hell: The Sequel (Deluxe)","Bad Meets Evil;Bruno Mars",2011-01-01,303813,74,true,quirky613,2026-06-26T20:51:59Z,"acid jazz","Shady Records",0.676,0.695,0,-8.327,1,0.245,0.352,0,0.119,0.144,90.268,4
spotify:track:3yiopxxeHuwcpAg4e57Zjt,"Right There","Yours Truly","Ariana Grande;Big Sean",2013-01-01,247080,56,false,quirky613,2026-06-26T20:51:59Z,"hyperpop,art pop","Universal Records",0.621,0.834,7,-3.166,1,0.105,0.127,0,0.0854,0.561,156.095,4
spotify:track:4ZPdLEztrlZqbJkgHNw54L,"Good Life","Graduation","Kanye West;T-Pain",2007-09-11,207000,81,true,quirky613,2026-06-26T20:51:59Z,"southern hip hop,old school hip hop,g-funk,gangster rap,west coast hip hop,hip hop,rap","Roc-A-Fella",0.439,0.808,1,-6.881,1,0.346,0.00305,0,0.439,0.486,82.962,4
spotify:track:1SyQ6t9RdRBK0QUCS6a797,"Hip Hop Hooray","19NaughtyIII","Naughty By Nature",1993-02-23,267266,73,false,quirky613,2026-06-26T20:51:59Z,"","Tommy Boy Music, LLC",0.862,0.642,6,-13.652,0,0.101,0.102,0,0.272,0.765,99.2,4
spotify:track:3fV2ZnSsxgvXUHshkGCBdR,"Solo","Solo","Iyaz",2010-02-08,194266,50,false,quirky613,2026-06-26T20:53:04Z,"","Time Is Money/Beluga Heights/Reprise",0.73,0.728,11,-3.113,1,0.0291,0.197,0,0.197,0.68,130.061,4
spotify:track:06sZ51gSjEQXBa0UXAp8F5,"Good Friday","Good Friday","Kota the Friend",2022-04-15,221624,30,true,quirky613,2026-06-26T20:53:04Z,"","Fltbys LLC, Distributed by Venice Music",0.827,0.692,8,-6.993,1,0.199,0.565,0,0.102,0.147,99.984,4
spotify:track:7wZUrN8oemZfsEd1CGkbXE,"Bleeding Love","Spirit","Leona Lewis",2007,262466,82,false,quirky613,2026-06-26T20:54:20Z,"lo-fi,lo-fi beats,lo-fi hip hop","Syco Music UK",0.638,0.656,5,-5.886,1,0.0357,0.188,0,0.146,0.225,104.036,4
spotify:track:3VSnfhbaNKZzvmNQilWcZ6,"Space Hos","THE MOUSE & THE MASK","DANGERDOOM;MF DOOM;Danger Mouse",2005-10-17,209480,3,false,quirky613,2026-06-26T20:54:33Z,"indie soul","Lex Records",0.733,0.82,1,-7.288,1,0.24,0.239,0,0.335,0.625,97.733,4
spotify:track:6hhRhOIkpUIu1CFNNJfsnt,"Oreo","Oreo","Shotgun Willy;Yung Craka",2020-08-21,128932,59,true,quirky613,2026-06-26T20:54:33Z,"indie","GFR",0.791,0.778,11,-5.557,1,0.0406,0.745,0.00000235,0.303,0.88,136.982,4
spotify:track:3awnZSyvKdi7rBLttHk36K,"IDWK","IDWK","347aidan;Kenny Beats",2021-01-25,123428,52,false,quirky613,2026-06-26T20:54:33Z,"","Columbia",0.852,0.307,9,-10.275,1,0.298,0.403,0,0.236,0.727,140.08,4
spotify:track:5pjWzUc1tVcewUTdDJd6Ce,"San Francisco Street","Pocket Music","Sun Rai",2013-06-11,266704,59,false,quirky613,2026-06-26T20:54:49Z,"","Sun Rai",0.877,0.542,2,-9.102,1,0.0419,0.224,0.132,0.0858,0.509,111.474,4
spotify:track:6Im9k8u9iIzKMrmV7BWtlF,"34+35","Positions","Ariana Grande",2020-10-30,173710,80,true,quirky613,2026-06-26T20:54:58Z,"","Republic Records",0.83,0.585,0,-6.476,1,0.094,0.237,0,0.248,0.485,109.978,4
spotify:track:7fOa2YngldFhZpkPpQVwpb,"Six Feet Deep","Til Death Do Us Part","Geto Boys",1993-03-09,324333,0,true,quirky613,2026-06-26T20:54:58Z,"","Rap-A-Lot Records",0.811,0.502,10,-12.377,0,0.239,0.0778,0.00952,0.374,0.759,137.81,4
spotify:track:3px156RqKPoqmxq44b3pSD,"I Wanna Sex You Up","I Wanna Sex You Up","Color Me Badd",2018-05-12,240200,53,false,quirky613,2026-06-26T20:56:21Z,"alternative r&b","Warner Music Group - X5 Music Group",0.553,0.702,2,-4.829,1,0.108,0.00532,0.00000499,0.0446,0.453,201.868,4
spotify:track:4sIKi6ErTw1cHeAACBLSeb,"Oh You Fancy Huh","F!Ck the Critics","Kai Bandz",2021-03-05,177397,0,true,quirky613,2026-06-26T20:56:21Z,"","Kai Bandz",0.647,0.412,6,-15.503,0,0.508,0.498,0,0.121,0.475,119.929,4
spotify:track:0BLPuaA32HDg6AJTUT4WMl,"Shark In The Water","Travelling Like The Light","V V Brown",2009,184293,51,false,quirky613,2026-06-26T20:56:21Z,"","Capitol Records",0.554,0.805,4,-3.128,1,0.0597,0.0279,0,0.359,0.697,98.981,4
spotify:track:6FnXRfvhQsTbiMaiXb2gff,"Love Quotes","Love Quotes","Jenevieve",2022-08-12,195401,60,false,quirky613,2026-06-26T20:56:21Z,"city pop","Joyface Records/Interscope Records",0.679,0.672,6,-5.733,0,0.053,0.585,0.000549,0.0985,0.513,75.062,4
spotify:track:4vHNeBWDQpVCmGbaccrRzi,"Goodie Bag","Goodie Bag","Still Woozy",2017-11-05,146390,73,true,quirky613,2026-06-26T20:56:53Z,"","Still Woozy Productions Inc., under exclusive license to Interscope Records",0.739,0.522,7,-12.304,0,0.151,0.821,0.00124,0.233,0.619,138.263,4
spotify:track:3hxIUxnT27p5WcmjGUXNwx,"Shut up My Moms Calling","Shut up My Moms Calling","Hotel Ugly",2020-02-10,164571,90,false,quirky613,2026-06-26T20:57:09Z,"","Hotel Ugly, under exclusive license to Amuseio AB",0.485,0.409,9,-10.711,0,0.101,0.325,0,0.103,0.376,138.419,4
spotify:track:6ndmKwWqMozN2tcZqzCX4K,"Remember the Name (feat. Styles of Beyond)","The Rising Tied","Fort Minor;Styles Of Beyond",2005-11-21,230493,71,true,quirky613,2026-06-26T20:57:27Z,"","Machine Shop/Warner Records",0.688,0.835,8,-4.162,1,0.0911,0.0583,0.00000287,0.0795,0.88,84.858,4
spotify:track:3f9Mzvd3URfbbIJBX4pz9Z,"Phone Numbers","Phone Numbers","Dominic Fike;Kenny Beats",2019-07-04,146826,76,true,quirky613,2026-06-26T20:58:01Z,"","Columbia",0.884,0.539,1,-6.389,0,0.208,0.239,0,0.0805,0.776,85.008,4
spotify:track:3NRql0A1Ef4RCvT473iqgD,"Hell N Back","Hell N Back","Bakar",2019-08-15,213573,75,true,quirky613,2026-06-26T20:58:07Z,"","Black Butter",0.633,0.684,10,-4.314,0,0.591,0.314,0.0000895,0.112,0.725,209.688,4
spotify:track:0mSMy8pVeo1UQ2trCK9nTs,"m.i.a.","m.i.a.","MICO",2023-02-28,152000,50,true,quirky613,2026-06-26T20:58:39Z,"","Wasted Years Ltd.",0.639,0.691,1,-5.633,1,0.0403,0.0351,0,0.191,0.718,89.997,4
spotify:track:6EbIz9W5NirugVL9muoqBQ,"Running Away (Time)","Running Away (Time)","VANO 3000;BADBADNOTGOOD;Samuel T. Herring",2021-11-22,92266,57,false,quirky613,2026-06-26T20:58:39Z,"","Innovative Leisure",0.598,0.679,7,-11.667,1,0.0383,0.645,0.737,0.115,0.905,94.073,4
spotify:track:0f8eRy9A0n6zXpKSHSCAEp,"Infrunami","The Lo-Fis","Steve Lacy",2020-12-04,178328,84,false,quirky613,2026-06-26T20:58:39Z,"french house,disco house","L-M Records",0.826,0.299,9,-7.721,1,0.0446,0.31,0.0952,0.0758,0.215,97.012,4
spotify:track:6xagjcywpcyNFghafZPQJv,"Banana Clip","War & Leisure","Miguel",2017-12-01,201616,60,false,quirky613,2026-06-26T20:58:39Z,"","ByStorm Entertainment/RCA Records",0.638,0.708,1,-5.342,0,0.0754,0.0973,0,0.177,0.606,84.978,4
spotify:track:0JhyMqi5ihsk5neC8DMbbz,"waves (feat. Kacey Musgraves) - Remix","Rogue Waves","Miguel;Kacey Musgraves",2016-02-26,246293,51,false,quirky613,2026-06-26T20:58:39Z,"","ByStorm Entertainment/RCA Records",0.79,0.599,10,-7.574,0,0.0301,0.477,0.00000426,0.344,0.464,105.997,4
spotify:track:3GZD6HmiNUhxXYf8Gch723,"Lost","channel ORANGE","Frank Ocean",2012-07-10,234093,86,true,quirky613,2026-06-26T20:59:05Z,"","Red Zone Entertainment / IDJ",0.913,0.603,8,-4.892,1,0.226,0.0272,0.000503,0.167,0.497,123.061,4
spotify:track:2rf9i0Enr8cw1JRME8Rsvq,"Cardboard Box","Cardboard Box","FLO",2022-03-24,161366,60,true,quirky613,2026-06-26T21:00:23Z,"norwegian pop,art pop","Universal-Island Records Ltd.",0.579,0.714,1,-4.308,1,0.0584,0.04,0,0.341,0.696,80.419,4
spotify:track:6QPsWusy5itp7ip1hW7QNa,"sheluvme","HDTV","Tai Verdes",2022-09-16,150840,55,true,quirky613,2026-06-26T21:01:03Z,"","Arista Records",0.756,0.677,8,-5.231,1,0.176,0.501,0.0000187,0.231,0.723,82.987,4
spotify:track:2I7CJZLo2nDqGuzZJA1XlZ,"Pick Up Your Feelings","Heaux Tales","Jazmine Sullivan",2021-01-07,229412,61,false,quirky613,2026-06-26T21:01:22Z,"jazz rap,indie soul","RCA Records Label",0.758,0.413,2,-6.239,0,0.0464,0.321,0,0.117,0.599,85.46,3
spotify:track:3JXF3LsUjyDIHjuwhXxdjo,"Sweetest Pie","Traumazine","Megan Thee Stallion;Dua Lipa",2022-08-12,201334,68,true,quirky613,2026-06-26T21:01:22Z,"lo-fi beats","300 Entertainment",0.814,0.626,7,-7.187,1,0.214,0.173,0,0.101,0.686,123.972,4
spotify:track:6U2sXLGhxJVmKskGUvJzI3,"fantasize","fantasize","ericdoa",2021-05-28,150612,55,false,quirky613,2026-06-26T21:01:32Z,"bedroom pop","Ericdoa PS",0.713,0.535,6,-7.073,0,0.0308,0.00591,0.000054,0.115,0.551,102.602,4
spotify:track:3B54sVLJ402zGa6Xm4YGNe,"Unforgettable","Jungle Rules","French Montana;Swae Lee",2017-07-14,233901,90,true,quirky613,2026-06-26T21:01:41Z,"new jack swing","Bad Boy Entertainment/Epic Records",0.726,0.769,6,-5.043,1,0.123,0.0293,0.0101,0.104,0.733,97.985,4
spotify:track:1zKOagmkCtXuGmCivG8HZE,"Icee Pop","Icee Pop","Nic D",2021-09-03,147555,54,false,quirky613,2026-06-26T21:01:48Z,"disco,philly soul,northern soul","FRDi Entertainment",0.914,0.572,0,-6.606,1,0.0359,0.12,0,0.0709,0.864,134.989,4
spotify:track:37y7iDayfwm3WXn5BiAoRk,"Dark Red","Dark Red","Steve Lacy",2017-02-20,173104,4,false,quirky613,2026-06-26T21:01:48Z,"french house,disco house","Three Quarter",0.603,0.783,6,-4.023,1,0.062,0.449,0.00000796,0.119,0.775,172.041,4
spotify:track:0pjjN8tv0AogxHRPeVvc1V,"SPF10","350°R","Requiem Inc.",2018-06-08,255059,34,true,quirky613,2026-06-26T21:02:08Z,"hyperpop,glitch","Red Chamber Records",0.713,0.648,3,-9.423,1,0.17,0.672,0,0.132,0.964,78.545,4
spotify:track:1IbwVEskI2zH0dM4pnmWfU,"Girls","Girls","Justus Bennetts",2022-06-10,140921,39,true,quirky613,2026-06-26T21:02:08Z,"pop","Sounds Good/Capitol Records",0.708,0.689,8,-4.511,1,0.161,0.0215,0,0.266,0.908,165.064,4
spotify:track:1gH1h30wkQdd9zhY3j7a8T,"THE SHADE","WHO CARES?","Rex Orange County",2022-03-11,181506,76,false,quirky613,2026-06-26T21:02:08Z,"rap rock","Rex Orange County",0.898,0.509,5,-7.973,1,0.062,0.391,0,0.0876,0.727,119.869,4
spotify:track:2hXd0dhfmTpatwxOXMq0ID,"Ego","Ego","grentperez",2022-08-08,135593,0,false,quirky613,2026-06-26T21:02:08Z,"r&b","Fast Friends",0.691,0.836,11,-5.406,0,0.0725,0.0341,0.00000174,0.0576,0.84,88.482,4
spotify:track:7yNf9YjeO5JXUE3JEBgnYc,"Babydoll","Don't Forget About Me, Demos","Dominic Fike",2018-10-16,97960,99,false,quirky613,2026-06-26T21:02:08Z,"","Columbia",0.762,0.604,7,-5.296,0,0.11,0.114,0,0.0271,0.847,168.007,4
spotify:track:4C6Uex2ILwJi9sZXRdmqXp,"Super Freaky Girl","Super Freaky Girl","Nicki Minaj",2022-08-12,170977,69,true,quirky613,2026-06-26T21:02:32Z,"old school hip hop,gangster rap,west coast hip hop,hip hop,rap,g-funk","Republic Records",0.95,0.891,2,-2.653,1,0.241,0.0645,0.0000177,0.309,0.912,133.01,4
spotify:track:5CM4UuQ9Gnd6K2YyKGPMoK,"Bad Habit","Bad Habit","Steve Lacy",2022-06-29,232114,75,true,quirky613,2026-06-26T21:02:32Z,"french house,disco house","L-M Records/RCA Records",0.686,0.507,1,-7.097,1,0.0357,0.626,0.0000751,0.383,0.69,168.955,4
spotify:track:3cyw6PjeBiXW8wUpbhTYRY,"seclusion","seclusion","kaido",2021-01-16,96739,0,true,quirky613,2026-06-26T21:02:32Z,"hyperpop","2264645 Records DK",0.765,0.487,9,-9.353,1,0.0617,0.457,0,0.437,0.817,120.02,4
spotify:track:3XncBqajB1PYvQBO5AoLCY,"Miami Ice","Gasanova","Yung Gravy",2020-10-02,156032,45,true,quirky613,2026-06-26T21:02:32Z,"","Republic Records",0.803,0.555,1,-8.97,0,0.138,0.193,0,0.296,0.605,100.049,4
spotify:track:6GD1eomgaGT1Epto6Q5eAo,"golden hour","golden hour","JVKE",2022-07-15,209259,2,false,quirky613,2026-06-26T21:02:32Z,"","JVKE",0.511,0.594,1,-4.799,0,0.0316,0.651,0.177,0.249,0.143,94.473,3
spotify:track:7EkWXAI1wn8Ii883ecd9xr,"Freaks","Freaks","Surf Curse",2021-05-15,147062,88,false,quirky613,2026-06-26T21:02:32Z,"","Surf Curse",0.345,0.941,9,-9.918,1,0.0466,0.0000384,0.633,0.0511,0.407,179.626,4
spotify:track:4H5AF8rgq7dkoPGWKC44tX,"Least Coast","Least Coast/Little Broken Part","Cafuné",2018-05-23,171734,37,false,quirky613,2026-06-26T21:03:15Z,"","Aurelians Club",0.592,0.984,9,-4.854,0,0.0436,0.0301,0.0000101,0.229,0.881,125.995,4
spotify:track:06EL94D0TA27Ik0Ke5usbj,"The Way","Yours Truly","Ariana Grande;Mac Miller",2013-01-01,227026,75,false,quirky613,2026-06-26T21:04:38Z,"","Universal Records",0.645,0.877,5,-3.208,0,0.113,0.294,0,0.0759,0.861,82.324,4
spotify:track:23rdcrD0Eky4vYn2TZidxJ,"Runaway","All My Demons Greeting Me as a Friend (Deluxe)","AURORA",2014,248826,2,false,quirky613,2026-06-26T21:05:59Z,"","Glassnote Entertainment Group LLC",0.459,0.276,11,-10.339,1,0.036,0.63,0.000095,0.104,0.128,114.169,4
spotify:track:2xOdFPQn17smnZrFCtFNSv,"Water Baby","Geography","Tom Misch;Loyle Carner",2018-04-06,271530,51,false,quirky613,2026-06-26T21:06:46Z,"uk r&b","Beyond The Groove 4",0.694,0.535,8,-10.582,1,0.22,0.481,0.0131,0.0676,0.683,93.028,4
spotify:track:3PPD1wg591kQnsws16mlkS,"chances","i hope u see this","thủy;DCMBR",2021-10-29,167312,51,false,quirky613,2026-06-26T21:06:58Z,"new wave,synthpop,bedroom pop","thuy",0.748,0.472,3,-9.15,0,0.0557,0.0822,0,0.0525,0.605,141.93,4
spotify:track:3eZqBNHlNA4lUsbAB6UmvD,"Loretta","Loretta","Ginger Root",2021-06-16,190153,6,false,quirky613,2026-06-26T21:07:22Z,"","Acrophase Records",0.706,0.801,2,-5.646,1,0.0462,0.282,0.594,0.143,0.887,130.001,4
spotify:track:7KhJdiu4zbPlhlImRLIyDl,"Prom Night","Prom Night","Riovaz",2020-04-01,145899,72,false,quirky613,2026-06-26T21:08:10Z,"","Riovaz",0.813,0.608,7,-9.918,1,0.169,0.355,0.00000856,0.0963,0.0512,149.251,4
spotify:track:6K4t31amVTZDgR3sKmwUJJ,"The Less I Know The Better","Currents","Tame Impala",2015-07-17,216320,91,true,quirky613,2026-06-26T21:09:05Z,"","Universal Music Australia Pty. Ltd.",0.64,0.74,4,-4.083,1,0.0284,0.0115,0.00678,0.167,0.785,116.879,4
spotify:track:49X0LAl6faAusYq02PRAY6,"Lady - Hear Me Tonight","Modjo (Remastered)","Modjo",2001,307153,87,false,quirky613,2026-06-26T21:09:12Z,"experimental hip hop,east coast hip hop,jazz rap,alternative hip hop","Modjo Music",0.72,0.808,6,-5.627,1,0.0379,0.00793,0.0293,0.0634,0.869,126.041,4
spotify:track:7oOOI85fVQvVnK5ynNMdW7,"Rock with You - Single Version","Off the Wall","Michael Jackson",1979-08-10,219926,90,false,quirky613,2026-06-26T21:09:12Z,"","Epic",0.808,0.535,1,-12.521,1,0.0353,0.179,0.0000991,0.158,0.848,114.031,4
spotify:track:3koCCeSaVUyrRo3N2gHrd8,"Let's Groove","Raise!","Earth, Wind & Fire",1981-11-14,339018,84,false,quirky613,2026-06-26T21:09:25Z,"","Legacy Recordings",0.869,0.648,11,-8.698,0,0.0633,0.121,0.0000217,0.126,0.9,125.035,4
spotify:track:4RvWPyQ5RL0ao9LPZeSouE,"Everybody Wants To Rule The World","Songs From The Big Chair (Super Deluxe Edition)","Tears For Fears",1985-02-25,251488,87,false,quirky613,2026-06-26T21:09:25Z,"funk,disco","UMC (Universal Music Catalogue)",0.645,0.795,7,-12.095,1,0.0527,0.347,0.00389,0.104,0.535,112.067,4
spotify:track:2eAvDnpXP5W0cVtiI0PUxV,"Dandelions","Safe Haven","Ruth B.",2017-05-05,233720,88,false,quirky613,2026-06-26T21:11:50Z,"","Columbia",0.609,0.692,1,-2.958,1,0.0259,0.0157,0,0.0864,0.454,116.959,3
spotify:track:4HBZA5flZLE435QTztThqH,"Stuck with U (with Justin Bieber)","Stuck with U","Ariana Grande;Justin Bieber",2020-05-08,228482,83,false,quirky613,2026-06-26T21:12:26Z,"","Ariana Grande & Justin Bieber "Stuck With U"- Charity",0.597,0.45,8,-6.658,1,0.0418,0.223,0,0.382,0.537,178.765,3
spotify:track:0TAmnCzOtqRfvA38DDLTjj,"Little Things","Take Me Home (Expanded Edition)","One Direction",2012-11-12,219040,73,false,quirky613,2026-06-26T21:12:36Z,"","Syco Music",0.709,0.22,7,-11.856,1,0.0327,0.811,0,0.175,0.53,110.076,4
spotify:track:5bgwqaRSS3M8WHWruHgSL5,"8TEEN","American Teen","Khalid",2017-04-27,228593,76,false,quirky613,2026-06-26T21:13:24Z,"","Right Hand Music Group, LLC/RCA Records",0.83,0.585,1,-5.802,1,0.0366,0.225,0.00209,0.0576,0.642,105.03,4
spotify:track:21jGcNKet2qwijlDFuPiPb,"Circles","Hollywood's Bleeding","Post Malone",2019-09-06,215280,88,false,quirky613,2026-06-26T21:13:42Z,"","Republic Records",0.695,0.763,0,-3.497,1,0.0396,0.189,0.00242,0.0863,0.551,120.042,4
spotify:track:0RiRZpuVRbi7oqRdSMwhQY,"Sunflower - Spider-Man: Into the Spider-Verse","Hollywood's Bleeding","Post Malone;Swae Lee",2019-09-06,157560,86,false,quirky613,2026-06-26T21:13:42Z,"","Republic Records",0.755,0.522,2,-4.368,1,0.0575,0.533,0,0.0685,0.925,89.96,4
spotify:track:3fpVWegR6YOS1Yk5HSMYIq,"Paranoid","beerbongs & bentleys","Post Malone",2018-04-27,221786,65,false,quirky613,2026-06-26T21:13:42Z,"","Republic Records",0.62,0.535,0,-5.428,1,0.0775,0.038,0.0000246,0.167,0.25,159.872,4
spotify:track:0e7ipj03S05BNilyu5bRzt,"rockstar (feat. 21 Savage)","beerbongs & bentleys","Post Malone;21 Savage",2018-04-27,218146,85,true,quirky613,2026-06-26T21:13:42Z,"","Republic Records",0.585,0.52,5,-6.136,0,0.0713,0.124,0.0000775,0.131,0.129,159.798,4
spotify:track:09IOPhEh1OMe0HD9b36FJk,"Over Now","beerbongs & bentleys","Post Malone",2018-04-27,246986,70,true,quirky613,2026-06-26T21:13:42Z,"","Republic Records",0.569,0.777,4,-4.041,0,0.0834,0.137,0,0.132,0.181,164.029,4
spotify:track:3swc6WTsr7rl9DqQKQA55C,"Psycho (feat. Ty Dolla $ign)","beerbongs & bentleys","Post Malone;Ty Dolla $ign",2018-04-27,221440,80,true,quirky613,2026-06-26T21:13:42Z,"southern hip hop,rap,trap","Republic Records",0.75,0.56,8,-8.094,1,0.105,0.546,0,0.111,0.459,140.06,4
spotify:track:7dt6x5M1jzdTEt8oCbisTK,"Better Now","beerbongs & bentleys","Post Malone",2018-04-27,231266,83,true,quirky613,2026-06-26T21:13:42Z,"","Republic Records",0.674,0.578,10,-5.804,1,0.0408,0.331,0,0.135,0.34,145.07,4
spotify:track:6IaieqiCVvsNvEt6Y7yOFa,"Ball For Me (feat. Nicki Minaj)","beerbongs & bentleys","Post Malone;Nicki Minaj",2018-04-27,206266,66,true,quirky613,2026-06-26T21:13:42Z,"old school hip hop,gangster rap,west coast hip hop,hip hop,rap,g-funk","Republic Records",0.774,0.55,6,-4.166,0,0.301,0.51,0,0.0786,0.538,134.042,4
spotify:track:32lItqlMi4LBhb4k0BaSaC,"Candy Paint","beerbongs & bentleys","Post Malone",2018-04-27,227533,77,true,quirky613,2026-06-26T21:13:42Z,"","Republic Records",0.66,0.667,4,-5.941,1,0.156,0.64,0.00000122,0.0753,0.381,180.044,4
spotify:track:0H8XeaJunhvpBdBFIYi6Sh,"Deja Vu","Stoney (Deluxe)","Post Malone;Justin Bieber",2016-12-09,234213,69,true,quirky613,2026-06-26T21:13:42Z,"","Mercury Records/Republic Owned",0.619,0.69,7,-6.508,1,0.0471,0.0931,0,0.131,0.333,133.932,4
spotify:track:5yuShbu70mtHXY0yLzCQLQ,"Go Flex","Stoney (Deluxe)","Post Malone",2016-12-09,179613,76,true,quirky613,2026-06-26T21:13:42Z,"","Mercury Records/Republic Owned",0.665,0.498,5,-8.185,1,0.083,0.23,0,0.0757,0.127,81.958,4
spotify:track:3a1lNhkSLSkpJE4MSHpDu9,"Congratulations","Stoney (Deluxe)","Post Malone;Quavo",2016-12-09,220293,84,true,quirky613,2026-06-26T21:13:42Z,"indie","Mercury Records/Republic Owned",0.63,0.804,6,-4.183,1,0.0364,0.215,0,0.253,0.492,123.146,4
spotify:track:35r28RDot7nPE7y9K9H7l0,"Feeling Whitney","Stoney (Deluxe)","Post Malone",2016-12-09,257265,72,true,quirky613,2026-06-26T21:13:42Z,"","Mercury Records/Republic Owned",0.412,0.227,0,-12.696,1,0.0359,0.787,0.00000469,0.282,0.227,80.111,4
spotify:track:2HA4tNLIXY1dGvDVCLeslk,"Little Things","3","Ella Mai",2024-11-03,172924,70,false,quirky613,2026-06-26T21:14:51Z,"quiet storm,soul,classic soul","10 Summers/Interscope Records",0.725,0.566,11,-5.989,1,0.16,0.477,0,0.142,0.232,135.794,4
spotify:track:0YMe6PHRbeDcN7KJdCG0bW,"The Dress","Absolutely","Dijon",2021-11-05,184767,78,false,quirky613,2026-06-26T21:14:59Z,"","R&R Digital/Warner Records",0.747,0.531,8,-5.99,1,0.0477,0.266,0.0000018,0.192,0.785,88.009,4
spotify:track:5VA4Ispp52EA1sOqzMz3Av,"All I Want Is You (feat. J. Cole)","All I Want Is You","Miguel;J. Cole",2010-11-30,295920,81,false,quirky613,2026-06-26T21:14:59Z,"","Jive",0.776,0.603,5,-5.696,1,0.0343,0.0728,0.0000625,0.111,0.921,96.888,4
spotify:track:152lZdxL1OR0ZMW6KquMif,"Location","American Teen","Khalid",2017-04-27,219080,81,false,quirky613,2026-06-26T21:14:59Z,"","Right Hand Music Group, LLC/RCA Records",0.736,0.449,1,-11.462,0,0.425,0.33,0.000162,0.0898,0.326,80.126,4
spotify:track:5oO3drDxtziYU2H1X23ZIp,"Love On The Brain","ANTI (Deluxe)","Rihanna",2016-01-28,224000,88,true,quirky613,2026-06-26T21:14:59Z,"old school hip hop,east coast hip hop","Roc Nation / Rihanna",0.509,0.637,4,-4.83,0,0.047,0.0717,0.0000108,0.0789,0.379,172.007,3
spotify:track:3vQ4T78TTMOjQXGfXVKQJo,"Redbone","""Awaken, My Love!""","Childish Gambino",2016-12-02,326933,86,true,quirky613,2026-06-26T21:15:24Z,"bedroom pop","Glassnote - VMG",0.741,0.354,1,-10.603,1,0.0837,0.181,0.00577,0.118,0.583,160.037,4
spotify:track:3GCdLUSnKSMJhs4Tj6CV3s,"All The Stars (with SZA) - From ""Black Panther: The Album""","Black Panther The Album Music From And Inspired By","Kendrick Lamar;SZA",2018-02-09,232186,91,true,quirky613,2026-06-26T21:15:24Z,"jazz funk,funk,soul jazz,acid jazz","Black Panther (TDE/DMG) PS",0.695,0.633,8,-4.946,1,0.0599,0.0612,0.000195,0.0926,0.557,96.782,4
spotify:track:4ChomJf8z16E6Zw4EoioYY,"After Hours","CRASH","Kehlani",2024-06-20,202414,76,false,quirky613,2026-06-26T21:15:49Z,"r&b","TSNMI / Atlantic",0.729,0.777,1,-3.991,1,0.0431,0.069,0.00162,0.112,0.744,121.016,4
spotify:track:06u5LrUpbosQlQ1QJFhPpG,"Drew Barrymore","Ctrl","SZA",2017-06-09,231412,74,true,quirky613,2026-06-26T21:15:49Z,"","Top Dawg Entertainment/RCA Records",0.577,0.523,0,-5.538,0,0.0429,0.491,0,0.147,0.29,134.93,4
spotify:track:2fXwCWkh6YG5zU1IyvQrbs,"Broken Clocks","Ctrl","SZA",2017-06-09,231257,80,true,quirky613,2026-06-26T21:15:49Z,"","Top Dawg Entertainment/RCA Records",0.692,0.684,6,-7.364,1,0.155,0.131,0,0.156,0.406,112.912,4
spotify:track:6uYAPqxP69zfpCbsTHXgiz,"Cater 2 U","Destiny Fulfilled","Destiny's Child",2004-11-16,245400,64,false,quirky613,2026-06-26T21:15:49Z,"edm","Sony Urban Music/Columbia",0.605,0.584,11,-7.043,0,0.197,0.286,0,0.235,0.464,125.802,4
spotify:track:4Nw7kywWurWS6ceinn1cHK,"Baby Powder","Division","Jenevieve",2021-09-03,176760,70,false,quirky613,2026-06-26T21:15:49Z,"city pop","Joyface Records/Interscope Records",0.799,0.452,1,-7.641,0,0.0466,0.238,0.000133,0.0878,0.732,78.461,3
spotify:track:6CFPFnS9EcLs2I0nWqtWci,"Because Of You","Because Of You","Ne-Yo",2007-01-01,266840,82,false,quirky613,2026-06-26T21:16:05Z,"disco,motown,philly soul","Def Soul",0.81,0.538,0,-5.783,0,0.0357,0.53,0,0.0951,0.832,109.97,4
spotify:track:64TJKMfx0QxpuR7rTXL05c,"Treasure In The Hills","Electric Dusk","Leon Thomas",2023-08-18,189202,72,false,quirky613,2026-06-26T21:16:05Z,"afrobeats","EZMNY Records/Motown Records",0.692,0.483,10,-3.57,1,0.0273,0.0145,0.00122,0.131,0.451,76.128,3
spotify:track:6CTWathupIiDs7U4InHnDA,"Trip","Ella Mai","Ella Mai",2018-10-12,213993,77,false,quirky613,2026-06-26T21:16:05Z,"quiet storm,soul,classic soul","10 Summers / Interscope PS",0.477,0.609,11,-5.628,0,0.144,0.222,0,0.107,0.357,79.884,4
spotify:track:2CGNAOSuO1MEFCbBRgUzjd,"luther (with sza)","GNX","Kendrick Lamar;SZA",2024-11-21,177598,86,false,quirky613,2026-06-26T21:16:05Z,"jazz funk,funk,soul jazz,acid jazz","pgLang, under exclusive license to Interscope Records",0.707,0.575,2,-7.546,1,0.125,0.251,0,0.248,0.576,138.008,4
spotify:track:174rZBKJAqD10VBnOjlQQ3,"How Do I Breathe","Go","Mario",2007-12-11,216893,72,false,quirky613,2026-06-26T21:16:05Z,"r&b","J Records/Legacy",0.684,0.455,5,-8.216,1,0.0307,0.215,0.00000108,0.263,0.487,97.956,4
spotify:track:669Zz4glMcFwFl1BRltkXP,"Hate That I Love You","Good Girl Gone Bad","Rihanna;Ne-Yo",2007-01-01,219000,66,false,quirky613,2026-06-26T21:16:05Z,"old school hip hop,east coast hip hop,disco,motown,philly soul","Def Jam Recordings",0.637,0.73,5,-5.38,0,0.0877,0.322,0,0.0982,0.731,93.867,4
spotify:track:7B4UxdHwRKJYRhvXxmgZhM,"universe","i hope u see this","thủy",2021-10-29,186627,59,false,quirky613,2026-06-26T21:16:21Z,"new wave,synthpop","thuy",0.636,0.452,11,-8.298,1,0.0329,0.136,0.00000197,0.104,0.0678,80.004,4
spotify:track:0dFdGPVLs3k0z9ezYWZzUa,"Intimidated (feat. H.E.R.)","Intimidated","KAYTRANADA;H.E.R.",2021-11-19,207830,78,false,quirky613,2026-06-26T21:16:39Z,"crunk,future bass","KAYTRANADA/RCA Records",0.738,0.75,11,-3.654,0,0.219,0.0167,0.00976,0.174,0.342,112.009,4
spotify:track:6sGIMrtIzQjdzNndVxe397,"So Easy (To Fall In Love)","The Art of Loving","Olivia Dean",2025-09-26,169000,96,false,quirky613,2026-06-26T21:16:51Z,"","PLG - Capitol",0.749,0.633,3,-5.917,1,0.0373,0.665,0,0.0817,0.572,139.898,4
spotify:track:312z6PZ8wwREck8613PkJk,"A Couple Minutes","The Art of Loving","Olivia Dean",2025-09-26,212000,88,false,quirky613,2026-06-26T21:16:51Z,"","PLG - Capitol",0.56,0.406,3,-7.733,1,0.0369,0.709,0,0.359,0.164,124.782,4
spotify:track:2oap3QptGISyIvwKpnJJId,"Experience","JAGUAR","Victoria Monét;Khalid;SG Lewis",2020-08-07,176773,57,false,quirky613,2026-06-26T21:16:51Z,"","Tribe Records",0.614,0.809,9,-4.749,1,0.0738,0.0105,0.000353,0.148,0.354,112.023,4
spotify:track:25cUhiAod71TIQSNicOaW3,"Adorn","Kaleidoscope Dream","Miguel",2012-09-28,193146,72,false,quirky613,2026-06-26T21:16:51Z,"","ByStorm Entertainment/RCA Records",0.625,0.576,11,-5.693,0,0.175,0.0543,0.0000407,0.187,0.235,179.063,4
spotify:track:1XwbJNPOcLuSRTQNR9zz4r,"Lady Lady","Lady Lady","Olivia Dean",2025-07-10,209000,81,false,quirky613,2026-06-26T21:16:51Z,"","PLG - Capitol",0.639,0.585,11,-8.618,1,0.113,0.822,0.0525,0.106,0.569,96.1,4
spotify:track:6ZzYETKetIfNUsZUb23jgG,"Day 1 ◑","Love Me / Love Me Not","HONNE",2018-08-24,233600,64,false,quirky613,2026-06-26T21:16:51Z,"","Atlantic Records UK",0.503,0.581,6,-7.007,1,0.0881,0.21,0.000708,0.257,0.633,94.555,4
spotify:track:1qbmS6ep2hbBRaEZFpn7BX,"Man I Need","Man I Need","Olivia Dean",2025-08-15,184000,96,false,quirky613,2026-06-26T21:16:51Z,"","PLG - Capitol",0.808,0.593,1,-7.27,1,0.0714,0.488,0.000451,0.0933,0.688,119.008,4
spotify:track:6d3ic1mkWMxf5DPIW798f0,"Bad Boy / Having a Party","Forever, For Always, For Love","Luther Vandross",1982-09-21,316032,52,false,quirky613,2026-06-26T21:17:19Z,"alternative r&b","Epic",0.554,0.696,11,-9.582,0,0.366,0.196,0,0.32,0.803,121.334,4
spotify:track:3qI94hINNNeb4S7xQi18lS,"Blame It on the Boogie","Destiny","The Jacksons",1978-12-17,215319,84,false,quirky613,2026-06-26T21:17:23Z,"","Epic",0.774,0.641,1,-10.193,1,0.0799,0.0765,0,0.0867,0.875,113.256,4
spotify:track:7H6ev70Weq6DdpZyyTmUXk,"Say My Name","The Writing's On The Wall","Destiny's Child",1999-07-27,271333,84,false,quirky613,2026-06-26T21:18:29Z,"edm","Columbia",0.713,0.678,5,-3.525,0,0.102,0.273,0,0.149,0.734,138.009,4
spotify:track:6u1sN2DFrKZBDdkdb1L76X,"Whipped Cream","Whipped Cream","Ari Lennox",2018-07-16,291210,0,false,quirky613,2026-06-26T21:18:32Z,"trap soul,r&b","J. Cole/ DreamVille",0.744,0.383,6,-10.085,0,0.0309,0.548,0,0.0966,0.574,85.024,4
spotify:track:5aIVCx5tnk0ntmdiinnYvw,"Water","Water","Tyla",2023-07-28,200255,86,false,quirky613,2026-06-26T21:18:35Z,"","FAX Records/Epic",0.673,0.722,3,-3.495,0,0.0755,0.0856,0,0.137,0.519,117.187,4
spotify:track:5BZsQlgw21vDOAjoqkNgKb,"DAISIES","SWAG","Justin Bieber",2025-07-11,176453,95,false,quirky613,2026-06-26T21:18:48Z,"","JRC Entertainment, LLC / ILH Production Co. LLC / Def Jam Recordings",0.802,0.384,8,-8.906,1,0.054,0.715,0.000686,0.108,0.482,110.153,4
spotify:track:7axl6v0Yv4ksLVMt6XItpc,"Truth or Dare","TYLA","Tyla",2024-03-22,190392,77,false,quirky613,2026-06-26T21:18:48Z,"","FAX Records/Epic",0.61,0.599,1,-5.752,1,0.337,0.182,0.000124,0.0852,0.809,154.463,5
spotify:track:5pJPgy2jGvvNUNfHPvG3Zp,"Warm on a Cold Night","Warm on a Cold Night (Deluxe)","HONNE",2016-01-22,261594,44,false,quirky613,2026-06-26T21:18:48Z,"","Atlantic Records UK",0.342,0.609,8,-5.68,1,0.0943,0.185,0.00052,0.0799,0.401,82.989,4
spotify:track:6YpSiNQN8pVzJMOX2fXGHm,"Woman","Woman","HONNE",2016-03-11,265478,47,false,quirky613,2026-06-26T21:18:48Z,"","Tatemae Recordings",0.513,0.413,0,-7.151,1,0.0372,0.565,0.00000352,0.124,0.246,139.649,3
spotify:track:34ceTg8ChN5HjrqiIYCn9Q,"Miss Independent","Year Of The Gentleman (Bonus Track Edition)","Ne-Yo",2008-01-01,232000,83,false,quirky613,2026-06-26T21:18:48Z,"disco,motown,philly soul","Def Soul",0.673,0.681,1,-5.693,1,0.118,0.52,0,0.235,0.707,171.864,4
spotify:track:0JXXNGljqupsJaZsgSbMZV,"Sure Thing","All I Want Is You","Miguel",2010-11-30,195373,89,false,quirky613,2026-06-26T21:18:48Z,"","Jive",0.684,0.607,11,-8.127,0,0.1,0.0267,0.000307,0.191,0.498,81.001,4
spotify:track:4rCuwgRRKaIiHlHDc8Bga6,"We Might Even Be Falling In Love (Interlude)","JAGUAR","Victoria Monét",2020-08-07,51913,61,false,quirky613,2026-06-26T21:18:48Z,"","Tribe Records",0.768,0.506,6,-8.913,1,0.165,0.415,0.0376,0.133,0.862,77.1,4
spotify:track:0HVxpNoX99t4EzOZwqO64S,"We Might Even Be Falling In Love (Duet)","JAGUAR II : Deluxe","Victoria Monét;Bryson Tiller",2024-10-04,90110,55,false,quirky613,2026-06-26T21:18:48Z,"","Lovett Music/RCA Records",0.731,0.423,6,-10.147,1,0.0833,0.498,0.000525,0.13,0.774,76.966,4
spotify:track:0iI2cOHpX6xmwKD15Q5ynd,"Breakfast in Bed","Love Me Like","Rayana Jay",2019-03-22,116059,60,true,quirky613,2026-06-26T21:18:48Z,"","All Angles / EMPIRE",0.635,0.327,2,-9.77,1,0.436,0.576,0,0.0865,0.552,82.686,4
spotify:track:6tDDoYIxWvMLTdKpjFkc1B,"telepatía","Sin Miedo (del Amor y Otros Demonios) ∞","Kali Uchis",2020-12-04,160191,87,false,quirky613,2026-06-26T21:18:48Z,"","EMI / Interscope",0.653,0.524,11,-9.016,0,0.0502,0.112,0,0.203,0.553,83.97,4
spotify:track:5Gcvy4sBxYdpWj2f54K2ua,"Kool Aid","Sis.","KIRBY",2020-01-31,153441,52,false,quirky613,2026-06-26T21:18:48Z,"alternative r&b","KIRBY",0.566,0.728,4,-4.546,0,0.121,0.183,0.00425,0.11,0.467,155.251,3
spotify:track:5Z8kUbnUQqBUzM5FsBNOAl,"You Gotta Be","Supernatural","Des'ree",1998-06-29,240066,54,false,quirky613,2026-06-26T21:18:48Z,"pop soul","S2",0.663,0.753,0,-7.061,1,0.0381,0.175,0,0.105,0.483,94.061,4
spotify:track:6a3NDJ3MihZwUeNAvD8P46,"Unbreakable","TVアニメ「キャロル＆チューズデイ」VOCAL COLLECTION Vol.1","クリスタル(Vo.Lauren Dyson)",2019-07-31,214933,39,false,quirky613,2026-06-26T21:18:48Z,"","FlyingDog",0.525,0.525,0,-5.666,1,0.0399,0.198,0,0.335,0.199,79.974,4
spotify:track:1ahAuX3F6tDdNRfMdiLsv6,"#Beautiful","Me. I Am Mariah…The Elusive Chanteuse","Mariah Carey;Miguel",2014-05-23,199946,58,true,quirky613,2026-06-26T21:19:02Z,"","Def Jam Recordings",0.443,0.755,4,-5.333,1,0.119,0.322,0,0.298,0.431,214.13,4
spotify:track:2iksjpqL3eraxCBKqNHuqd,"YES IT IS","MUTT","Leon Thomas",2024-09-27,228047,73,true,quirky613,2026-06-26T21:19:02Z,"afrobeats","EZMNY Records/Motown Records",0.755,0.642,5,-6.105,0,0.141,0.593,0.000301,0.122,0.293,121.945,4
spotify:track:2uvE4L5ZsYKpv8hbK4TIOt,"MUTT","MUTT","Leon Thomas",2024-09-27,192933,83,true,quirky613,2026-06-26T21:19:02Z,"afrobeats","EZMNY Records/Motown Records",0.572,0.455,1,-8.078,1,0.134,0.216,0.00000388,0.072,0.597,179.787,4
spotify:track:08M5qLQy0oUNrTMQv4xQac,"MUTT (feat. Chris Brown) [CB REMIX]","MUTT Deluxe: HEEL","Leon Thomas;Chris Brown",2025-05-29,199492,73,false,quirky613,2026-06-26T21:19:02Z,"afrobeats,hip hop,west coast hip hop","EZMNY Records/Motown Records",0.675,0.569,1,-4.951,1,0.0356,0.109,0,0.0554,0.619,89.987,4
spotify:track:7JgNAnCjJvL8hBR1kmCOFF,"Worth It.","My 21st Century Blues","RAYE",2023-02-03,246813,81,false,quirky613,2026-06-26T21:19:02Z,"r&b","Human Re Sources",0.736,0.483,8,-7.85,1,0.0682,0.505,0.0000139,0.351,0.606,109.932,4
spotify:track:040I32EKLxQrkuxQu1pqvT,"Saturn","SOS Deluxe: LANA","SZA",2024-12-20,186191,84,false,quirky613,2026-06-26T21:19:02Z,"","Top Dawg Entertainment/RCA Records",0.557,0.577,1,-7.514,1,0.027,0.64,0,0.104,0.328,89.111,4
spotify:track:3EL4YcUAmGkfTKXhS49Y3w,"Suzanne","Suzanne","Mark Ronson;RAYE",2025-06-13,235328,74,false,quirky613,2026-06-26T21:19:02Z,"rap,r&b","Columbia",0.672,0.715,1,-4.19,1,0.0638,0.0561,0.00000589,0.115,0.641,99.014,4
spotify:track:7FxzgizJRGTQ3fxUqfvljg,"Bad Bad News","Good Thing","Leon Bridges",2018-05-04,207309,67,false,quirky613,2026-06-26T21:19:09Z,"","Columbia",0.783,0.629,5,-6.152,0,0.0607,0.231,0.000536,0.0881,0.7,111.978,4
spotify:track:1v07ywlVYd02pOCnXRBDNA,"Menswear","The 1975 (Deluxe Version)","The 1975",2013,206737,50,false,quirky613,2026-06-26T21:19:22Z,"southern hip hop","Interscope",0.709,0.539,1,-10.281,1,0.0683,0.546,0.0179,0.0857,0.16,97.01,4
spotify:track:5880eYQmXx3c3oD22IljIt,"Why We Thugs","Laugh Now, Cry Later","Ice Cube",2006-01-01,224106,64,true,quirky613,2026-06-26T21:20:21Z,"west coast hip hop,g-funk","Virgin Records",0.683,0.59,1,-5.423,1,0.458,0.326,0,0.148,0.653,100.892,4
spotify:track:2Ih217RCGAmyQR68Nn7Cqo,"You Know How We Do It","Lethal Injection","Ice Cube",1993-12-07,232773,82,true,quirky613,2026-06-26T21:20:21Z,"west coast hip hop,g-funk","Priority Records",0.747,0.52,10,-10.523,0,0.0357,0.0977,0.0537,0.142,0.601,92.869,4
spotify:track:6Nq5lE0CeOAAAqN4qhkbZU,"Suga Suga","Tha Smokin' Nephew","Baby Bash;Frankie J",2003-01-01,239026,79,false,quirky613,2026-06-26T21:20:21Z,"alternative r&b,neo soul","Universal Records",0.662,0.748,5,-3.041,0,0.268,0.688,0.00000858,0.0841,0.535,82.331,4
spotify:track:3UP4tYlgEes6TajBXh8faH,"Ball For Me","beerbongs & bentleys","Post Malone;Nicki Minaj",2018-04-27,206266,42,false,quirky613,2026-06-26T21:20:34Z,"old school hip hop,gangster rap,west coast hip hop,hip hop,rap,g-funk","Republic Records",0.775,0.527,6,-4.213,0,0.296,0.511,0,0.0799,0.473,133.953,4
spotify:track:7xQAfvXzm3AkraOtGPWIZg,"Wow.","Hollywood's Bleeding","Post Malone",2019-09-06,149546,81,true,quirky613,2026-06-26T21:20:34Z,"","Republic Records",0.829,0.538,11,-7.359,0,0.212,0.137,0.00000188,0.103,0.389,99.952,4
spotify:track:6eT7xZZlB2mwyzJ2sUKG6w,"White Iverson","Stoney (Deluxe)","Post Malone",2016-12-09,256532,83,true,quirky613,2026-06-26T21:20:34Z,"","Mercury Records/Republic Owned",0.675,0.561,7,-7.678,1,0.0352,0.233,0,0.0793,0.309,130.098,4
spotify:track:6rbeWjEavBHvX2kr6lSogS,"Work Out","Cole World: The Sideline Story","J. Cole",2011-09-23,234773,2,true,quirky613,2026-06-26T21:21:41Z,"","Roc Nation/Columbia",0.831,0.427,2,-6.903,1,0.106,0.0531,0,0.316,0.216,93.004,4
spotify:track:5rb9QrpfcKFHM1EUbSIurX,"Yeah! (feat. Lil Jon & Ludacris)","Confessions (Expanded Edition)","USHER;Lil Jon;Ludacris",2004-03-23,250373,89,false,quirky613,2026-06-26T21:21:41Z,"","LaFace Records",0.894,0.791,2,-4.699,1,0.112,0.0183,0,0.0388,0.583,105.018,4
spotify:track:5Ue25r0VGvZR7vaw3iB0gZ,"Turn All the Lights On (feat. Ne-Yo)","rEVOLVEr (Deluxe Version)","T-Pain;Ne-Yo",2011-12-02,216440,1,true,quirky613,2026-06-26T21:21:41Z,"old school hip hop,g-funk,gangster rap,west coast hip hop,hip hop,rap,disco,motown,philly soul","RCA Records Label",0.697,0.807,6,-3.049,0,0.0587,0.0382,0,0.471,0.732,127.01,4
spotify:track:7DfFc7a6Rwfi3YQMRbDMau,"Thinkin Bout You","channel ORANGE","Frank Ocean",2012-07-10,200746,87,false,quirky613,2026-06-26T21:21:41Z,"","Red Zone Entertainment / IDJ",0.721,0.339,0,-11.195,1,0.0532,0.409,0.00153,0.0973,0.2,129.83,4
spotify:track:49FYlytm3dAAraYgpoJZux,"Umbrella","Good Girl Gone Bad: Reloaded","Rihanna;JAŸ-Z",2008-06-02,275986,87,false,quirky613,2026-06-26T21:21:41Z,"old school hip hop,east coast hip hop","Def Jam Recordings",0.585,0.828,1,-4.603,1,0.124,0.00906,0,0.0426,0.584,174.034,4
spotify:track:3goSVuTt3fDYDP6kRnFwuL,"Take A Bow","Good Girl Gone Bad: Reloaded","Rihanna",2008-06-02,229413,79,false,quirky613,2026-06-26T21:21:41Z,"old school hip hop,east coast hip hop","Def Jam Recordings",0.518,0.467,9,-7.536,1,0.162,0.248,0,0.0941,0.559,79.965,4
spotify:track:2zJZwWF7BTGIIvrAlgzJEx,"Whatcha Say","Jason Derulo (Deluxe Audio)","Jason Derulo",2010-02-24,221253,65,false,quirky613,2026-06-26T21:21:41Z,"","Beluga Heights/Warner Records",0.615,0.711,11,-5.507,1,0.078,0.0444,0,0.145,0.711,144.034,4
spotify:track:4x6w3LDSnAuQZovIvGGLxu,"What's My Name?","Loud","Rihanna;Drake",2010-01-01,263413,49,true,quirky613,2026-06-26T21:21:41Z,"old school hip hop,east coast hip hop,country hip hop","Def Jam Recordings",0.703,0.782,2,-2.977,1,0.0785,0.246,0,0.145,0.56,99.991,4
spotify:track:3icbmPGKTsKAa0IinkizCM,"That's How You Know (feat. Kid Ink & Bebe Rexha)","That's How You Know (feat. Kid Ink & Bebe Rexha)","Nico & Vinz;Kid Ink;Bebe Rexha",2015-07-17,186443,56,true,quirky613,2026-06-26T21:21:41Z,"alternative r&b,indie soul","Warner Records",0.769,0.437,1,-6.406,1,0.0363,0.44,0,0.116,0.737,103.921,4
spotify:track:5ve0BYRZZ2aoHFqZMxqYgt,"We Can't Stop","We Can't Stop","Miley Cyrus",2013-06-03,232466,0,false,quirky613,2026-06-26T21:21:41Z,"","RCA Records Label",0.607,0.619,1,-5.761,0,0.038,0.0083,0,0.366,0.5,79.998,4
spotify:track:5HQVUIKwCEXpe7JIHyY734,"Young, Wild & Free (feat. Bruno Mars)","Young, Wild & Free (feat. Bruno Mars)","Snoop Dogg;Wiz Khalifa;Bruno Mars",2011-10-11,207333,78,true,quirky613,2026-06-26T21:21:41Z,"christian hip hop,soft pop,acid jazz","Rostrum/Atlantic",0.715,0.655,0,-6.425,1,0.137,0.0525,0,0.115,0.531,95.078,4
spotify:track:6Dk5fHTvH897XrVzCO64Mx,"What You Won't Do for Love","What You Won't Do for Love","Bobby Caldwell",1978,286493,77,false,quirky613,2026-06-26T21:22:02Z,"","Big Deal Records",0.642,0.396,6,-16.843,1,0.0642,0.462,0.000823,0.106,0.797,84.082,4
spotify:track:4AboqNl74jNDpJhPfqYDmj,"Your Love Is My Drug","Animal","Kesha",2010,187066,1,false,quirky613,2026-06-26T21:23:56Z,"","RCA Records Label",0.829,0.607,1,-3.876,1,0.0897,0.0049,0,0.0986,0.766,120.044,4
spotify:track:6nYoTBmGFNgfTyRC8x1Fvp,"TiK ToK","Animal","Kesha",2010,199693,1,false,quirky613,2026-06-26T21:23:56Z,"","RCA Records Label",0.755,0.832,2,-2.741,0,0.116,0.0746,0.00000127,0.291,0.735,120.032,4
spotify:track:1CrxDKnx34D9zoAIvf7B9H,"Womanizer","Circus","Britney Spears",2008-11-28,224400,1,false,quirky613,2026-06-26T21:23:56Z,"","Jive",0.724,0.695,11,-5.226,1,0.0622,0.073,0,0.0889,0.235,139,4
spotify:track:717TY4sfgKQm4kFbYQIzgo,"Toxic","Greatest Hits: My Prerogative","Britney Spears",2007-12-18,198813,56,false,quirky613,2026-06-26T21:23:56Z,"","Jive",0.774,0.847,5,-3.925,0,0.121,0.0279,0.0182,0.241,0.923,143.011,4
spotify:track:3djPwpsQAnp8B8gC81e7fk,"Where Them Girls At (feat. Nicki Minaj & Flo Rida)","Nothing but the Beat","David Guetta;Flo Rida;Nicki Minaj",2011-08-31,210093,49,true,quirky613,2026-06-26T21:23:56Z,"rap,hip hop,old school hip hop,gangster rap,west coast hip hop,g-funk","Parlophone (France)",0.664,0.872,3,-3.117,1,0.0396,0.0306,0,0.228,0.555,129.873,4
spotify:track:0zlD8JjDsFUUmofqPE83Cj,"Turn Me On (feat. Nicki Minaj)","Nothing but the Beat","David Guetta;Nicki Minaj",2011-08-31,199680,43,false,quirky613,2026-06-26T21:23:56Z,"old school hip hop,gangster rap,west coast hip hop,hip hop,rap,g-funk","Parlophone (France)",0.705,0.794,8,-2.266,1,0.0593,0.0488,0,0.575,0.412,127.961,4
spotify:track:77TT8Xvx637TpzV8kKGkUw,"Titanium (feat. Sia)","Nothing but the Beat","David Guetta;Sia",2011-08-31,245040,61,false,quirky613,2026-06-26T21:23:56Z,"pop","Parlophone (France)",0.604,0.788,0,-3.673,0,0.103,0.0678,0.153,0.127,0.301,126.06,4
spotify:track:0azC730Exh71aQlOt9Zj3y,"This Is What You Came For","This Is What You Came For","Calvin Harris;Rihanna",2016-04-29,221900,82,false,quirky613,2026-06-26T21:23:56Z,"hip hop,east coast hip hop,rap,old school hip hop","Columbia",0.631,0.927,9,-2.787,0,0.0332,0.199,0.119,0.148,0.465,123.962,4
spotify:track:7FeG6WaqNQ3Ua6M6YZTQ0F,"We R Who We R","We R Who We R","Kesha",2010-10-22,204506,46,false,quirky613,2026-06-26T21:23:56Z,"","RCA Records Label",0.743,0.829,8,-5.048,1,0.0402,0.00876,0.00272,0.149,0.652,119.977,4
spotify:track:1NpW5kyvO4XrNJ3rnfcNy3,"Wild Ones (feat. Sia)","Wild Ones","Flo Rida;Sia",2012-06-22,232946,85,false,quirky613,2026-06-26T21:23:56Z,"rap,hip hop,pop","Poe Boy/Atlantic",0.608,0.86,5,-5.324,0,0.0554,0.0991,0,0.262,0.437,127.075,4
spotify:track:0AUIjHlr9KfbVoemhhxHS6,"Yeah 3x","Yeah 3x","Chris Brown",2010-10-25,241093,13,true,quirky613,2026-06-26T21:23:56Z,"hip hop,west coast hip hop","Jive",0.702,0.883,11,-3.239,0,0.0437,0.000407,0.00000127,0.0885,0.709,129.999,4
spotify:track:4JVGm3WrzskvQ9kZgKLT2V,"Wild - Acoustic","Acoustic","JONES",2017-02-17,223080,0,false,quirky613,2026-06-26T21:26:23Z,"","37 adventures",0.804,0.245,1,-5.698,1,0.0363,0.904,0,0.11,0.408,126.02,4
spotify:track:57nNNkgk768QVXq3uHxu5e,"Ways to Go","Spreading Rumours","GROUPLOVE",2013-09-17,215520,63,false,quirky613,2026-06-26T21:27:26Z,"christmas","Canvasback/ATL",0.577,0.827,7,-7.54,1,0.0365,0.00338,0.000647,0.26,0.179,101.031,4
spotify:track:7Ea46poA0xGLDz7aPRe4q9,"What I Want","Pursuit of Wonder","Joe Hertler & The Rainbow Seekers",2023-08-04,224468,40,false,quirky613,2026-06-26T21:27:34Z,"","Nettwerk Music Group",0.723,0.849,2,-5.921,0,0.0563,0.0121,0.00348,0.121,0.847,117.985,4
spotify:track:2Bxt2qamL6iu0XN0Td484J,"Virtual Insanity - Remastered 2013","Travelling Without Moving (Remastered)","Jamiroquai",1996-09-09,340906,67,false,quirky613,2026-06-26T21:27:57Z,"","Sony Music CG",0.618,0.893,6,-6.475,1,0.109,0.171,0.0000317,0.285,0.515,91.972,4
spotify:track:2rCbyCozu1vDpEF9jzirzY,"Two Lips (feat. Ocd: Moosh and Twist)","Crew Cuts","Hoodie Allen;Moosh & Twist",2013-02-21,224656,37,true,quirky613,2026-06-26T21:28:35Z,"","Hoodie Allen",0.728,0.955,7,-3.716,1,0.0768,0.0132,0,0.123,0.745,95.488,4
spotify:track:3nFJbZCHP4d9vduKjJLdBL,"Never Too Much","Never Too Much","Luther Vandross",1981-07-23,230269,77,false,quirky613,2026-06-26T21:28:55Z,"alternative r&b","Epic/Legacy",0.734,0.586,2,-11.866,1,0.129,0.125,0,0.0367,0.762,109.933,4
spotify:track:2tUBqZG2AbRi7Q0BIrVrEj,"I Wanna Dance with Somebody (Who Loves Me)","Whitney","Whitney Houston",1987-06-02,292875,87,false,quirky613,2026-06-26T21:29:26Z,"yacht rock","Arista/Legacy",0.709,0.824,1,-8.824,1,0.0453,0.207,0.000307,0.0888,0.867,118.818,4
spotify:track:35Dh5MnCUPLN3XyAVtQff3,"Do It","Ungodly Hour","Chloe x Halle",2020-06-03,176786,60,false,quirky613,2026-06-26T21:29:40Z,"","Parkwood Entertainment/Columbia",0.725,0.668,5,-7.286,0,0.055,0.0932,0.00000233,0.112,0.566,82.966,4
spotify:track:3pXF1nA74528Edde4of9CC,"Don't","T R A P S O U L","Bryson Tiller",2015-10-02,198294,85,true,quirky613,2026-06-26T21:29:46Z,"","TrapSoul/RCA Records",0.765,0.356,11,-5.556,0,0.195,0.223,0,0.0963,0.189,96.991,4
spotify:track:1CgmY8fVN7kstVDZmsdM5k,"P.Y.T. (Pretty Young Thing)","Thriller","Michael Jackson",1982-11-30,238333,89,false,quirky613,2026-06-26T21:29:49Z,"","Epic",0.894,0.67,11,-9.406,0,0.0474,0.172,0.000363,0.0691,0.961,127.209,4
spotify:track:1Qrg8KqiBpW07V7PNxwwwL,"Kill Bill","SOS","SZA",2022-12-08,153946,84,false,quirky613,2026-06-26T21:30:07Z,"","Top Dawg Entertainment/RCA Records",0.644,0.735,8,-5.747,1,0.0391,0.0521,0.144,0.161,0.418,88.98,4
spotify:track:4PMqSO5qyjpvzhlLI5GnID,"Good Days","SOS","SZA",2022-12-09,279203,83,true,quirky613,2026-06-26T21:30:07Z,"","Top Dawg Entertainment/RCA Records",0.461,0.651,1,-8.81,0,0.0568,0.418,0.0000126,0.782,0.383,121.07,4
spotify:track:1c5CllrZr45UBhWpIqM332,"Funny Thing","It Is What It Is","Thundercat",2020-04-03,116630,77,false,quirky613,2026-06-26T21:30:38Z,"","Brainfeeder",0.586,0.893,7,-8.772,1,0.439,0.827,0.642,0.212,0.65,140.023,3
spotify:track:2K2kujL7erU8ItCd2Tv5lh,"Résumé","Division","Jenevieve",2021-09-03,180357,64,false,quirky613,2026-06-26T21:31:18Z,"city pop","Joyface Records/Interscope Records",0.82,0.447,0,-7.686,1,0.085,0.277,0.000041,0.0583,0.661,149.98,4
spotify:track:6xkryXuiZU360Lngd4sx13,"Fantasy","Daydream","Mariah Carey",1995-10-03,243493,82,false,quirky613,2026-06-26T21:31:25Z,"","Columbia",0.669,0.727,7,-7.588,1,0.0353,0.139,0,0.123,0.807,102.322,4
spotify:track:2R0zbd80CqwoB0ORDCqDoK,"She's A Bad Mama Jama (She's Built, She's Stacked) - Single Version","Carl Carlton (Expanded Edition)","Carl Carlton",1981-01-01,235933,72,false,quirky613,2026-06-26T21:31:37Z,"retro soul","Universal Records",0.902,0.551,9,-6.267,0,0.0703,0.15,0.00000195,0.0459,0.776,114.258,4
