Track URI,Track Name,Album Name,Artist Name(s),Release Date,Duration (ms),Popularity,Explicit,Added By,Added At,Genres,Record Label,Danceability,Energy,Key,Loudness,Mode,Speechiness,Acousticness,Instrumentalness,Liveness,Valence,Tempo,Time Signature
spotify:track:295SjpauXeiDEY8bY1bLUX,"Bored to Death","California","blink-182",2016-07-01,235613,39,false,quirky613,2026-06-25T23:04:50Z,"indie,indie rock","BMG Rights Management (US) LLC",0.503,0.966,0,-3.876,1,0.0944,0.00572,0.00000155,0.117,0.638,159.95,4
spotify:track:48w23eUUSD88z3xpetzOoE,"If You Could Only See","Lemon Parade","Tonic",1996-07-15,261533,0,false,quirky613,2026-06-25T23:12:16Z,"alternative rock","Polydor",0.443,0.935,10,-5.087,0,0.0409,0.00217,0,0.217,0.56,95.149,4
spotify:track:4AmJpaF86079ZjFVVYhFbJ,"One Headlight","Bringing Down The Horse","The Wallflowers",1996-01-01,312587,1,false,quirky613,2026-06-25T23:12:32Z,"punk,hardcore punk,skate punk","Interscope",0.702,0.539,2,-8.968,1,0.0277,0.000655,0.005,0.0618,0.752,107.531,4
spotify:track:5RbjZdW8vLZQJpRAZwNIdX,"Superman (It's Not Easy)","Smallville: The Talon Mix","Five For Fighting",2003-02-25,221173,0,false,quirky613,2026-06-25T23:13:13Z,"","Atlantic Records/ATG",0.518,0.474,0,-8.34,1,0.0287,0.322,0,0.1,0.164,106.512,4
spotify:track:5s5t0OFg9lIlBFaCI14K1i,"She Will Be Loved","Songs About Jane","Maroon 5",2002-06-25,257133,2,false,quirky613,2026-06-25T23:21:45Z,"classic rock,rock","Universal Music Group",0.524,0.711,0,-5.494,0,0.0405,0.0567,0,0.134,0.539,203.867,4
spotify:track:6KBYk8OFtod7brGuZ3Y67q,"Misery","Hands All Over (Deluxe)","Maroon 5",2010,216200,68,false,quirky613,2026-06-25T23:21:45Z,"classic rock,rock","Interscope Records*",0.704,0.81,4,-4.874,0,0.0425,0.000315,0,0.216,0.726,102.98,4
spotify:track:2TRuBFYZYw0Q7qIVBhqR1T,"Give A Little More","Hands All Over (Deluxe)","Maroon 5",2010,180293,46,false,quirky613,2026-06-25T23:21:45Z,"classic rock,rock","Interscope Records*",0.753,0.824,0,-4.301,1,0.0385,0.000937,0.00018,0.141,0.937,117.95,4
spotify:track:7zmJyZL3DfYBBYbY8Rve6W,"Stutter","Hands All Over (Deluxe)","Maroon 5",2010,196920,43,false,quirky613,2026-06-25T23:21:45Z,"classic rock,rock","Interscope Records*",0.711,0.882,1,-2.772,0,0.0333,0.0171,0,0.111,0.813,119.991,4
spotify:track:6aevoawMg1c8ZEeGbUUXsK,"Don't Know Nothing","Hands All Over (Deluxe)","Maroon 5",2010,199066,32,false,quirky613,2026-06-25T23:21:45Z,"classic rock,rock","Interscope Records*",0.656,0.848,9,-3.125,0,0.0258,0.0149,0,0.135,0.859,129.995,4
spotify:track:4ucLHLiSjvkCz5Lr5dlVUj,"Never Gonna Leave This Bed","Hands All Over (Deluxe)","Maroon 5",2010,196706,57,false,quirky613,2026-06-25T23:21:45Z,"classic rock,rock","Interscope Records*",0.609,0.81,11,-4.207,1,0.0296,0.11,0,0.246,0.47,117.364,4
spotify:track:6foVDdLislZ2e0Z9a69mPo,"I Can't Lie","Hands All Over (Deluxe)","Maroon 5",2010,211200,48,false,quirky613,2026-06-25T23:21:45Z,"classic rock,rock","Interscope Records*",0.625,0.872,2,-4.89,1,0.0327,0.0257,0,0.168,0.961,90.979,4
spotify:track:1B8KtgxuqcPkG5ZjaS2cuA,"Hands All Over","Hands All Over (Deluxe)","Maroon 5",2010,192853,34,false,quirky613,2026-06-25T23:21:45Z,"classic rock,rock","Interscope Records*",0.651,0.791,5,-4.703,0,0.0398,0.00904,0,0.104,0.725,86.453,4
spotify:track:76W81ivWk9jhpHVykGaS9s,"How","Hands All Over (Deluxe)","Maroon 5",2010,216600,38,false,quirky613,2026-06-25T23:21:45Z,"classic rock,rock","Interscope Records*",0.534,0.693,4,-4.548,1,0.0263,0.121,0,0.335,0.385,92.98,4
spotify:track:2t2CoOfwakFAexhvMmWtTb,"Just A Feeling","Hands All Over (Deluxe)","Maroon 5",2010,226506,50,false,quirky613,2026-06-25T23:21:45Z,"classic rock,rock","Interscope Records*",0.603,0.618,3,-5.098,1,0.0284,0.147,0,0.105,0.295,149.955,4
spotify:track:3Xn9RDEH7KCfA6xpTMCvxf,"No Curtain Call","Hands All Over (Deluxe)","Maroon 5",2010,224720,28,false,quirky613,2026-06-25T23:21:45Z,"classic rock,rock","Interscope Records*",0.519,0.804,10,-4.976,0,0.0268,0.00117,0,0.106,0.348,168.059,4
spotify:track:1lHXlGlve5Zx8tXLhyjDwM,"Makes Me Wonder","It Won't Be Soon Before Long.","Maroon 5",2007-01-01,211080,66,true,quirky613,2026-06-25T23:21:45Z,"classic rock,rock","Interscope Records*",0.803,0.852,7,-2.429,1,0.0357,0.00484,0.000331,0.0576,0.878,113.998,4
spotify:track:1zqllQUMCgMaInr0CzFVll,"Wake Up Call","It Won't Be Soon Before Long.","Maroon 5",2007-01-01,201306,61,false,quirky613,2026-06-25T23:21:45Z,"classic rock,rock","Interscope Records*",0.631,0.949,4,-2.671,0,0.0593,0.0302,0,0.0871,0.968,164.11,4
spotify:track:0Bw6iiL5mYvq5I8VCaspqG,"Goodnight Goodnight","It Won't Be Soon Before Long.","Maroon 5",2007-01-01,243306,45,false,quirky613,2026-06-25T23:21:45Z,"classic rock,rock","Interscope Records*",0.587,0.701,2,-3.77,1,0.0258,0.0358,0,0.183,0.273,94.977,4
spotify:track:1UvGv4XWZrVDrxbGKJfA0p,"Back At Your Door","It Won't Be Soon Before Long.","Maroon 5",2007-01-01,226826,39,false,quirky613,2026-06-25T23:21:45Z,"classic rock,rock","Interscope Records*",0.647,0.623,3,-3.417,1,0.0262,0.0198,0,0.224,0.317,111.999,3
spotify:track:6tVrmsbI5HVDgOlFSTrQjB,"Lucky Strike","Overexposed","Maroon 5",2021-06-20,185280,49,false,quirky613,2026-06-25T23:21:45Z,"classic rock,rock","Interscope Records*",0.674,0.74,11,-4.517,0,0.0419,0.000637,0,0.111,0.431,143.994,4
spotify:track:2RjpDxBii8EvC6p6wxwCSz,"Harder To Breathe","Songs About Jane","Maroon 5",2002-06-25,173693,58,true,quirky613,2026-06-25T23:21:45Z,"classic rock,rock","Interscope Records*",0.661,0.907,1,-4.764,0,0.0448,0.0497,0,0.0508,0.967,149.928,4
spotify:track:2QAcGZOKjrQW0UL1YxO3Aa,"Kiwi","It Won't Be Soon Before Long.","Maroon 5",2007-01-01,214546,35,false,quirky613,2026-06-25T23:21:45Z,"classic rock,rock","Interscope Records*",0.74,0.874,9,-4.47,0,0.0992,0.0384,0.00634,0.901,0.709,141.989,4
spotify:track:4gbVRS8gloEluzf0GzDOFc,"Maps","V","Maroon 5",2014-09-02,189960,87,false,quirky613,2026-06-25T23:21:45Z,"classic rock,rock","Interscope Records*",0.742,0.713,1,-5.522,0,0.0303,0.0205,0,0.059,0.879,120.032,4
spotify:track:2b8fOow8UzyDFAE27YhOZM,"Memories","Memories","Maroon 5",2019-09-20,189486,38,false,quirky613,2026-06-25T23:21:45Z,"classic rock,rock","222 Records/Interscope Records",0.764,0.32,11,-7.209,1,0.0546,0.837,0,0.0822,0.575,91.019,4
spotify:track:4T5cqerbDXueYSVfXkIITo,"Sunday Morning","Songs About Jane","Maroon 5",2002-06-25,244866,0,false,quirky613,2026-06-25T23:21:45Z,"classic rock,rock","Universal Music Group",0.604,0.761,0,-5.227,1,0.0468,0.0756,0,0.062,0.787,88.04,4
spotify:track:0tuyEYTaqLxE41yGHSsXjy,"Won't Go Home Without You","It Won't Be Soon Before Long.","Maroon 5",2007-01-01,231173,72,false,quirky613,2026-06-25T23:21:45Z,"classic rock,rock","Interscope Records*",0.738,0.614,3,-3.761,1,0.0318,0.0151,0,0.104,0.413,110.021,4
spotify:track:6YgV0EF8xJMZz0Zm6BTaT4,"This Love","Songs About Jane","Maroon 5",2002-06-25,206200,65,false,quirky613,2026-06-25T23:21:45Z,"classic rock,rock","Interscope Records*",0.712,0.862,5,-4.612,0,0.0378,0.0519,0,0.093,0.808,95.051,4
spotify:track:5dR0d2a4czJTua7k1daBoz,"Stay Home","Shrek","Self",2001-01-01,208133,46,false,quirky613,2026-06-25T23:23:13Z,"classic rock,rock,hard rock,rock and roll","Geffen",0.683,0.852,10,-5.639,0,0.049,0.0011,0,0.275,0.767,107.801,4
spotify:track:4hIY051enSBBJ5fzZUzTSU,"How You Love Me Now","Hold On Tight","Hey Monday",2008-10-07,197760,51,false,quirky613,2026-06-25T23:23:35Z,"","Decaydance/Columbia",0.393,0.965,5,-2.078,1,0.0734,0.00912,0,0.385,0.37,134.919,4
spotify:track:0akM7cwQ5xLQIIlTeWzubk,"Boomerang","Legendary","The Summer Set",2013-04-15,209732,52,false,quirky613,2026-06-25T23:24:08Z,"garage rock","Fearless Records",0.646,0.926,6,-2.531,0,0.15,0.0452,0,0.2,0.797,93.998,4
spotify:track:257caBaHKvXjaI4fl2j5sd,"Brilliant Nights","Sounds Like Summer","President Sam",2017-02-20,196970,1,false,quirky613,2026-06-25T23:24:24Z,"pop punk,emo","President Sam",0.397,0.904,6,-2.54,1,0.0624,0.00217,0,0.333,0.58,144.975,4
spotify:track:18FfCC3IPMeCIHV37WQu6f,"Cigarette Song","Sounds Like Summer","President Sam",2017-02-20,205501,0,false,quirky613,2026-06-25T23:24:24Z,"pop punk,emo","President Sam",0.372,0.957,2,-2.345,1,0.0692,0.00801,0.00000103,0.0808,0.647,168.07,4
spotify:track:6IOyNKuxVFhxqmevyHbPuy,"Dark Romances","Sounds Like Summer","President Sam",2017-02-20,213319,0,false,quirky613,2026-06-25T23:24:24Z,"pop punk,emo","President Sam",0.329,0.966,2,-2.14,1,0.0894,0.00104,0.0000327,0.312,0.497,179.896,4
spotify:track:05843aheEdvkMb30QEqzvI,"Government","Sounds Like Summer","President Sam",2017-02-20,171902,0,false,quirky613,2026-06-25T23:24:24Z,"pop punk,emo","President Sam",0.379,0.951,9,-2.927,1,0.0514,0.000286,0.0000106,0.0467,0.487,162.831,4
spotify:track:3sS1RycVF6AVRS2w2s5W9n,"Pipeline","Bitchin' Summer","Agent Orange",1982-06-18,234600,0,false,quirky613,2026-06-25T23:24:49Z,"pop punk,punk,emo","Posh Boy Music",0.197,0.993,4,-7.731,1,0.06,0.00102,0.838,0.323,0.603,179.544,4
spotify:track:1fZhHANKVFNZ9W8iSh76gF,"Stolen","Dusk And Summer","Dashboard Confessional",2006,199106,54,false,quirky613,2026-06-25T23:25:15Z,"","Vagrant Records DC",0.636,0.838,3,-3.988,1,0.0329,0.00143,0.0000122,0.0573,0.318,101.584,4
spotify:track:5muZnnuTjpDdawudJ6XGND,"Cruel Summer","Cruel Summer","Versus Me",2019-10-14,187764,42,false,quirky613,2026-06-25T23:25:20Z,"","Versus Me",0.407,0.971,1,-3.043,1,0.0814,0.000108,0.0000158,0.315,0.554,169.98,4
spotify:track:2dLrkKiddmHEYAQ7fUwfxw,"Summer Elaine and Drunk Dori","Weezer (White Album)","Weezer",2016-04-01,205426,41,false,quirky613,2026-06-25T23:25:47Z,"pop punk","Crush Music/Atlantic",0.558,0.838,11,-6.224,1,0.0464,0.00174,0.0000227,0.102,0.716,122.073,4
spotify:track:4mUt2M3Y4YiQrNJZY9TrOX,"Where I Want To Be","Reach For The Sun","The Dangerous Summer",2009-05-05,218906,0,false,quirky613,2026-06-25T23:25:59Z,"","Hopeless Records",0.456,0.916,9,-4.007,1,0.0771,0.00122,0,0.256,0.569,138.036,4
spotify:track:4Yx9Tw9dTgQ8eGCq3PRDyn,"Raining Blood","Reign In Blood (Expanded)","Slayer",1986-01-01,255186,1,false,quirky613,2026-06-25T23:26:18Z,"pop","Universal Music Group",0.301,0.995,1,-4.394,0,0.159,0.000417,0.295,0.125,0.0374,88.15,4
spotify:track:2ASdjt0HFIRCtq3ZR2J8ab,"The Sound","Covers, Vol. 1","CrazyEightyEight",2017-05-19,210250,25,false,quirky613,2026-06-25T23:34:21Z,"","Boketo Media",0.465,0.98,9,-4.006,1,0.0658,0.0000804,0.00000335,0.173,0.501,140.006,4
spotify:track:2b9lp5A6CqSzwOrBfAFhof,"Crazy Train","Blizzard of Ozz (Expanded Edition)","Ozzy Osbourne",1980-09-20,296200,8,false,quirky613,2026-06-25T23:34:37Z,"post-grunge","Epic/Legacy",0.453,0.905,9,-4.001,1,0.115,0.36,0.000569,0.26,0.474,137.571,4
spotify:track:3QMjwqdebXaghN56pGVrn9,"Shinebox","Shinebox","CrazyEightyEight",2018-01-26,239128,36,false,quirky613,2026-06-25T23:34:37Z,"","Boketo Media",0.377,0.974,2,-7.02,0,0.221,0.000275,0.00428,0.305,0.147,179.926,4
spotify:track:4BggEwLhGfrbrl7JBhC8EC,"Butterfly","The Gift Of Game","Crazy Town",2000-12-15,216733,77,false,quirky613,2026-06-25T23:34:37Z,"thrash metal,metal,speed metal,heavy metal,groove metal,death metal","Columbia",0.736,0.811,9,-4.17,0,0.081,0.00132,0.000142,0.107,0.609,103.502,4
spotify:track:74irxdVWstNlEQjsvArITq,"Crazy","Get A Grip","Aerosmith",1993-01-01,316693,4,false,quirky613,2026-06-25T23:34:37Z,"emo","Aerosmith P&D - Geffen",0.37,0.866,6,-3.879,0,0.0384,0.0868,0,0.137,0.427,162.086,3
spotify:track:6V68ItawQkQlZhYIf1S86C,"Crazy = Genius","Death of a Bachelor","Panic! At The Disco",2016-01-15,198040,64,true,quirky613,2026-06-25T23:35:00Z,"psychedelic rock,classic rock,acid rock,blues rock","Decaydance/Fueled By Ramen",0.455,0.91,2,-4.464,1,0.166,0.000247,0,0.107,0.447,114.109,4
spotify:track:51SHHWOEjxJrEp07SNxow6,"Crazy","Still Not Getting Any...","Simple Plan",2004-10-25,216559,43,false,quirky613,2026-06-25T23:35:00Z,"pop punk","Atlantic Records",0.378,0.846,8,-3.187,1,0.0417,0.00147,0,0.0905,0.387,180.27,4
spotify:track:61nSbxyL6VRPp32AMscxiF,"Crazy Train - 2002 Version","The Ozzman Cometh","Ozzy Osbourne",1997-11-11,289466,0,false,quirky613,2026-06-25T23:35:08Z,"post-grunge","Epic",0.465,0.902,9,-4.628,1,0.0587,0.0184,0.00114,0.348,0.603,137.272,4
spotify:track:1JmRbZclLHgneDrpyA9e3X,"Undercover Martyn","Tourist History","Two Door Cinema Club",2010-02-17,167773,74,false,quirky613,2026-06-25T23:42:53Z,"","Glassnote - VMG",0.439,0.86,11,-4.824,0,0.166,0.00043,0.0000159,0.0783,0.577,159.82,4
spotify:track:1kdiiFGX1Htx0aVZYaDwEJ,"Tears Don't Fall","The Poison","Bullet For My Valentine",2006-02-14,348386,70,true,quirky613,2026-06-25T23:45:57Z,"pop punk","Red Ink/Trustkill",0.213,0.927,7,-3.378,0,0.14,0.000729,0.00000485,0.081,0.28,162.109,4
spotify:track:5eK5xQl8EGzR5zYkxaDCAn,"Be My Escape","Mmhmm","Relient K",2004-11-02,240453,63,false,quirky613,2026-06-25T23:47:06Z,"","Gotee Records",0.553,0.864,9,-5.062,1,0.0396,0.00605,0,0.132,0.298,112.51,4
spotify:track:1aDLUzCyYpRXgrjwUWzV2X,"Lazy Eye","Carnavas","Silversun Pickups",2006-07-25,354360,17,false,quirky613,2026-06-25T23:51:20Z,"rap rock,nu metal","Dangerbird Records",0.633,0.831,4,-5.053,1,0.0461,0.0401,0.693,0.117,0.243,127.397,4
spotify:track:1C0pmryC2MdXfa7MZ9uIrU,"One Week","Stunt","Barenaked Ladies",1998-07-07,169760,2,false,quirky613,2026-06-25T23:54:37Z,"","Reprise",0.702,0.898,9,-6.003,1,0.0373,0.00854,0.000154,0.0917,0.731,112.845,4
spotify:track:7n3REqDfZBpkd0bEpGu2H3,"Mr. Jones","Films About Ghosts (The Best Of Counting Crows)","Counting Crows",2003-11-24,272733,52,false,quirky613,2026-06-25T23:54:37Z,"","Geffen",0.571,0.836,0,-5.556,1,0.0371,0.194,0.00000409,0.182,0.73,141.612,4
spotify:track:7yCPwWs66K8Ba5lFuU2bcx,"All The Small Things","Enema Of The State","blink-182",1999-01-01,168000,9,false,quirky613,2026-06-25T23:56:00Z,"indie,indie rock","Interscope",0.439,0.891,0,-4.764,1,0.057,0.0122,0,0.547,0.695,148.599,4
spotify:track:0f8MA1n2bvsg7eGvYZ4lhx,"In One Ear","Cage The Elephant","Cage The Elephant",2009-03-27,241320,3,true,quirky613,2026-06-25T23:56:00Z,"","Jive",0.326,0.948,1,-4.315,0,0.0606,0.000258,0,0.367,0.358,166.388,4
spotify:track:3Vz4JalmlS6UuoH7cUtEDn,"James Brown","Cage The Elephant","Cage The Elephant",2009-03-27,200680,0,false,quirky613,2026-06-25T23:56:00Z,"","Jive",0.412,0.966,10,-3.007,0,0.0383,0.000502,0,0.225,0.735,143.09,4
spotify:track:4DfYuUiiLdJ3PrMSm7WEAo,"Drones In The Valley","Cage The Elephant","Cage The Elephant",2009-03-27,147853,0,false,quirky613,2026-06-25T23:56:00Z,"","Jive",0.505,0.887,0,-4.658,1,0.0379,0.000299,0,0.532,0.85,133.973,4
spotify:track:4TWdNyHPYA1z5sfaL8XKuU,"Back Stabbin' Betty","Cage The Elephant","Cage The Elephant",2009-03-27,219000,0,true,quirky613,2026-06-25T23:56:00Z,"","Jive",0.317,0.856,2,-4.173,1,0.0445,0.0069,0,0.127,0.699,204.078,4
spotify:track:75OpL67uwHgyisOMd6Hj0M,"Free Love","Cage The Elephant","Cage The Elephant",2009-03-27,208533,0,false,quirky613,2026-06-25T23:56:00Z,"","Jive",0.206,0.962,2,-3.912,1,0.164,0.000341,0,0.0877,0.292,153.755,4
spotify:track:1QNqByYACWj70q8DFidb9s,"Sell Yourself","Thank You Happy Birthday","Cage The Elephant",2011,131360,0,false,quirky613,2026-06-25T23:56:00Z,"","Jive",0.353,0.995,0,-1.23,1,0.196,0.00147,0.0000277,0.246,0.283,155.129,4
spotify:track:2wTm7uMzLuTiRw70GSK0Yi,"Right Before My Eyes","Thank You Happy Birthday","Cage The Elephant",2011,194826,0,false,quirky613,2026-06-25T23:56:00Z,"","Jive",0.488,0.903,1,-3.558,1,0.0373,0.000282,0.0000559,0.131,0.305,132.057,4
spotify:track:2QLjqCwbufKoZE2S6yJ03F,"Around My Head","Thank You Happy Birthday","Cage The Elephant",2011,191600,0,false,quirky613,2026-06-25T23:56:00Z,"","Jive",0.516,0.959,2,-2.484,1,0.0597,0.000659,0.00000444,0.046,0.474,109.91,4
spotify:track:0HhlU4LrDGmBwXY75em96V,"Sabertooth Tiger","Thank You Happy Birthday","Cage The Elephant",2011,171546,0,false,quirky613,2026-06-25T23:56:00Z,"","Jive",0.154,0.982,9,-3.133,0,0.321,0.0000547,0.923,0.0943,0.102,82.898,4
spotify:track:7e80ah4iiVMxsZGeUy7fxT,"Japanese Buffalo","Thank You Happy Birthday","Cage The Elephant",2011,183106,0,false,quirky613,2026-06-25T23:56:00Z,"","Jive",0.159,0.929,0,-3.171,1,0.141,0.0000643,0,0.305,0.17,97.306,4
spotify:track:4p7isjE8RGKAYdjOdWijK7,"Paralyzer","Them vs. You. vs. Me (Deluxe Edition) and (Bonus Cuts)","Finger Eleven",2007,208106,0,false,quirky613,2026-06-25T23:56:21Z,"","Bicycle",0.645,0.938,11,-3.472,0,0.0451,0.163,0,0.23,0.884,106.01,4
spotify:track:3LRJbFT9rKoKv4aW7PuBJC,"Longview","Dookie","Green Day",1994-02-01,233240,72,true,quirky613,2026-06-25T23:56:21Z,"","Reprise",0.381,0.732,10,-7.594,0,0.0536,0.00834,0.0101,0.0854,0.814,142.504,4
spotify:track:6L89mwZXSOwYl76YXfX13s,"Basket Case","Dookie","Green Day",1994-02-01,181533,87,false,quirky613,2026-06-25T23:56:21Z,"","Reprise",0.442,0.943,3,-3.205,1,0.0602,0.00293,0.00000871,0.091,0.781,85.064,4
spotify:track:1nLnpLXvl68RZCSjfkyiaa,"Brain Stew","Insomniac","Green Day",1995-10-10,193000,84,true,quirky613,2026-06-25T23:56:21Z,"","Reprise",0.559,0.543,1,-5.429,1,0.302,0.00133,0.00002,0.0577,0.337,75.958,4
spotify:track:6uWp8yAt8dN5ZaT7REJ6RV,"Jaded","Insomniac","Green Day",1995-10-10,90226,56,true,quirky613,2026-06-25T23:56:21Z,"","Reprise",0.254,0.995,1,-3.068,1,0.0669,0.0000301,0.0000414,0.0392,0.843,159.336,4
spotify:track:5iRIyW4gRUXOzpeMGgu7pC,"Poprocks & Coke","International Superhits!","Green Day",2001-11-13,158533,43,false,quirky613,2026-06-25T23:56:21Z,"","Reprise",0.383,0.958,9,-2.183,1,0.0443,0.0103,0,0.186,0.943,162.639,4
spotify:track:0ecA7bhTRuquuy7uSh0CXZ,"Minority","International Superhits!","Green Day",2001-11-13,168226,37,true,quirky613,2026-06-25T23:56:21Z,"","Reprise",0.551,0.965,0,-2.772,1,0.0452,0.00576,0,0.171,0.708,137.841,4
spotify:track:6WlmA3HPHuNIR2mxI8LkZF,"Hitchin' a Ride","Nimrod","Green Day",1997-10-14,171466,65,false,quirky613,2026-06-25T23:56:21Z,"","Reprise",0.424,0.919,9,-4.629,1,0.1,0.00306,0.00674,0.123,0.684,163.732,4
spotify:track:6ORqU0bHbVCRjXm9AjyHyZ,"Good Riddance (Time of Your Life)","Nimrod","Green Day",1997-10-14,153466,83,true,quirky613,2026-06-25T23:56:21Z,"","Reprise",0.475,0.432,7,-7.844,1,0.0302,0.183,0,0.161,0.648,94.605,4
spotify:track:7aOor99o8NNLZYElOXlBG1,"Highway Tune","From The Fires","Greta Van Fleet",2017-11-10,180640,74,false,quirky613,2026-06-25T23:56:21Z,"","Lava Music/Republic Records",0.582,0.962,4,-3.037,1,0.0542,0.0096,0.128,0.283,0.506,123.971,4
spotify:track:7cz70nyRXlCJOE85whEkgU,"Flagpole Sitta","Where Have All The Merrymakers Gone?","Harvey Danger",1997-01-01,217266,71,false,quirky613,2026-06-25T23:56:21Z,"","Decca Music Group Ltd.",0.361,0.901,4,-4.133,0,0.0443,0.00152,0.000263,0.286,0.482,144.97,4
spotify:track:2C3dOmuQnOb28WVPvIToWQ,"Fuqboi","From The Outside","Hey Violet",2017-06-16,187939,40,true,quirky613,2026-06-25T23:56:21Z,"metal,glam metal,heavy metal,hard rock","Capitol Records (CAP)",0.476,0.695,2,-6.837,1,0.163,0.0401,0,0.0682,0.615,200.167,4
spotify:track:7yoBjKO6cCnK3zV8gr1k4e,"Lydia","Mister Asylum","Highly Suspect",2015-07-17,242560,69,true,quirky613,2026-06-25T23:56:21Z,"indie rock,indie,alternative rock","300 Entertainment",0.417,0.706,6,-4.652,0,0.0945,0.00933,0.000572,0.474,0.512,127.884,4
spotify:track:40LQiUUUKXVGyNs09lHVjW,"Lips Of An Angel","Extreme Behavior","Hinder",2005-01-01,261853,80,false,quirky613,2026-06-25T23:56:21Z,"emo,pop punk","Universal Records",0.476,0.736,2,-5.38,1,0.0343,0.0217,0.00000108,0.203,0.251,129.084,4
spotify:track:7KccnIMXn4fkqqWrNeKZNS,"Bandages","Make Up The Breakdown","Hot Hot Heat",2002-10-08,212333,0,false,quirky613,2026-06-25T23:56:21Z,"rock","Sub Pop",0.376,0.946,4,-3.778,0,0.0897,0.00756,0,0.107,0.858,150.199,4
spotify:track:4G8gkOterJn0Ywt6uhqbhp,"Radioactive","Night Visions","Imagine Dragons",2012-09-04,186813,76,false,quirky613,2026-06-25T23:56:21Z,"metalcore","Kid Ina Korner / Interscope",0.448,0.784,9,-3.686,1,0.0625,0.0999,0.000108,0.668,0.237,136.239,4
spotify:track:3dw0A0cbqT6Oy2V8KfGwIT,"Tiptoe","Night Visions","Imagine Dragons",2012-09-04,193000,50,false,quirky613,2026-06-25T23:56:21Z,"metalcore","Kid Ina Korner / Interscope",0.527,0.82,6,-5.855,1,0.0325,0.00154,0.0000193,0.0882,0.251,120.041,4
spotify:track:6BtmXhTJMM9sBTHeYYASGz,"It's Time","Night Visions","Imagine Dragons",2012-09-04,237986,73,false,quirky613,2026-06-25T23:56:21Z,"metalcore","Kid Ina Korner / Interscope",0.656,0.884,2,-4.748,1,0.0372,0.016,0,0.145,0.858,105.009,4
spotify:track:3LlAyCYU26dvFZBDUIMb7a,"Demons","Night Visions","Imagine Dragons",2012-09-04,175200,77,false,quirky613,2026-06-25T23:56:21Z,"metalcore","Kid Ina Korner / Interscope",0.5,0.71,3,-3.015,1,0.0339,0.19,0.00025,0.329,0.419,89.929,4
spotify:track:6Qj1WXW41Mn3Fh9V2sHphM,"On Top Of The World","Night Visions","Imagine Dragons",2012-09-04,189840,59,false,quirky613,2026-06-25T23:56:21Z,"metalcore","Kid Ina Korner / Interscope",0.635,0.926,0,-5.589,1,0.15,0.0892,0.0000044,0.0928,0.771,100.043,4
spotify:track:46bkeaB7DA45q7PdKWLFkR,"Amsterdam","Night Visions","Imagine Dragons",2012-09-04,241426,51,false,quirky613,2026-06-25T23:56:21Z,"metalcore","Kid Ina Korner / Interscope",0.517,0.768,9,-4.961,1,0.0363,0.00852,0.0000084,0.136,0.206,115.002,4
spotify:track:3Agiwcd2KjBOG2MkckhC3i,"Hear Me","Night Visions","Imagine Dragons",2012-09-04,232240,48,false,quirky613,2026-06-25T23:56:21Z,"metalcore","Kid Ina Korner / Interscope",0.613,0.833,4,-4.694,1,0.0366,0.000318,0.000669,0.0765,0.54,125.03,4
spotify:track:6NaBDHz9C7Uz9Z9CwLXQin,"Bleeding Out","Night Visions","Imagine Dragons",2012-09-04,221053,57,false,quirky613,2026-06-25T23:56:21Z,"metalcore","Kid Ina Korner / Interscope",0.287,0.754,5,-4.077,0,0.0743,0.0198,0.00000133,0.103,0.285,169.336,4
spotify:track:7cBhzkTWSpHBGAiCZzSika,"Nothing Left To Say / Rocks","Night Visions","Imagine Dragons",2012-09-04,536080,43,false,quirky613,2026-06-25T23:56:21Z,"metalcore","Kid Ina Korner / Interscope",0.267,0.79,0,-7.226,1,0.0472,0.119,0.0000455,0.635,0.0623,108.019,4
spotify:track:5WZn6AJc3D8xM58UqPlco9,"My Fault","Night Visions (Deluxe)","Imagine Dragons",2012-09-04,175333,40,false,quirky613,2026-06-25T23:56:21Z,"metalcore","Kid Ina Korner / Interscope",0.596,0.813,7,-6.226,1,0.0392,0.113,0.0196,0.112,0.519,108.507,4
spotify:track:6pLhhL7EzoVWoyvyTBjqP6,"Round And Round","Night Visions (Deluxe)","Imagine Dragons",2012-09-04,196933,44,false,quirky613,2026-06-25T23:56:21Z,"metalcore","Kid Ina Korner / Interscope",0.455,0.858,0,-4.221,0,0.044,0.00262,0,0.201,0.48,141.947,4
spotify:track:6fFnFIlj8LEHy7991Znnud,"The River","Night Visions (Deluxe)","Imagine Dragons",2012-09-04,204026,39,false,quirky613,2026-06-25T23:56:21Z,"metalcore","Kid Ina Korner / Interscope",0.395,0.637,1,-5.757,1,0.0304,0.00986,0.00229,0.343,0.284,169.996,4
spotify:track:2TaTzAv5PQxDbfjvS7KWXB,"Selene","Night Visions (Deluxe)","Imagine Dragons",2012-09-04,240066,42,false,quirky613,2026-06-25T23:56:21Z,"metalcore","Kid Ina Korner / Interscope",0.56,0.69,0,-4.813,1,0.0258,0.000803,0.00000486,0.118,0.567,94.991,4
spotify:track:1CQXNBt6zv15L8zDITcxRB,"I Bet My Life","Smoke + Mirrors (Deluxe)","Imagine Dragons",2015-10-16,192706,47,false,quirky613,2026-06-25T23:56:21Z,"metalcore","Kid Ina Korner / Interscope",0.546,0.659,1,-8.18,1,0.0394,0.367,0.00108,0.415,0.599,108.04,4
spotify:track:2Xaw1RrXP3mdooKWysuRJ8,"Monster","Smoke + Mirrors (Deluxe)","Imagine Dragons",2015-10-16,249493,65,false,quirky613,2026-06-25T23:56:21Z,"metalcore","Kid Ina Korner / Interscope",0.472,0.774,3,-5.383,1,0.0825,0.168,0.00028,0.132,0.443,179.943,4
spotify:track:2XFOuxF5xUZ00RaVfaIdw2,"Dark Blue","Everything In Transit (Non-PA Release)","Jack's Mannequin",2005-08-23,251933,48,false,quirky613,2026-06-25T23:56:33Z,"post-hardcore,metalcore","Maverick",0.389,0.954,3,-3.945,1,0.126,0.00199,0,0.135,0.382,162.823,4
spotify:track:6cxhGy1VljRgJeX28r1w5x,"Ziggy Stardust - 2002 Digital Remaster","Best Of Bowie","David Bowie",2002-10-21,195026,0,false,quirky613,2026-06-25T23:57:19Z,"","Parlophone UK",0.471,0.599,0,-10.237,1,0.0692,0.0318,0,0.24,0.512,80.26,4
spotify:track:51Gkc1TxvyQ9K8y0pQRmQM,"Been Caught Stealing","Ritual De Lo Habitual","Jane's Addiction",1990,213293,58,false,quirky613,2026-06-25T23:57:19Z,"punk,pop punk","Rhino/Warner Records",0.683,0.9,7,-7.506,1,0.105,0.0146,0.0706,0.296,0.616,103.625,4
spotify:track:0wJoRiX5K5BxlqZTolB2LD,"Purple Haze","Are You Experienced","Jimi Hendrix",1967-05-12,170813,71,false,quirky613,2026-06-25T23:57:19Z,"metalcore,metal","Legacy Recordings",0.533,0.905,2,-5.27,1,0.0754,0.00876,0.578,0.0698,0.486,108.9,4
spotify:track:5Zyv0v4rPcrXjkaeImuodv,"One Rainy Wish","Axis: Bold As Love","Jimi Hendrix",1967-12-01,221826,55,false,quirky613,2026-06-25T23:57:19Z,"metalcore,metal","Legacy Recordings",0.316,0.756,8,-6.315,1,0.1,0.294,0.429,0.351,0.332,165.963,4
spotify:track:2AxCeJ6PSsBYiTckM0HLY7,"Voodoo Child (Slight Return)","Electric Ladyland","Jimi Hendrix",1968-10-25,313373,69,false,quirky613,2026-06-25T23:57:19Z,"metalcore,metal","Legacy Recordings",0.214,0.91,8,-6.662,1,0.389,0.477,0.00833,0.0517,0.448,175.549,4
spotify:track:4DmBVImaIhE3RyNvbtZTTz,"Hear My Train a Comin'","People, Hell & Angels","Jimi Hendrix",2013,343226,54,false,quirky613,2026-06-25T23:57:19Z,"metalcore,metal","Legacy Recordings",0.371,0.634,10,-7.648,0,0.0277,0.146,0.011,0.104,0.568,84.977,4
spotify:track:0NNep3grWO95CVGp04gMM4,"Always with Me, Always with You","Surfing With The Alien","Joe Satriani",1987,202012,54,false,quirky613,2026-06-25T23:57:19Z,"glam rock,art rock","Epic",0.575,0.295,11,-12.584,1,0.0326,0.484,0.703,0.0639,0.394,144.366,3
spotify:track:6kpMYSZ58MkohGS7OkO4A9,"Bron-Yr-Aur - 1993 Remaster","Physical Graffiti (1994 Remaster)","Led Zeppelin",1975-02-24,126373,0,false,quirky613,2026-06-25T23:57:19Z,"post-grunge","Rhino Atlantic",0.343,0.295,0,-18.524,1,0.0375,0.667,0.835,0.0946,0.261,171.668,4
spotify:track:0sqE6XPi9VAaWl5NxDyMQK,"All Over You","Throwing Copper","Live",1994-01-01,239546,69,false,quirky613,2026-06-25T23:57:19Z,"funk rock,grunge","Radioactive Records 40%",0.322,0.835,1,-5.902,1,0.0572,0.00463,0.00000106,0.294,0.352,132.097,4
spotify:track:19J0ZZohj04IUnDvSpIYdt,"I'm Gonna Break You","Downtown Love","Lukewarm Freeda",2008-01-10,275186,14,false,quirky613,2026-06-25T23:57:19Z,"christian rock,christian alternative rock,pop punk","Lukewarm Freeda Productions",0.206,0.956,8,-4.902,1,0.116,0.136,0,0.0912,0.554,149.968,4
spotify:track:3PcHMRujdjxB7hkDFCzPm1,"The Exit","Devil","Lydia",2013-03-19,212750,0,false,quirky613,2026-06-25T23:57:19Z,"post-grunge,grunge","lydia",0.46,0.881,2,-4.764,1,0.0399,0.26,0.0000227,0.105,0.329,156.931,4
spotify:track:5mkGfmJGFZpwK9nA5amOhv,"Sex & Candy","Marcy Playground","Marcy Playground",1997-01-01,173493,76,false,quirky613,2026-06-25T23:57:19Z,"","Capitol Records",0.664,0.558,2,-9.159,1,0.0257,0.238,0,0.106,0.64,80.556,4
spotify:track:5619Ojc6t9evEEs3B7Drhe,"Shake It","Metro Station","Metro Station",2007-09-18,179946,74,false,quirky613,2026-06-25T23:57:19Z,"","Red Ink",0.618,0.955,4,-3.836,1,0.0798,0.00221,0.00000309,0.486,0.79,150.034,4
spotify:track:2lwwrWVKdf3LR9lbbhnr6R,"Float On","Good News For People Who Love Bad News","Modest Mouse",2004-04-05,208466,78,false,quirky613,2026-06-25T23:57:19Z,"","Epic",0.649,0.888,6,-4.807,1,0.0293,0.013,0.00000223,0.0888,0.553,100.975,4
spotify:track:4CG2XyRrTdgeVlptAZEw4J,"Good As Gold","Good As Gold","Moon Taxi",2017-12-08,192960,42,false,quirky613,2026-06-25T23:57:19Z,"pop punk,punk,skate punk,rock,emo","RCA Records Label",0.595,0.789,11,-4.031,0,0.0398,0.0593,0.000794,0.176,0.437,173.978,4
spotify:track:6xyiHZgrmXw7sMyYXbXjPV,"Everything Is Alright","Commit This To Memory","Motion City Soundtrack",2005-06-07,207633,64,false,quirky613,2026-06-25T23:57:19Z,"jam band","Epitaph",0.435,0.95,8,-3.869,1,0.106,0.000494,0,0.317,0.457,160.987,4
spotify:track:5gNVTfD1L6QrPgOf0wFo0q,"Honey, This Mirror Isn't Big Enough for the Two of Us","I Brought You My Bullets, You Brought Me Your Love","My Chemical Romance",2002,231096,64,true,quirky613,2026-06-25T23:57:19Z,"metalcore,pop punk,post-hardcore,screamo,emo","Reprise",0.383,0.946,1,-8.122,0,0.0789,0.000328,0.00000113,0.0537,0.534,108.591,4
spotify:track:5wQnmLuC1W7ATsArWACrgW,"Welcome to the Black Parade","The Black Parade","My Chemical Romance",2006-10-20,311106,83,false,quirky613,2026-06-25T23:57:19Z,"metalcore,pop punk,post-hardcore,screamo,emo","Reprise",0.217,0.905,2,-4.103,1,0.0752,0.000289,0.00011,0.222,0.236,96.95,4
spotify:track:6WoyghnMAvDDRbZfFbpwEo,"In Bloom","The Peace And The Panic","Neck Deep",2017-08-18,218054,0,false,quirky613,2026-06-25T23:57:19Z,"punk,ska punk,ska,skate punk,hardcore punk","Hopeless Records",0.594,0.959,7,-4.697,1,0.0486,0.00359,0.0000134,0.101,0.381,110.979,4
spotify:track:1fBl642IhJOE5U319Gy2Go,"Animal","Habits","Neon Trees",2010-01-01,212293,77,false,quirky613,2026-06-25T23:57:19Z,"","Mercury Records",0.482,0.833,5,-5.611,1,0.0449,0.000346,0,0.365,0.74,148.039,4
spotify:track:1FtCWZUlzcqZdgF28BQAxa,"Moving In The Dark","Picture Show","Neon Trees",2012-01-01,182413,19,false,quirky613,2026-06-25T23:57:19Z,"","Mercury Records",0.519,0.789,4,-5.435,1,0.0473,0.000849,0,0.227,0.756,149.99,4
spotify:track:2aCfDEEAs8Yz453oKGGFzB,"Mad Love","Picture Show","Neon Trees",2012-01-01,190360,12,false,quirky613,2026-06-25T23:57:19Z,"","Mercury Records",0.554,0.816,0,-5.064,1,0.0294,0.00622,0.000681,0.229,0.761,139.972,4
spotify:track:6fIskemZg7wMCU0HkHP6Bh,"Still Young","Picture Show","Neon Trees",2012-01-01,304160,10,false,quirky613,2026-06-25T23:57:19Z,"","Mercury Records",0.423,0.772,2,-5.439,1,0.0444,0.00115,0,0.0877,0.197,126.037,4
spotify:track:5zXSzPlVe02cidUt3sfJTQ,"I Am The D.J.","Picture Show","Neon Trees",2012-01-01,314840,11,false,quirky613,2026-06-25T23:57:19Z,"","Mercury Records",0.277,0.715,0,-6.142,1,0.068,0.00596,0.00000192,0.105,0.0754,146.222,4
spotify:track:0K1KOCeJBj3lpDYxEX9qP2,"Sleeping With A Friend","Pop Psychology","Neon Trees",2014-01-01,228840,58,false,quirky613,2026-06-25T23:57:19Z,"","Mercury Records",0.582,0.882,2,-4.256,1,0.0355,0.00189,0.0000103,0.32,0.507,107.034,4
spotify:track:12mF5rnbbT7jNqiBv8NBFt,"My Friends Over You","Sticks and Stones","New Found Glory",2002-01-01,220200,3,false,quirky613,2026-06-25T23:57:19Z,"alternative rock,rock","Geffen*",0.398,0.978,2,-4.001,1,0.133,0.000291,0,0.0947,0.441,177.797,4
spotify:track:573latfTMO7SpGtStVrQx5,"Harlem","A Bad Girl In Harlem","New Politics",2013-05-17,163626,55,false,quirky613,2026-06-25T23:57:19Z,"southern rock","RCA Records Label",0.603,0.952,6,-3.699,1,0.0947,0.00189,0.000445,0.317,0.588,133.97,4
spotify:track:4xjkURdXzlD9v41aqxKj14,"Berlin","A Bad Girl In Harlem","New Politics",2013-05-17,191306,27,false,quirky613,2026-06-25T23:57:19Z,"southern rock","RCA Records Label",0.506,0.899,6,-5.826,1,0.0595,0.0028,0,0.372,0.518,128.001,4
spotify:track:6eemPcEyvaxp7gDhDtY8HT,"Stuck On You","A Bad Girl In Harlem","New Politics",2013-05-17,222680,30,false,quirky613,2026-06-25T23:57:19Z,"southern rock","RCA Records Label",0.39,0.716,4,-5.702,1,0.0327,0.015,0,0.159,0.437,171.882,4
spotify:track:67MudlrE6QB0cpjuVMbgSH,"Goodbye Copenhagen","A Bad Girl In Harlem","New Politics",2013-05-17,202426,24,true,quirky613,2026-06-25T23:57:19Z,"southern rock","RCA Records Label",0.433,0.949,7,-4.395,1,0.151,0.0000825,0,0.0572,0.429,84.864,4
spotify:track:6YUVY9hQSUnBve3MBRw1wd,"Fall Into These Arms","A Bad Girl In Harlem","New Politics",2013-05-17,224360,27,false,quirky613,2026-06-25T23:57:19Z,"southern rock","RCA Records Label",0.515,0.87,7,-3.651,1,0.0588,0.0107,0,0.0679,0.435,92.043,4
spotify:track:2Y3wF2Udv5amUErlNjLrZV,"Give Me Hope","New Politics","New Politics",2010-07-12,167706,23,false,quirky613,2026-06-25T23:57:19Z,"southern rock","RCA Records Label",0.57,0.89,4,-2.725,1,0.0451,0.00133,0.0105,0.144,0.481,93.976,4
spotify:track:0uEJuGXKNWV3y5mRjh3uGw,"Love Is A Drug","New Politics","New Politics",2010-07-12,195093,23,true,quirky613,2026-06-25T23:57:19Z,"southern rock","RCA Records Label",0.624,0.95,1,-2.216,1,0.0566,0.00156,0.0000196,0.159,0.666,103.998,4
spotify:track:3UT562GHuZSIf2q5b23UTo,"My Love","New Politics","New Politics",2010-07-12,202000,23,false,quirky613,2026-06-25T23:57:19Z,"southern rock","RCA Records Label",0.298,0.918,8,-2.622,1,0.0586,0.02,0.0000041,0.938,0.364,155.075,3
spotify:track:3mMcONXl666919f7y6tA5j,"Everywhere I Go (Kings and Queens)","Vikings","New Politics",2015-08-14,205053,39,true,quirky613,2026-06-25T23:57:19Z,"southern rock","DCD2/Warner Records",0.477,0.981,4,-3.396,1,0.306,0.07,0.0000317,0.648,0.502,163.999,4
spotify:track:4hCY2Ojd6Gqylqd4G1yACB,"Pretend We're in a Movie","Vikings","New Politics",2015-08-14,195066,22,false,quirky613,2026-06-25T23:57:19Z,"southern rock","DCD2/Warner Records",0.413,0.953,2,-3.247,1,0.15,0.00111,0,0.453,0.58,169.966,4
spotify:track:2fOxxLz9JVe53itq6pfBak,"It's My Life","The Singles Collection","No Doubt",2003-01-01,225866,67,false,quirky613,2026-06-25T23:57:19Z,"pop punk,emo","Interscope",0.606,0.75,8,-4.535,0,0.0306,0.00264,0.000788,0.321,0.771,126.316,4
spotify:track:1CsUH29MaAIMbfGh4FEG4w,"Hella Good","The Singles Collection","No Doubt",2003-01-01,242253,48,false,quirky613,2026-06-25T23:57:19Z,"pop punk,emo","Interscope",0.777,0.673,8,-3.953,1,0.0351,0.0162,0.00892,0.0869,0.821,115.133,4
spotify:track:5ZcmP16SFTTgHT7WyZYWNQ,"Spiderwebs","The Singles Collection","No Doubt",2003-01-01,266706,43,false,quirky613,2026-06-25T23:57:19Z,"pop punk,emo","Interscope",0.484,0.925,10,-4.046,1,0.058,0.0373,0.00000172,0.248,0.66,143.246,4
spotify:track:32oh9wNU89gmX6CohLTdeG,"Shattered [Turn The Car Around]","All Sides","O.A.R.",2008-07-01,255493,0,false,quirky613,2026-06-25T23:57:19Z,"glam rock","Concord Music Group",0.571,0.784,11,-6.396,1,0.0352,0.0175,0,0.19,0.462,105.973,4
spotify:track:1eOSIXVCruqALW7NyrazbZ,"Heard The World","Stories Of A Stranger (U.S. Version)","O.A.R.",2005-10-04,301053,0,false,quirky613,2026-06-25T23:57:19Z,"glam rock","Concord Music Group",0.532,0.748,9,-3.626,0,0.0299,0.025,0,0.334,0.443,136.039,4
spotify:track:2xwsf9FuFINP1X4FTsqZ7Q,"Peace","The Rockville LP","O.A.R.",2014-01-01,215915,57,false,quirky613,2026-06-25T23:57:19Z,"glam rock","Vanguard",0.449,0.721,9,-5.965,1,0.0392,0.166,0,0.0999,0.493,178.141,4
spotify:track:40bynawzslg9U7ACq07fAj,"Champagne Supernova (Remastered)","(What's The Story) Morning Glory? (Deluxe Edition) [Remastered]","Oasis",1995-10-02,448438,1,false,quirky613,2026-06-25T23:57:19Z,"","Big Brother Recordings, Ltd.",0.286,0.796,2,-4.625,1,0.0388,0.47,0.063,0.364,0.12,150.272,4
spotify:track:2xHlwGuBr9RXu8nlawDUka,"I Won't Let You Down","Hungry Ghosts","OK Go",2014-10-14,222440,0,false,quirky613,2026-06-25T23:57:19Z,"","BMG Rights Management",0.755,0.915,2,-3.505,1,0.105,0.0257,0,0.0351,0.7,113.986,4
spotify:track:3SFGlS414TwLQ8PLZxSp9T,"The One Moment","Hungry Ghosts","OK Go",2014-10-14,223840,0,false,quirky613,2026-06-25T23:57:19Z,"","BMG Rights Management",0.509,0.811,0,-4.89,1,0.0547,0.00157,0.0000977,0.332,0.377,124.001,4
spotify:track:1pHP4JeQV9wDx87D6qH9hD,"Here It Goes Again","Oh No","OK Go",2005-01-01,179813,66,false,quirky613,2026-06-25T23:57:19Z,"","Capitol Records",0.537,0.882,0,-2.306,1,0.0403,0.00035,0.0000906,0.12,0.81,145.73,4
spotify:track:6RT3PxDEQOa7m6tK502DNa,"How Bizarre","How Bizarre","OMC",1996,224053,0,false,quirky613,2026-06-25T23:57:19Z,"pop punk,emo","Universal Music LLC",0.784,0.675,0,-7.718,1,0.049,0.261,0.0000014,0.293,0.854,124.908,4
spotify:track:2E7W1X4maFFcjHrVrFA7Vs,"Bark at the Moon","Bark At The Moon (Expanded Edition)","Ozzy Osbourne",1983-12-10,257126,70,false,quirky613,2026-06-25T23:57:19Z,"post-grunge","Epic",0.303,0.961,9,-5.333,0,0.243,0.00253,0.000062,0.132,0.305,146.591,4
spotify:track:1198Lmq0eiMzpJ4ZKzMojn,"Dee","Blizzard of Ozz (Expanded Edition)","Ozzy Osbourne",1980-09-20,49693,0,false,quirky613,2026-06-25T23:57:19Z,"post-grunge","Epic/Legacy",0.567,0.0688,2,-18.879,1,0.0564,0.851,0.864,0.102,0.681,137.714,3
spotify:track:0S3gpZzlT9Hb7CCSV2owX7,"Mama, I'm Coming Home","No More Tears (Expanded Edition)","Ozzy Osbourne",1991-09-17,251869,76,false,quirky613,2026-06-25T23:57:19Z,"post-grunge","Epic",0.282,0.656,8,-6.557,1,0.0302,0.0105,0,0.0892,0.242,139.352,4
spotify:track:7w6PJe5KBPyvuRYxFkPssC,"No More Tears","No More Tears (Expanded Edition)","Ozzy Osbourne",1991-09-17,444983,81,false,quirky613,2026-06-25T23:57:19Z,"post-grunge","Epic",0.346,0.749,6,-6.506,1,0.035,0.00167,0.0000886,0.648,0.315,102.591,4
spotify:track:6MpskE9Q5XEp5pMOy18SIx,"Mr. Crowley - 2002 Version","The Essential Ozzy Osbourne","Ozzy Osbourne",2003-02-11,295133,1,false,quirky613,2026-06-25T23:57:19Z,"post-grunge","Epic/Legacy",0.327,0.814,2,-3.522,0,0.0391,0.0299,0.0109,0.435,0.413,108.076,4
spotify:track:5eB7w8UZJKjL5XmnC6Pctg,"Lying Is the Most Fun a Girl Can Have Without Taking Her Clothes Off","A Fever You Can't Sweat Out","Panic! At The Disco",2005-09-27,200226,72,true,quirky613,2026-06-25T23:57:19Z,"psychedelic rock,classic rock,acid rock,blues rock","Decaydance Records / Fueled By Ramen",0.66,0.8,8,-4.644,1,0.0992,0.106,0,0.154,0.476,125.966,4
spotify:track:4bPQs0PHn4xbipzdPfn6du,"I Write Sins Not Tragedies","A Fever You Can't Sweat Out","Panic! At The Disco",2005-09-27,186634,79,true,quirky613,2026-06-25T23:57:19Z,"psychedelic rock,classic rock,acid rock,blues rock","Decaydance Records / Fueled By Ramen",0.569,0.83,9,-4.106,0,0.14,0.0807,0,0.114,0.609,170.094,4
spotify:track:6od5hFv9IT5JHc7NEF9HRv,"Victorious","Death of a Bachelor","Panic! At The Disco",2016-01-15,178600,70,false,quirky613,2026-06-25T23:57:19Z,"psychedelic rock,classic rock,acid rock,blues rock","Decaydance/Fueled By Ramen",0.57,0.865,8,-4.518,1,0.0472,0.00205,0,0.404,0.691,110.01,4
spotify:track:2fh3bZ8jZhMxOcfESE9nQY,"Don't Threaten Me with a Good Time","Death of a Bachelor","Panic! At The Disco",2016-01-15,213093,73,false,quirky613,2026-06-25T23:57:19Z,"psychedelic rock,classic rock,acid rock,blues rock","Decaydance/Fueled By Ramen",0.559,0.895,1,-4.476,0,0.0832,0.0154,0,0.175,0.59,183.825,4
spotify:track:6TzJLISIitIzn1WtjDY0Op,"Hallelujah","Death of a Bachelor","Panic! At The Disco",2016-01-15,180626,59,false,quirky613,2026-06-25T23:57:19Z,"psychedelic rock,classic rock,acid rock,blues rock","Decaydance/Fueled By Ramen",0.578,0.886,11,-4.348,1,0.0633,0.011,0,0.143,0.615,80.008,4
spotify:track:3px2rAPu74ltbkf9eZsZ8h,"Emperor's New Clothes","Death of a Bachelor","Panic! At The Disco",2016-01-15,158666,70,false,quirky613,2026-06-25T23:57:19Z,"psychedelic rock,classic rock,acid rock,blues rock","Decaydance/Fueled By Ramen",0.562,0.904,1,-4.947,1,0.0807,0.00302,0,0.0433,0.651,94.481,4
spotify:track:1BECwm5qkaBwlbfo4kpYx8,"Death of a Bachelor","Death of a Bachelor","Panic! At The Disco",2016-01-15,203506,70,false,quirky613,2026-06-25T23:57:19Z,"psychedelic rock,classic rock,acid rock,blues rock","Decaydance/Fueled By Ramen",0.462,0.538,0,-5.527,1,0.059,0.0137,0,0.429,0.405,139.256,4
spotify:track:2fmCA13dwQQOGBIbIOWRiJ,"LA Devotee","Death of a Bachelor","Panic! At The Disco",2016-01-15,196520,69,false,quirky613,2026-06-25T23:57:19Z,"psychedelic rock,classic rock,acid rock,blues rock","Decaydance/Fueled By Ramen",0.49,0.848,9,-5.05,1,0.0645,0.00043,0.00000849,0.0665,0.698,175.998,4
spotify:track:3fwKVZ73y7UUGMyR6rVCRa,"Golden Days","Death of a Bachelor","Panic! At The Disco",2016-01-15,254320,58,false,quirky613,2026-06-25T23:57:19Z,"psychedelic rock,classic rock,acid rock,blues rock","Decaydance/Fueled By Ramen",0.556,0.708,7,-5.708,1,0.039,0.00329,0,0.329,0.206,128.006,4
spotify:track:5eoZTdiq4C4aoEfUwAN0ha,"The Good, the Bad and the Dirty","Death of a Bachelor","Panic! At The Disco",2016-01-15,171520,59,false,quirky613,2026-06-25T23:57:19Z,"psychedelic rock,classic rock,acid rock,blues rock","Decaydance/Fueled By Ramen",0.531,0.825,7,-5.333,0,0.0545,0.00191,0,0.329,0.824,156.071,4
spotify:track:2DgdHcjWmO3qd50RzuBLgZ,"House of Memories","Death of a Bachelor","Panic! At The Disco",2016-01-15,208706,83,false,quirky613,2026-06-25T23:57:19Z,"psychedelic rock,classic rock,acid rock,blues rock","Decaydance/Fueled By Ramen",0.506,0.817,11,-5.051,0,0.0335,0.00272,0,0.0486,0.506,109.952,4
spotify:track:46Kcradxrva9Dny4lHU1b3,"Miss Jackson (feat. LOLO)","Too Weird to Live, Too Rare to Die!","Panic! At The Disco;LOLO",2013-10-04,192053,65,false,quirky613,2026-06-25T23:57:19Z,"psychedelic rock,classic rock,acid rock,blues rock","Decaydance/Fueled By Ramen",0.642,0.873,2,-5.821,1,0.0551,0.00394,0,0.175,0.662,82.002,4
spotify:track:0zewUY3RSh8yaV7q66Okem,"Vegas Lights","Too Weird to Live, Too Rare to Die!","Panic! At The Disco",2013-10-04,189106,56,false,quirky613,2026-06-25T23:57:19Z,"psychedelic rock,classic rock,acid rock,blues rock","Decaydance/Fueled By Ramen",0.68,0.847,5,-5.987,1,0.0449,0.000433,0,0.331,0.834,123.96,4
spotify:track:2wEjPgOCEczmjlvq60LyQi,"Girls / Girls / Boys","Too Weird to Live, Too Rare to Die!","Panic! At The Disco",2013-10-04,206840,63,false,quirky613,2026-06-25T23:57:19Z,"psychedelic rock,classic rock,acid rock,blues rock","Decaydance/Fueled By Ramen",0.606,0.924,11,-4.531,0,0.0349,0.00216,0.0000033,0.24,0.965,144.998,4
spotify:track:5rLi8B8qgk6qThwRnKHW2P,"The Ballad of Mona Lisa","Vices & Virtues","Panic! At The Disco",2011-03-18,226680,72,false,quirky613,2026-06-25T23:57:19Z,"psychedelic rock,classic rock,acid rock,blues rock","Decaydance/Fueled By Ramen",0.436,0.893,9,-4.18,0,0.0556,0.000362,0,0.103,0.0794,124.113,4
spotify:track:14uvyd51Ha7FihKHlOtUig,"Let's Kill Tonight","Vices & Virtues","Panic! At The Disco",2011-03-18,213520,59,false,quirky613,2026-06-25T23:57:19Z,"psychedelic rock,classic rock,acid rock,blues rock","Decaydance/Fueled By Ramen",0.455,0.867,9,-3.445,0,0.151,0.00428,0.0000501,0.0998,0.29,185.977,4
spotify:track:7m4HUtdXRUHEitLIqbVWxf,"Ready to Go (Get Me Out of My Mind)","Vices & Virtues","Panic! At The Disco",2011-03-18,217026,54,false,quirky613,2026-06-25T23:57:19Z,"psychedelic rock,classic rock,acid rock,blues rock","Decaydance/Fueled By Ramen",0.57,0.922,0,-5.433,1,0.0424,0.000463,0.000188,0.363,0.32,135.01,4
spotify:track:00h6syYCxPKVsInPHXhdZ1,"Sarah Smiles","Vices & Virtues","Panic! At The Disco",2011-03-18,213320,58,false,quirky613,2026-06-25T23:57:19Z,"psychedelic rock,classic rock,acid rock,blues rock","Decaydance/Fueled By Ramen",0.332,0.837,5,-3.437,1,0.038,0.000324,0,0.164,0.551,171.341,4
spotify:track:4V05j7HDUU2bZQwDOeIySh,"Last Resort","To Be Loved: The Best Of Papa Roach (Explicit Version)","Papa Roach",2010-01-01,200480,7,true,quirky613,2026-06-25T23:57:19Z,"","Universal Music Group",0.56,0.892,4,-3.365,0,0.0644,0.000624,0.000164,0.177,0.67,90.615,4
spotify:track:497Fkp3gRiGrRMoqBTDudr,"California - Tchad Blake Mix","The Guest (Expanded Edition)","Phantom Planet",2002,193933,65,false,quirky613,2026-06-25T23:57:19Z,"","Epic/Daylight",0.399,0.805,4,-7.306,1,0.0408,0.0387,0.0000536,0.109,0.32,158.455,4
spotify:track:6DZb3JYHOAV0RR0VTEMCIn,"Nightmare","Renaissance","Polyphia",2016-03-25,246935,46,false,quirky613,2026-06-25T23:57:19Z,"indie rock,indie","Equal Vision Records",0.559,0.916,7,-4.53,1,0.0366,0.000143,0.743,0.262,0.415,113.034,4
spotify:track:7FESgYLcOufHqKlwrvJN60,"Feel It Still","Feel It Still","Portugal. The Man",2017-03-02,163250,59,false,quirky613,2026-06-25T23:57:19Z,"","Atlantic Records",0.78,0.798,1,-5.151,0,0.0613,0.0406,0.0000631,0.0733,0.771,78.969,4
spotify:track:4In6YbLZkQsVnjXdXUKcEi,"She Hates Me","Come Clean (Repackaged International Version)","Puddle Of Mudd",2001,216760,0,true,quirky613,2026-06-25T23:57:19Z,"pop punk,emo","Universal Music Group",0.585,0.757,4,-5.424,1,0.0302,0.00643,0,0.741,0.619,109.781,4
spotify:track:2ZOTtG7v1OrSNs6EINIGb4,"Black Betty","The Very Best Of Ram Jam","Ram Jam",1990-02-27,237893,67,false,quirky613,2026-06-25T23:57:19Z,"christian alternative rock,christian rock","Epic/Legacy",0.465,0.865,11,-9.573,0,0.098,0.018,0.00135,0.0769,0.677,117.528,4
spotify:track:7APyoAtXOISw5u00LaBEbZ,"I Wanna Riot","Punk-O-Rama, Vol. 1","Rancid",2008-07-29,191666,21,false,quirky613,2026-06-25T23:57:19Z,"boom bap","Epitaph",0.687,0.746,0,-8.981,1,0.0408,0.0202,0.00236,0.33,0.776,158.505,4
spotify:track:7ITu86RVIjX5nsMZVojIA0,"Gold","Gold","Sir Sly",2013-01-01,231413,29,false,quirky613,2026-06-25T23:57:19Z,"","Cherrytree Records/Kierszenbaum",0.478,0.839,10,-3.852,0,0.0556,0.372,0.000733,0.317,0.276,90.081,4
spotify:track:06k2bYET2TMAkekjmV5fja,"Ghost","You Haunt Me","Sir Sly",2014-09-16,217320,41,false,quirky613,2026-06-25T23:57:19Z,"","Cherrytree Records/Kierszenbaum",0.321,0.777,4,-4.856,0,0.0751,0.335,0.692,0.109,0.308,85.022,4
spotify:track:3cfOd4CMv2snFaKAnMdnvK,"All Star","Astro Lounge","Smash Mouth",1999-06-08,200373,83,false,quirky613,2026-06-25T23:57:19Z,"jazz rap,east coast hip hop","Interscope",0.731,0.867,11,-5.881,1,0.032,0.0394,0,0.0861,0.776,104.02,4
spotify:track:5Z8fJaVizDUYuPb32AjnGH,"You Got Yr. Cherry Bomb","Ga Ga Ga Ga Ga","Spoon",2007-07-10,188640,0,false,quirky613,2026-06-25T23:57:19Z,"","Merge Records",0.61,0.734,7,-6.193,1,0.0298,0.21,0,0.655,0.815,142.81,4
spotify:track:2YRuexk6q6so8F5M69n4t1,"The Underdog","Ga Ga Ga Ga Ga","Spoon",2007-07-10,222320,0,false,quirky613,2026-06-25T23:57:19Z,"","Merge Records",0.684,0.65,7,-6.447,1,0.034,0.0567,0.000412,0.703,0.889,145.063,4
spotify:track:1Q2nxLJTJ3bPaxUcOlMuGm,"Harry Dean","Drive North","SWMRS",2016-02-12,169073,0,false,quirky613,2026-06-25T23:58:10Z,"pop punk","uncool records",0.43,0.921,7,-6.699,1,0.137,0.000201,0.0394,0.348,0.257,94.926,4
spotify:track:3f9t3zPswqwvzuc9BZsebP,"Miss Yer Kiss","Drive North","SWMRS",2016-10-14,191453,36,true,quirky613,2026-06-25T23:58:10Z,"pop punk","uncool records/Fueled By Ramen",0.528,0.66,2,-6.055,1,0.119,0.176,0,0.391,0.669,178.191,4
spotify:track:6Dqccn57sUbgwuuVoPfenZ,"Miley","Drive North","SWMRS",2016-10-14,254000,36,true,quirky613,2026-06-25T23:58:10Z,"pop punk","uncool records/Fueled By Ramen",0.496,0.403,4,-7.772,1,0.0363,0.254,0,0.0979,0.287,89.991,4
spotify:track:2lUBrYpBtlkOyHxqfMjI7C,"Silver Bullet","Drive North","SWMRS",2016-10-14,193306,28,false,quirky613,2026-06-25T23:58:10Z,"pop punk","uncool records/Fueled By Ramen",0.624,0.825,9,-6.412,1,0.0332,0.000697,0.0000119,0.293,0.708,152.082,4
spotify:track:0EYOdF5FCkgOJJla8DI2Md,"B.Y.O.B.","Mezmerize","System Of A Down",2005-05-17,255466,83,true,quirky613,2026-06-25T23:58:10Z,"emo,pop punk","American/Columbia",0.538,0.981,1,-2.688,0,0.14,0.00662,0,0.219,0.711,101.414,4
spotify:track:5V3mdRI2yQxbSsJGDPc5lD,"Chop Suey!","Toxicity","System Of A Down",2001-01-01,210240,8,false,quirky613,2026-06-25T23:58:10Z,"emo,pop punk","Columbia",0.42,0.929,7,-3.899,0,0.121,0.000353,0.000747,0.122,0.3,127.204,4
spotify:track:5H1KBkH6YC1qo8RXlLDeuw,"Fallin'","Judgment Night","Teenage Fanclub;De La Soul",1993-06-07,265573,44,false,quirky613,2026-06-25T23:58:10Z,"pop punk,emo","Immortal/Epic Sountrax",0.77,0.567,6,-13.372,0,0.0568,0.0911,0.000418,0.135,0.893,88.01,4
spotify:track:5N9K1j2baY9ml4axi0dYNs,"Someday's Gone","Kids In The Street","The All-American Rejects",2012-01-01,205080,35,false,quirky613,2026-06-25T23:58:10Z,"post-grunge","Interscope",0.547,0.739,6,-5.858,1,0.0453,0.00174,0.0023,0.131,0.278,115.929,4
spotify:track:24m68kElKhXrlVUuBFtqaY,"Beekeeper’s Daughter","Kids In The Street","The All-American Rejects",2012-01-01,213520,39,false,quirky613,2026-06-25T23:58:10Z,"post-grunge","Interscope",0.226,0.901,5,-3.795,1,0.106,0.0135,0.0000012,0.336,0.447,171.765,4
spotify:track:6wLHhiI0dVBVTymvNE8ial,"Fast & Slow","Kids In The Street","The All-American Rejects",2012-01-01,240386,32,false,quirky613,2026-06-25T23:58:10Z,"post-grunge","Interscope",0.467,0.841,5,-5.906,1,0.0672,0.000354,0.00169,0.145,0.616,160.033,4
spotify:track:0tcZAUYGCPLWZ4T3yzerk2,"Heartbeat Slowing Down","Kids In The Street","The All-American Rejects",2012-01-01,284280,30,true,quirky613,2026-06-25T23:58:10Z,"post-grunge","Interscope",0.326,0.813,3,-6.227,1,0.0797,0.00744,0.00000654,0.19,0.393,187.936,3
spotify:track:3Q4TrciFW0rFrcKqyMZUCg,"Walk Over Me","Kids In The Street","The All-American Rejects",2012-01-01,238720,31,false,quirky613,2026-06-25T23:58:10Z,"post-grunge","Interscope",0.494,0.914,9,-4.249,1,0.165,0.00442,0,0.322,0.293,127.892,4
spotify:track:5pkARHqqZ0yPtBRAvjLcmf,"Out The Door","Kids In The Street","The All-American Rejects",2012-01-01,218520,24,false,quirky613,2026-06-25T23:58:10Z,"post-grunge","Interscope",0.541,0.55,2,-5.671,1,0.0379,0.00203,0.00000132,0.261,0.378,152.059,4
spotify:track:5417bwQp8RC8XSi4pCJo5w,"Kids In The Street","Kids In The Street","The All-American Rejects",2012-01-01,285613,32,false,quirky613,2026-06-25T23:58:10Z,"post-grunge","Interscope",0.519,0.921,7,-5.954,1,0.0752,0.000771,0.0197,0.231,0.316,138.002,4
spotify:track:2ihspAOv4YYeq1eGgRra2F,"Bleed Into Your Mind","Kids In The Street","The All-American Rejects",2012-01-01,163240,21,false,quirky613,2026-06-25T23:58:10Z,"post-grunge","Interscope",0.612,0.49,1,-6.61,1,0.0399,0.00255,0.00401,0.218,0.0968,137.05,4
spotify:track:7v1tVxo2rbnt4TTjcmytBt,"Gonzo","Kids In The Street","The All-American Rejects",2012-01-01,306146,22,false,quirky613,2026-06-25T23:58:10Z,"post-grunge","Interscope",0.436,0.574,8,-7.308,1,0.0459,0.00406,0.00403,0.111,0.229,142.008,4
spotify:track:2l57cfmCnOkwNX1tky02n1,"Move Along","Move Along","The All-American Rejects",2005-07-12,238880,30,false,quirky613,2026-06-25T23:58:10Z,"post-grunge","Interscope",0.518,0.916,3,-3.858,1,0.0454,0.000148,0,0.291,0.646,109.864,4
spotify:track:2z1yyIX24ExLJCdVSBivYk,"It Ends Tonight","Move Along (Deluxe Edition)","The All-American Rejects",2005-07-12,244826,39,false,quirky613,2026-06-25T23:58:10Z,"post-grunge","Interscope",0.455,0.636,0,-4.731,1,0.0273,0.00232,0,0.154,0.315,87.891,4
spotify:track:1nvErGPVTH9c4L1211o2zn,"Change Your Mind","Move Along (Deluxe Edition)","The All-American Rejects",2005-07-12,220040,29,false,quirky613,2026-06-25T23:58:10Z,"post-grunge","Interscope",0.504,0.834,5,-4.502,1,0.035,0.000414,0,0.127,0.571,149.767,4
spotify:track:2CCaFbnGcOkSZIkgdmvXcP,"My Paper Heart","The All-American Rejects","The All-American Rejects",2002-01-01,228866,0,false,quirky613,2026-06-25T23:58:10Z,"post-grunge","Interscope",0.491,0.843,0,-4.962,1,0.0413,0.000352,0.00000287,0.343,0.8,171.978,4
spotify:track:5ecyhbCHB8Gei5a2vCfn1b,"One More Sad Song","The All-American Rejects","The All-American Rejects",2002-01-01,183640,0,false,quirky613,2026-06-25T23:58:10Z,"post-grunge","Interscope",0.414,0.842,9,-4.94,1,0.053,0.000764,0.00349,0.029,0.737,168.91,4
spotify:track:007wnguCXaI31ixwGhNOGh,"Don't Leave Me","The All-American Rejects","The All-American Rejects",2002-01-01,208266,0,false,quirky613,2026-06-25T23:58:10Z,"post-grunge","Interscope",0.491,0.906,11,-4.127,1,0.139,0.000708,0.0000178,0.115,0.658,163.99,4
spotify:track:52yAsuUchcrDDbNCbFCP96,"Too Far Gone","The All-American Rejects","The All-American Rejects",2002-01-01,245066,0,false,quirky613,2026-06-25T23:58:10Z,"post-grunge","Interscope",0.384,0.867,9,-4.179,1,0.0359,0.000478,0.0000196,0.292,0.373,163.943,4
spotify:track:0z5HpYHAoLtrSZTZEVWxoi,"Drive Away","The All-American Rejects","The All-American Rejects",2002-01-01,180066,0,false,quirky613,2026-06-25T23:58:10Z,"post-grunge","Interscope",0.515,0.961,9,-3.035,1,0.0609,0.00311,0.000216,0.109,0.769,106.022,4
spotify:track:0ddBq0ohiGBoc6PZvkMjZp,"Happy Endings","The All-American Rejects","The All-American Rejects",2002-01-01,260200,0,false,quirky613,2026-06-25T23:58:10Z,"post-grunge","Interscope",0.498,0.889,1,-2.955,1,0.0463,0.000269,0.0000413,0.121,0.731,156.089,4
spotify:track:1agT1o2mpJ3GHusAE8q0FX,"The Last Song","The All-American Rejects","The All-American Rejects",2002-01-01,300386,0,false,quirky613,2026-06-25T23:58:10Z,"post-grunge","Interscope",0.319,0.864,1,-3.269,1,0.0785,0.0433,0.0563,0.224,0.299,179.933,4
spotify:track:1aWYAQICESeHj2Xauv1Zfd,"I Wanna","When The World Comes Down","The All-American Rejects",2008-12-16,208600,50,false,quirky613,2026-06-25T23:58:10Z,"post-grunge","Interscope",0.415,0.913,7,-5.361,1,0.0482,0.000543,0.0000302,0.284,0.427,164.289,4
spotify:track:23w11EYBFY0v3uPxVuRxOV,"Fallin' Apart","When The World Comes Down","The All-American Rejects",2008-12-16,206986,36,false,quirky613,2026-06-25T23:58:10Z,"post-grunge","Interscope",0.672,0.713,0,-4.67,1,0.0283,0.000588,0.0000859,0.0458,0.728,128.035,4
spotify:track:6XQT1dD3kNbtRShuwLzk6L,"Damn Girl","When The World Comes Down","The All-American Rejects",2008-12-16,231466,35,false,quirky613,2026-06-25T23:58:10Z,"post-grunge","Interscope",0.673,0.565,10,-7.357,1,0.0278,0.002,0.00107,0.112,0.9,106.057,4
spotify:track:6ihL9TjfRjadfEePzXXyVF,"Gives You Hell","When The World Comes Down","The All-American Rejects",2008-12-16,213106,72,false,quirky613,2026-06-25T23:58:10Z,"post-grunge","Interscope",0.718,0.691,4,-6.44,1,0.0387,0.0159,0,0.0627,0.552,100.008,4
spotify:track:2m7FsggaXs6rGElWLbgQUS,"Mona Lisa (When The World Comes Down)","When The World Comes Down","The All-American Rejects",2008-12-16,194800,37,false,quirky613,2026-06-25T23:58:10Z,"post-grunge","Interscope",0.628,0.461,7,-10.196,1,0.0257,0.302,0.00000665,0.0973,0.37,128.227,4
spotify:track:6ZbtZVI21M1l2r4cbleJiv,"Breakin'","When The World Comes Down","The All-American Rejects",2008-12-16,238626,32,false,quirky613,2026-06-25T23:58:10Z,"post-grunge","Interscope",0.512,0.889,11,-4.958,1,0.0419,0.000144,0.000177,0.107,0.564,134.102,4
spotify:track:7KCbdQQ7td5imNovgOXJDg,"Another Heart Calls","When The World Comes Down","The All-American Rejects",2008-12-16,247680,35,false,quirky613,2026-06-25T23:58:10Z,"post-grunge","Interscope",0.561,0.808,5,-5.979,1,0.0339,0.00493,0.00023,0.552,0.374,149.005,4
spotify:track:0egquCi66NSXmdhCQoqbDB,"Real World","When The World Comes Down","The All-American Rejects",2008-12-16,242973,33,false,quirky613,2026-06-25T23:58:10Z,"post-grunge","Interscope",0.512,0.903,0,-4.035,1,0.0303,0.000608,0.00000382,0.114,0.716,162.052,4
spotify:track:0AywS4uPzDmkSW1wX7014k,"Back To Me","When The World Comes Down","The All-American Rejects",2008-12-16,268880,32,false,quirky613,2026-06-25T23:58:10Z,"post-grunge","Interscope",0.402,0.617,9,-5.766,1,0.0287,0.00739,0.00000937,0.158,0.374,173.747,4
spotify:track:4gNNCbZFH3ENjPhtvuXWI9,"Believe","When The World Comes Down","The All-American Rejects",2008-12-16,208306,29,false,quirky613,2026-06-25T23:58:10Z,"post-grunge","Interscope",0.453,0.921,4,-5.582,1,0.0547,0.000206,0.0000613,0.361,0.466,160.168,4
spotify:track:7Bz4NRXHoQF1OdhvxFDbCt,"The Wind Blows","When The World Comes Down","The All-American Rejects",2008-12-16,262253,36,false,quirky613,2026-06-25T23:58:10Z,"post-grunge","Interscope",0.582,0.696,0,-6.728,1,0.0283,0.0224,0.00000529,0.188,0.77,83.541,4
spotify:track:2M98FO4fkGec4lzsafk8YY,"Intoxicated","Symphony Soldier","The Cab",2011,248080,0,false,quirky613,2026-06-25T23:58:10Z,"alternative rock","Republic Records",0.579,0.889,6,-4.078,1,0.0796,0.197,0,0.131,0.556,125.948,4
spotify:track:4kAgnAL4WKx7YqnlL2fvMh,"Smile Like You Mean It","Hot Fuss","The Killers",2004-06-15,234106,1,false,quirky613,2026-06-25T23:58:10Z,"nu metal,metal,alternative metal,rap metal,rock","Island Records",0.362,0.979,3,-2.581,0,0.161,0.000378,0.0151,0.231,0.383,125.087,4
spotify:track:70wYA8oYHoMzhRRkARoMhU,"When You Were Young","Sam's Town","The Killers",2006-09-27,220426,82,false,quirky613,2026-06-25T23:58:10Z,"nu metal,metal,alternative metal,rap metal,rock","Island Records",0.467,0.988,11,-3.313,1,0.112,0.000152,0.0484,0.28,0.321,130.433,4
spotify:track:5AjnvGU4FVzdVLAJSaMJME,"Sunny Afternoon - Mono Mix","Classics: The Best of The Kinks","The Kinks",2014-07-29,212946,0,false,quirky613,2026-06-25T23:58:10Z,"pop punk,emo,punk","Sanctuary Records",0.553,0.519,0,-8.056,1,0.0269,0.194,0,0.0667,0.474,123.698,4
spotify:track:7bj0JheylhhxzKfGTNCbYc,"Can't Repeat","Greatest Hits","The Offspring",2013-12-20,206520,0,false,quirky613,2026-06-25T23:58:10Z,"math rock,djent,progressive metal,progressive rock","Columbia",0.531,0.863,0,-3.822,1,0.0383,0.011,0.00000183,0.0844,0.609,106.279,4
spotify:track:7uz3vAnO8rzzImn84aBB1O,"Come out and Play","Greatest Hits","The Offspring",2013-12-20,197800,0,false,quirky613,2026-06-25T23:58:10Z,"math rock,djent,progressive metal,progressive rock","Columbia",0.476,0.856,7,-3.764,1,0.161,0.0535,0.00000675,0.0846,0.847,158.671,4
spotify:track:2Eh1aSzSV0b6YpqOXgWH8G,"Self Esteem","Greatest Hits","The Offspring",2013-12-20,257760,0,false,quirky613,2026-06-25T23:58:10Z,"math rock,djent,progressive metal,progressive rock","Columbia",0.458,0.912,5,-3.666,1,0.0618,0.0175,0,0.363,0.611,104.526,4
spotify:track:05gqS78oJVqZIvIARimXjD,"All I Want","Greatest Hits","The Offspring",2013-12-20,112506,0,false,quirky613,2026-06-25T23:58:10Z,"math rock,djent,progressive metal,progressive rock","Columbia",0.208,0.976,6,-3.346,0,0.151,0.00972,0,0.796,0.527,172.87,4
spotify:track:1tQV20xD1YThuCSSMBfvs7,"Gone Away","Greatest Hits","The Offspring",2013-12-20,267866,0,false,quirky613,2026-06-25T23:58:10Z,"math rock,djent,progressive metal,progressive rock","Columbia",0.446,0.946,3,-4.007,1,0.0801,0.0119,0.00778,0.0739,0.308,111.294,4
spotify:track:55o3P2MbAHVuvfODFLu45V,"Pretty Fly (For a White Guy)","Greatest Hits","The Offspring",2013-12-20,188480,0,false,quirky613,2026-06-25T23:58:10Z,"math rock,djent,progressive metal,progressive rock","Columbia",0.724,0.902,11,-3.699,0,0.0936,0.0984,0.00000146,0.0476,0.963,143.375,4
spotify:track:0z2TMb0SEx3np7MeohoopV,"Why Don't You Get a Job?","Greatest Hits","The Offspring",2013-12-20,169026,0,true,quirky613,2026-06-25T23:58:10Z,"math rock,djent,progressive metal,progressive rock","Columbia",0.768,0.772,5,-4.317,1,0.0411,0.056,0.0000059,0.253,0.937,107.958,4
spotify:track:6yhA35cQ6zNtccfoF9hH8k,"The Kids Aren't Alright","Greatest Hits","The Offspring",2013-12-20,179946,0,false,quirky613,2026-06-25T23:58:10Z,"math rock,djent,progressive metal,progressive rock","Columbia",0.512,0.945,1,-4.204,1,0.0347,0.006,0.0000325,0.0581,0.812,99.552,4
spotify:track:0UDIt7npzavqmZBtC5B6C0,"Original Prankster","Greatest Hits","The Offspring",2013-12-20,220893,0,false,quirky613,2026-06-25T23:58:10Z,"math rock,djent,progressive metal,progressive rock","Columbia",0.665,0.882,2,-4.206,1,0.0341,0.000524,0.0000214,0.241,0.96,146.771,4
spotify:track:0QT7lw4lCIk1XBzaZphJvh,"Want You Bad","Greatest Hits","The Offspring",2013-12-20,202306,0,false,quirky613,2026-06-25T23:58:10Z,"math rock,djent,progressive metal,progressive rock","Columbia",0.488,0.969,4,-4.252,1,0.0498,0.0000543,0,0.119,0.651,105.529,4
spotify:track:2UM6klS2tKaNKZIPOC4gTR,"Defy You","Greatest Hits","The Offspring",2013-12-20,228240,0,false,quirky613,2026-06-25T23:58:10Z,"math rock,djent,progressive metal,progressive rock","Columbia",0.491,0.841,11,-3.651,0,0.0387,0.000609,0.0000024,0.131,0.669,92.296,4
spotify:track:3cGChKMo0635LsUdXAeKId,"Hit That","Greatest Hits","The Offspring",2013-12-20,168306,0,false,quirky613,2026-06-25T23:58:10Z,"math rock,djent,progressive metal,progressive rock","Columbia",0.704,0.8,4,-3.481,1,0.0319,0.0777,0,0.059,0.967,131.953,4
spotify:track:4zTejQEydEnAgeaw8wYBMC,"(Can't Get My) Head Around You","Greatest Hits","The Offspring",2013-12-20,135093,0,false,quirky613,2026-06-25T23:58:10Z,"math rock,djent,progressive metal,progressive rock","Columbia",0.531,0.825,7,-4.651,1,0.0664,0.00721,0.00000916,0.0957,0.716,143.321,4
spotify:track:4iCGSi1RonREsPtfEKYj5b,"Tonight, Tonight - Remastered 2012","Mellon Collie And The Infinite Sadness (Remastered)","The Smashing Pumpkins",1995-12-12,254626,61,false,quirky613,2026-06-25T23:58:10Z,"","Virgin Records",0.277,0.67,6,-9.381,1,0.0376,0.0000628,0.751,0.237,0.217,148.342,4
spotify:track:3cahGAUUQ0n55EjLBs2Wjo,"Today - 2011 Remaster","Siamese Dream (2011 - Remaster)","The Smashing Pumpkins",1993-07-27,201173,54,false,quirky613,2026-06-25T23:58:10Z,"","Virgin Records",0.457,0.825,8,-7.611,1,0.0268,0.0000329,0.578,0.0548,0.414,82.539,4
spotify:track:2lXHg7BtTNoP39AezyCSfL,"Disarm - 2011 Remaster","Siamese Dream (2011 - Remaster)","The Smashing Pumpkins",1993,196905,56,false,quirky613,2026-06-25T23:58:10Z,"","Virgin Records",0.527,0.418,4,-10.205,0,0.0277,0.142,0.775,0.139,0.218,129.516,4
spotify:track:2junx9LRubsMY2OHaSc5DE,"Mayonaise - 2011 Remaster","Siamese Dream (2011 - Remaster)","The Smashing Pumpkins",1993,348773,47,false,quirky613,2026-06-25T23:58:10Z,"","Virgin Records",0.482,0.528,10,-10.426,1,0.0272,0.000107,0.543,0.0839,0.0882,146.043,4
spotify:track:3IyCL4Em1GOpNGDf451Hg1,"Could Have Been Me","Everybody Wants","The Struts",2016-03-04,187653,78,false,quirky613,2026-06-25T23:58:10Z,"nu metal,rap metal,alternative metal,rap rock,rock","The Struts",0.541,0.907,4,-4.512,1,0.0642,0.0158,0.000185,0.34,0.434,80.029,4
spotify:track:3Zm5SMUA3JH98Aty7Zc0xr,"Kiss This","Everybody Wants","The Struts",2016-03-04,177840,58,false,quirky613,2026-06-25T23:58:10Z,"nu metal,rap metal,alternative metal,rap rock,rock","The Struts",0.426,0.965,8,-3.796,1,0.103,0.000702,0.00189,0.179,0.8,186.081,4
spotify:track:76AwsOtk3SePQ8h9kB2pmW,"Put Your Money On Me","Everybody Wants","The Struts",2016-03-04,213853,47,false,quirky613,2026-06-25T23:58:10Z,"nu metal,rap metal,alternative metal,rap rock,rock","The Struts",0.565,0.905,5,-3.575,0,0.057,0.00101,0,0.325,0.684,126.011,4
spotify:track:3bOZ9Qt98Tk2yd6Omf4134,"Dirty Sexy Money","Everybody Wants","The Struts",2016-03-04,237440,41,false,quirky613,2026-06-25T23:58:10Z,"nu metal,rap metal,alternative metal,rap rock,rock","The Struts",0.558,0.919,2,-4.278,1,0.039,0.0000121,0.000565,0.197,0.766,123.029,4
spotify:track:3YXVnD4ITbQN9ddc3mKxRY,"Only Just A Call Away","Everybody Wants","The Struts",2016-03-04,184400,37,false,quirky613,2026-06-25T23:58:10Z,"nu metal,rap metal,alternative metal,rap rock,rock","The Struts",0.535,0.764,5,-5.335,1,0.0469,0.000599,0,0.124,0.258,149.976,4
spotify:track:6DbAiAxnkF5aeu6ykEPKZe,"Kiss This - Acoustic","Live And Unplugged","The Struts",2017-03-03,181120,19,false,quirky613,2026-06-25T23:58:10Z,"nu metal,rap metal,alternative metal,rap rock,rock","The Struts",0.673,0.638,11,-6.249,1,0.032,0.145,0.00000566,0.255,0.755,90.409,4
spotify:track:3m6KkYKdnbffMpGd9Pm9FP,"Seven Nation Army","Elephant","The White Stripes",2003-04-01,231920,9,false,quirky613,2026-06-25T23:58:10Z,"power pop,jangle pop,britpop","XL Recordings",0.745,0.466,4,-7.62,0,0.0864,0.00666,0.35,0.272,0.303,123.889,4
spotify:track:6YK2tAEYnHgYkkC6TSziqM,"Fell In Love With A Girl","White Blood Cells","The White Stripes",2001-07-03,110093,1,false,quirky613,2026-06-25T23:58:10Z,"power pop,jangle pop,britpop","Third Man Records",0.342,0.982,0,-1.746,1,0.116,0.704,0.0000729,0.854,0.373,95.279,4
spotify:track:1sxUaLi0G2vB7dl4ogtCxH,"Never Let You Go - 2008 Remaster","Blue","Third Eye Blind",1999,237240,74,false,quirky613,2026-06-25T23:58:10Z,"proto-punk,baroque pop","Elektra Records",0.728,0.94,4,-5.034,1,0.0368,0.0814,0.000162,0.109,0.967,113.76,4
spotify:track:3354J49VpkbZJho7Ztdzpw,"Jumper - 1998 Edit","Third Eye Blind","Third Eye Blind",1997-04-08,272973,76,false,quirky613,2026-06-25T23:58:10Z,"proto-punk,baroque pop","Rhino/Elektra",0.599,0.543,0,-9.226,1,0.0302,0.0129,0.00204,0.291,0.624,91.105,4
spotify:track:3Uvx1TO0Kg5HgGPk58lHXv,"How's It Going to Be","Third Eye Blind","Third Eye Blind",1997-04-08,253413,75,false,quirky613,2026-06-25T23:58:10Z,"proto-punk,baroque pop","Rhino/Elektra",0.561,0.593,5,-9.362,1,0.0264,0.00327,0.00144,0.0967,0.574,80.282,4
spotify:track:0lP4HYLmvowOKdsQ7CVkuq,"The Kill","A Beautiful Lie","Thirty Seconds To Mars",2005-08-16,231533,84,false,quirky613,2026-06-25T23:58:10Z,"garage rock,egg punk,noise rock,power pop","Virgin Records",0.179,0.912,4,-3.881,0,0.0791,0.0014,0.000294,0.582,0.289,182.99,3
spotify:track:6gLQrU5bvwPf6BTlCSO6x2,"Changing Of The Seasons","Changing Of The Seasons","Two Door Cinema Club",2013-01-01,227106,0,false,quirky613,2026-06-25T23:58:10Z,"","Glassnote Entertainment Group LLC",0.537,0.882,2,-4.429,1,0.155,0.0000472,0.000351,0.103,0.545,129.972,4
spotify:track:5N3AzK9yDkKP6LiVi5f5jJ,"Capitol Drive","Capitol Drive","Vacation",2019-04-19,169141,0,false,quirky613,2026-06-25T23:58:10Z,"","Salinas Records",0.229,0.941,8,-4.225,1,0.0674,0.00259,0.877,0.599,0.398,165.252,4
spotify:track:3pLXPZSbqjgztekDh9jWP6,"The Sopranos Theme - Woke Up This Morning","The Sopranos Theme - Woke Up This Morning","Vinnie Pauleone and The Ba Da Bing Orchestra;Exacto",2000-03-14,235440,0,false,quirky613,2026-06-25T23:58:10Z,"pop punk,punk,emo","StreetBeat Records, Inc.",0.575,0.803,3,-7.721,1,0.0538,0.0205,0.738,0.121,0.781,178.003,4
spotify:track:1yKu2MhpwzDXXH2tzG6xoa,"Beverly Hills","Make Believe","Weezer",2005-05-10,196093,75,false,quirky613,2026-06-25T23:58:10Z,"pop punk","Geffen",0.693,0.823,5,-3.761,1,0.0726,0.0932,0,0.328,0.741,87.904,4
spotify:track:1D7UBHqaPWDbBHs2S5YXge,"Perfect Situation","Make Believe","Weezer",2005-05-10,254333,59,false,quirky613,2026-06-25T23:58:10Z,"pop punk","Geffen",0.47,0.806,6,-4.1,1,0.0328,0.0271,0.000142,0.2,0.403,93.853,4
spotify:track:741oLronOsunwlx4MSZ6YY,"Dope Nose","Maladroit","Weezer",2002-05-14,137400,51,false,quirky613,2026-06-25T23:58:10Z,"pop punk","Geffen",0.416,0.724,10,-4.87,1,0.0512,0.000336,0.0788,0.247,0.819,127.357,4
spotify:track:1ljTFrbwY1ojpfd6bAmPTZ,"Keep Fishin'","Maladroit","Weezer",2002-05-14,172266,51,false,quirky613,2026-06-25T23:58:10Z,"pop punk","Geffen",0.354,0.773,4,-5.37,1,0.0469,0.0000782,0.0000563,0.127,0.721,131.569,4
spotify:track:5CjwXdq5Z73Va0XCPFG5Aq,"The Good Life","Pinkerton","Weezer",1996-09-24,257000,60,true,quirky613,2026-06-25T23:58:10Z,"pop punk","DGC",0.539,0.893,6,-4.566,1,0.0423,0.14,0,0.339,0.683,135.76,4
spotify:track:3g2gQMeeQAEPztiQKMlGSl,"El Scorcho","Pinkerton","Weezer",1996-09-24,243466,59,false,quirky613,2026-06-25T23:58:10Z,"pop punk","DGC",0.479,0.707,1,-4.968,1,0.0659,0.0471,0,0.0932,0.661,148.092,4
spotify:track:09aDV0TC2RfWFU5IwZfIdG,"(If You're Wondering If I Want You To) I Want You To","Raditude (Deluxe)","Weezer",2009-11-03,208773,53,false,quirky613,2026-06-25T23:58:10Z,"pop punk","Geffen",0.695,0.873,11,-5.722,0,0.0392,0.00163,0.000198,0.154,0.799,110.021,4
spotify:track:1IRZwD3r9VOehOR8rGeV3Y,"Island In The Sun","Smallville: The Talon Mix","Weezer",2003-02-25,200666,0,false,quirky613,2026-06-25T23:58:10Z,"pop punk","Atlantic Records/ATG",0.647,0.805,4,-6.269,0,0.0279,0.00789,0.00211,0.168,0.707,114.638,4
spotify:track:6VoIBz0VhCyz7OdEoRYDiA,"Say It Ain't So - Original Mix","Weezer","Weezer",1994-05-10,258826,81,false,quirky613,2026-06-25T23:58:10Z,"pop punk","DGC",0.634,0.551,3,-7.136,1,0.0352,0.00737,0.0000182,0.07,0.453,151.779,4
spotify:track:4YwLagaVWaegNK7RsUh1at,"My Name Is Jonas","Weezer (Deluxe Edition)","Weezer",1994-05-10,203960,1,false,quirky613,2026-06-25T23:58:10Z,"pop punk","Universal Strategic Marketing",0.3,0.927,11,-4.605,1,0.0422,0.000157,0.000802,0.304,0.634,186.239,3
spotify:track:7GptbanebPZYkLPvjNfd6m,"Buddy Holly","Weezer (Deluxe Edition)","Weezer",1994-05-10,159586,2,false,quirky613,2026-06-25T23:58:10Z,"pop punk","Universal Strategic Marketing",0.535,0.931,8,-4.012,1,0.0451,0.00611,0.0000726,0.0887,0.825,120.958,4
spotify:track:1uYoYpOfhE4Vchx07GLmLW,"Only In Dreams","Weezer (Deluxe Edition)","Weezer",1994-05-10,479360,0,false,quirky613,2026-06-25T23:58:10Z,"pop punk","Universal Strategic Marketing",0.51,0.55,1,-8.678,1,0.0248,0.00179,0.341,0.111,0.416,78.109,4
spotify:track:2mPMFJvQ0v27gVqe5b6nDn,"Hash Pipe","Weezer","Weezer",2001-05-15,186533,70,false,quirky613,2026-06-25T23:58:10Z,"pop punk","Geffen",0.578,0.883,7,-6.354,1,0.0439,0.000123,0.459,0.284,0.627,125.603,4
spotify:track:7wclPheMJAUKn2njmO2s3A,"Pork And Beans","Weezer","Weezer",2008-01-01,189400,62,false,quirky613,2026-06-25T23:58:10Z,"pop punk","Geffen",0.599,0.624,6,-6.622,1,0.0339,0.0109,0.00000806,0.158,0.706,119.838,4
spotify:track:0UbS4oWIo2nUXeTxsvFaN1,"California Kids","Weezer (White Album)","Weezer",2016-04-01,205426,45,false,quirky613,2026-06-25T23:58:10Z,"pop punk","Crush Music/Atlantic",0.422,0.953,3,-5.927,1,0.123,0.00351,0.00000103,0.575,0.2,152.009,4
spotify:track:6tZUOzi9p1j7stp8Y5OUoJ,"Wind in Our Sail","Weezer (White Album)","Weezer",2016-04-01,173746,38,false,quirky613,2026-06-25T23:58:10Z,"pop punk","Crush Music/Atlantic",0.439,0.849,3,-5.293,1,0.0329,0.0288,0,0.128,0.847,83.592,4
spotify:track:5uywMR3hTeVPoWaFDSliJb,"Thank God for Girls","Weezer (White Album)","Weezer",2016-04-01,210186,46,false,quirky613,2026-06-25T23:58:10Z,"pop punk","Crush Music/Atlantic",0.559,0.876,4,-6.479,0,0.0495,0.0474,0,0.0734,0.4,95.07,4
spotify:track:2Sg9Iq2Q29hMNXa7ZpKxaG,"(Girl We Got A) Good Thing","Weezer (White Album)","Weezer",2016-04-01,205760,39,false,quirky613,2026-06-25T23:58:10Z,"pop punk","Crush Music/Atlantic",0.554,0.707,3,-7.308,1,0.0368,0.00416,0,0.0822,0.38,128.079,4
spotify:track:5IJ6rniX2mkT2ITklBSx6a,"Do You Wanna Get High?","Weezer (White Album)","Weezer",2016-04-01,207760,49,false,quirky613,2026-06-25T23:58:10Z,"pop punk","Crush Music/Atlantic",0.443,0.813,3,-7.274,0,0.0456,0.00111,0.0000832,0.117,0.691,132.046,4
spotify:track:5vBuxtwitUimHR2gBOnJYR,"King of the World","Weezer (White Album)","Weezer",2016-04-01,204480,42,false,quirky613,2026-06-25T23:58:10Z,"pop punk","Crush Music/Atlantic",0.433,0.879,6,-5.395,1,0.067,0.0168,0,0.0688,0.536,79.982,4
spotify:track:0U6QHjAcifZLGrVsFObjEK,"L.A. Girlz","Weezer (White Album)","Weezer",2016-04-01,209893,42,false,quirky613,2026-06-25T23:58:10Z,"pop punk","Crush Music/Atlantic",0.417,0.799,8,-4.705,1,0.0386,0.00257,0.00000213,0.0674,0.416,117.215,1
spotify:track:6Uks8ZMSlASX7aygehQesZ,"Jacked Up","Weezer (White Album)","Weezer",2016-04-01,173506,42,false,quirky613,2026-06-25T23:58:10Z,"pop punk","Crush Music/Atlantic",0.552,0.863,4,-5.504,0,0.0431,0.0733,0.00000184,0.25,0.345,90.675,4
spotify:track:7MsP6bRg4d7rnuZqaN0HnE,"Endless Bummer","Weezer (White Album)","Weezer",2016-04-01,254720,37,false,quirky613,2026-06-25T23:58:10Z,"pop punk","Crush Music/Atlantic",0.595,0.379,5,-10.067,0,0.0252,0.19,0,0.638,0.475,101.962,4
spotify:track:6L3VWDPDTQkQFkqvmpAUMU,"Something to Believe In","Home of the Strange","Young the Giant",2016-08-12,228466,64,false,quirky613,2026-06-25T23:58:10Z,"","Fueled By Ramen",0.623,0.886,1,-3.044,1,0.0404,0.0245,0,0.247,0.709,92.021,4
spotify:track:6t44iU80A0h8WQ7vc4OoRj,"Fake Happy","After Laughter","Paramore",2017-05-12,235706,62,false,quirky613,2026-06-26T00:05:45Z,"","Fueled By Ramen",0.734,0.626,7,-5.685,1,0.0458,0.076,0.00000654,0.168,0.44,98.559,4
spotify:track:3VA4sjTMSTTF02hFGmlpJh,"crushcrushcrush","Riot!","Paramore",2007-06-12,189373,72,false,quirky613,2026-06-26T00:05:45Z,"","Fueled By Ramen",0.631,0.793,1,-4.086,0,0.0468,0.000218,0.0000565,0.0976,0.648,136.96,4
spotify:track:3CFIo5d0MJM4xergOijeYD,"Misery Business - Acoustic Version","Riot!","Paramore",2007-06-12,194114,45,false,quirky613,2026-06-26T00:05:45Z,"","Fueled By Ramen",0.63,0.511,5,-6.197,0,0.0388,0.466,0,0.142,0.92,168.833,4
spotify:track:1fTNpl2mxqHVlLqRNbyDhR,"I'm Made of Wax, Larry, What Are You Made Of?","Homesick","A Day To Remember",2009,180840,1,false,quirky613,2026-06-26T00:07:51Z,"","Victory",0.241,0.97,10,-4.246,0,0.104,0.0000735,0,0.904,0.621,159.93,4
spotify:track:087iMBgZpCw2BE9gyPHDKh,"The Fortunate","Cartel","Cartel",2007-08-21,173573,45,false,quirky613,2026-06-26T00:07:51Z,"garage rock,blues rock,rock,alternative rock","Epic",0.608,0.803,1,-3.596,1,0.0356,0.0011,0,0.13,0.922,138.993,4
spotify:track:0wGWmko6pOeimMMATKGz2I,"Honestly","Chroma","Cartel",2005,207333,0,false,quirky613,2026-06-26T00:07:51Z,"garage rock,blues rock,rock,alternative rock","Epic",0.449,0.903,1,-4.949,1,0.0388,0.0000248,0,0.133,0.583,144.522,4
spotify:track:2GMhTbfqswlZiGBuDlyLeM,"Runaway","Chroma","Cartel",2005,169346,0,false,quirky613,2026-06-26T00:07:51Z,"garage rock,blues rock,rock,alternative rock","Epic",0.541,0.599,8,-5.626,1,0.0362,0.0017,0,0.164,0.599,157.606,4
spotify:track:5XjMhErTXTKntfzF694uxE,"Don't Look Back","School Boy Humor","School Boy Humor",2009-02-24,184386,0,false,quirky613,2026-06-26T00:07:51Z,"","Vagrant Records",0.592,0.89,7,-4.644,1,0.0437,0.000202,0.00000109,0.119,0.696,128.931,4
spotify:track:1TmQeJsndr5Yk5H2670T8k,"Southern Weather","Southern Weather","The Almost",2007-01-01,208880,42,false,quirky613,2026-06-26T00:07:51Z,"britpop,madchester","Tooth & Nail (TNN)",0.349,0.963,2,-3.448,1,0.0791,0.0000285,0,0.37,0.488,173.876,4
spotify:track:255H0mJD3kGh8ubY7r2eex,"Letdown","Who Are You Now?","This Providence",2009,219240,34,false,quirky613,2026-06-26T00:07:51Z,"pop punk,punk,emo","Fueled By Ramen/Atlantic",0.402,0.922,0,-3.402,1,0.081,0.000224,0.0909,0.0986,0.461,160.008,4
spotify:track:1scwknKtBQpreYy6MSoJqJ,"Favorite Liar","We Are The Wrecks","The Wrecks",2017-02-10,242306,56,false,quirky613,2026-06-26T00:07:51Z,"","Another Century",0.64,0.722,9,-3.489,1,0.0351,0.0196,0.0000127,0.128,0.317,119.916,4
spotify:track:1JStcQXj5hmEYRGQdBgNPG,"Low Day","Low Day","Capra",2009-01-01,197080,23,false,quirky613,2026-06-26T00:07:51Z,"punk,skate punk","Hollywood Records",0.653,0.872,0,-4.119,1,0.0332,0.0417,0,0.0721,0.795,106.995,4
spotify:track:6OPoF9qiuV2dNfJ44w3X4M,"Something's Gotta Give","Future Hearts","All Time Low",2015-04-07,189418,0,false,quirky613,2026-06-26T00:07:51Z,"","Hopeless Records",0.496,0.913,4,-3.286,1,0.0448,0.0101,0,0.118,0.675,165.981,4
spotify:track:4cqYUqmKMcb3q1tdImVpGW,"Weightless","Nothing Personal (Deluxe Version)","All Time Low",2009-07-07,198000,1,false,quirky613,2026-06-26T00:07:51Z,"","Hopeless Records",0.497,0.923,2,-4.512,1,0.137,0.00282,0,0.158,0.667,181.075,4
spotify:track:0J69x3mqm7U6tBPKsjpsWR,"Dear Maria, Count Me In","So Wrong, It's Right","All Time Low",2007-09-25,182826,4,false,quirky613,2026-06-26T00:07:51Z,"","Hopeless Records",0.465,0.896,2,-3.126,1,0.0795,0.00725,0,0.206,0.569,181.014,4
spotify:track:2ZnvQmwIjlI2gcfryPksn0,"Risque","The Same Old Blood Rush With A New Touch","Cute Is What We Aim For",2006-06-19,222226,45,false,quirky613,2026-06-26T00:07:51Z,"pop punk,emo","Fueled By Ramen/ADA",0.571,0.786,4,-5.088,1,0.0552,0.0657,0.00000604,0.15,0.512,131.945,4
spotify:track:6uzuW7L1t1UhnzbfXwtMtQ,"The Curse of Curves","The Same Old Blood Rush With A New Touch","Cute Is What We Aim For",2006-06-19,203626,61,false,quirky613,2026-06-26T00:07:51Z,"pop punk,emo","Fueled By Ramen/ADA",0.534,0.792,5,-4.512,1,0.0677,0.39,0,0.191,0.477,145.881,4
spotify:track:2I24iuYNtqNuFD8XbNHu8Q,"Jamie All Over","A Lesson In Romantics","Mayday Parade",2007-07-10,216000,0,false,quirky613,2026-06-26T00:07:51Z,"djent","Fearless Records",0.428,0.868,1,-3.647,1,0.0444,0.0000649,0,0.0735,0.407,148.91,4
spotify:track:5bSud2NmPvQgMGXOE9vsPi,"Jersey","A Lesson In Romantics","Mayday Parade",2007-07-10,209906,0,false,quirky613,2026-06-26T00:07:51Z,"djent","Fearless Records",0.384,0.886,10,-3.707,0,0.0852,0.000187,0,0.468,0.339,162.029,4
spotify:track:0MWUZyxxJJrR6ImH9OkuGn,"Somebody That I Used To Know (feat. Vic Fuentes)","Punk Goes Pop 5","Mayday Parade",2012-11-06,205320,0,false,quirky613,2026-06-26T00:07:51Z,"djent","Fearless Records",0.461,0.942,3,-4.583,1,0.0953,0.0038,0.00000645,0.149,0.504,135.991,4
spotify:track:3ZjnFYlal0fXN6t61wdxhl,"Terrible Things - EP Version","Valdosta EP","Mayday Parade",2009-10-06,238076,53,false,quirky613,2026-06-26T00:07:51Z,"djent","Fearless/Atlantic",0.285,0.371,1,-6.833,1,0.0295,0.698,0.00392,0.104,0.372,154.989,3
spotify:track:7lWF2mVr1KKbVnaT2nSlPo,"Fall For You","A Twist In My Story","Secondhand Serenade",2008-01-15,185600,0,false,quirky613,2026-06-26T00:07:51Z,"indie punk","Glassnote",0.387,0.442,0,-7.086,1,0.0352,0.19,0,0.0788,0.382,169.481,4
spotify:track:4wzjNqjKAKDU82e8uMhzmr,"Face Down","Don't You Fake It","The Red Jumpsuit Apparatus",2006-01-01,192000,80,false,quirky613,2026-06-26T00:07:51Z,"","Virgin Records",0.545,0.932,7,-2.189,0,0.0399,0.000665,0,0.127,0.464,92.956,4
spotify:track:6MqVzYyReYtY0Sgw9alj5I,"Say You Like Me","Sunshine State of Mind","We The Kings",2011-01-01,210440,0,false,quirky613,2026-06-26T00:07:51Z,"hardcore punk,punk,hardcore,skate punk,proto-punk","S-Curve Records",0.406,0.735,9,-4.335,1,0.0659,0.0204,0,0.204,0.304,176.229,4
spotify:track:5Vac8co5QPblcdlWbHSFsE,"Check Yes, Juliet","We The Kings","We The Kings",2007-01-01,218626,1,false,quirky613,2026-06-26T00:07:51Z,"hardcore punk,punk,hardcore,skate punk,proto-punk","S-Curve",0.349,0.919,7,-4.124,1,0.0838,0.00415,0,0.26,0.294,166.916,4
spotify:track:4J0AkZj6UilnoNRpFN4W2b,"Bleed American","Bleed American","Jimmy Eat World",2001-01-01,181493,0,false,quirky613,2026-06-26T00:07:51Z,"pop punk","Interscope",0.431,0.938,6,-5.564,0,0.0848,0.0069,0.00000211,0.772,0.633,160.187,4
spotify:track:0AKQXEIBbhdoa2PKfcQf88,"A Praise Chorus","Bleed American","Jimmy Eat World;Davey Vonbohlen",2001-01-01,243506,0,false,quirky613,2026-06-26T00:07:51Z,"pop punk,emo","Interscope",0.449,0.923,2,-5.26,1,0.0719,0.0277,0.0000132,0.233,0.573,184.232,4
spotify:track:3mcG2NI5G5vhrQtRda1YnA,"The Middle","Bleed American (Deluxe Edition)","Jimmy Eat World",2001,168253,7,false,quirky613,2026-06-26T00:07:51Z,"pop punk","Interscope",0.629,0.897,2,-3.401,1,0.0483,0.0424,0,0.263,0.93,161.944,4
spotify:track:33iv3wnGMrrDugd7GBso1z,"My Own Worst Enemy","A Place In The Sun","Lit",1999-02-22,169026,84,true,quirky613,2026-06-26T00:07:51Z,"garage rock,alternative rock","RCA Records Label",0.494,0.946,4,-2.757,1,0.0637,0.00129,0,0.398,0.741,103.408,4
spotify:track:2zLZuZFgf4mn3af8wILpHS,"Miserable","A Place In The Sun","Lit",1999-02-22,256333,55,false,quirky613,2026-06-26T00:07:51Z,"garage rock,alternative rock","RCA Records Label",0.424,0.706,9,-3.548,1,0.0404,0.00384,0,0.395,0.294,82.081,4
spotify:track:68pN2UQYhwQgPy7VrCFKuV,"In Too Deep","All Killer, No Filler","Sum 41",2001-01-01,207093,5,false,quirky613,2026-06-26T00:07:51Z,"punk,skate punk,ska punk,ska,melodic hardcore,hardcore punk","Universal Music Group",0.566,0.835,9,-5.885,1,0.0504,0.000192,0,0.0581,0.749,116.041,4
spotify:track:2OMqSRS11ly56zg9u5za6c,"Still Waiting","Does This Look Infected?","Sum 41",2002-01-01,158733,70,true,quirky613,2026-06-26T00:07:51Z,"punk,skate punk,ska punk,ska,melodic hardcore,hardcore punk","Island Records",0.431,0.95,7,-4.918,1,0.26,0.00105,0.0000363,0.272,0.562,191.941,4
spotify:track:60okmgzrYnFh2nXfi0XxWR,"When Did Your Heart Go Missing?","Calling The World","Rooney",2007-01-01,213333,53,false,quirky613,2026-06-26T00:07:51Z,"ska punk,ska,skate punk,punk,pop punk","Geffen",0.598,0.93,9,-4.014,0,0.0466,0.00176,0,0.0353,0.97,175.795,4
spotify:track:6gGSSrKMiV2yec1DrqGhhy,"Always Where I Need To Be","Konk","The Kooks",2008-01-01,161720,63,false,quirky613,2026-06-26T00:07:51Z,"","Virgin Records",0.331,0.961,11,-4.627,1,0.0663,0.000146,0,0.322,0.882,168.355,4
spotify:track:6BLLQndvA0rLbLcIZmuuEJ,"I Don't Wanna Be In Love (Dance Floor Anthem)","Good Morning Revival","Good Charlotte",2008-05-20,244000,57,false,quirky613,2026-06-26T00:07:51Z,"","Epic/Daylight",0.64,0.884,6,-2.609,1,0.0428,0.0226,0,0.187,0.573,124.968,4
spotify:track:0BRHnOFm6sjxN1i9LJrUDu,"The Anthem","The Young and The Hopeless","Good Charlotte",2002-10-04,175093,79,false,quirky613,2026-06-26T00:07:51Z,"","Epic/Daylight",0.494,0.939,1,-3.127,1,0.126,0.00666,0,0.139,0.893,177.751,4
spotify:track:2g2a5kDeZexbUTD8abcvm6,"Lifestyles of the Rich & Famous","The Young and The Hopeless","Good Charlotte",2002-10-04,190466,74,false,quirky613,2026-06-26T00:07:51Z,"","Epic/Daylight",0.62,0.93,1,-3.685,1,0.0374,0.00043,0,0.0686,0.609,106.22,4
spotify:track:6y0iIbcfTlyLNWqvJi5H2h,"The Story of My Old Man","The Young and The Hopeless","Good Charlotte",2002-10-04,161000,46,false,quirky613,2026-06-26T00:07:51Z,"","Epic/Daylight",0.393,0.875,4,-4.338,1,0.0639,0.0000824,0,0.0764,0.587,119.67,4
spotify:track:65mxB9IWpmVo4qUjdGSxRB,"Girls & Boys","The Young and The Hopeless","Good Charlotte",2002-10-04,183493,66,false,quirky613,2026-06-26T00:07:51Z,"","Epic/Daylight",0.663,0.72,3,-5.497,1,0.0331,0.00212,0,0.358,0.608,135.342,4
spotify:track:2KMDfsg8GNxW5Y6CJ4KLBL,"Riot Girl","The Young and The Hopeless","Good Charlotte",2002-10-04,137093,53,false,quirky613,2026-06-26T00:07:51Z,"","Epic/Daylight",0.515,0.947,3,-3.985,1,0.136,0.00206,0,0.167,0.716,88.076,4
spotify:track:3ou5YecZiZ83YD8Hfx9bFC,"Say Anything","The Young and The Hopeless","Good Charlotte",2002-10-04,261239,45,false,quirky613,2026-06-26T00:07:51Z,"","Epic/Daylight",0.651,0.76,11,-5.12,1,0.0309,0.0133,0,0.139,0.577,102.789,4
spotify:track:5G2nexUjWXVbNmk6lAwfOX,"The Day That I Die","The Young and The Hopeless","Good Charlotte",2002-10-04,178933,45,false,quirky613,2026-06-26T00:07:51Z,"","Epic/Daylight",0.48,0.758,8,-5.005,1,0.0304,0.00857,0,0.235,0.405,134.188,4
spotify:track:1Xe60e0PBipjujtaeEG7JG,"Movin' On","The Young and The Hopeless","Good Charlotte",2002-10-04,207240,44,false,quirky613,2026-06-26T00:07:51Z,"","Epic/Daylight",0.464,0.877,3,-4.343,1,0.0467,0.00759,0,0.15,0.483,89.384,4
spotify:track:5KCPpfk3qfw2Gd9DRMCq8Y,"I'd Do Anything","No Pads, No Helmets...Just Balls","Simple Plan",2002-03-19,197640,1,false,quirky613,2026-06-26T00:07:51Z,"pop punk","Lava",0.395,0.917,8,-6.86,1,0.133,0.00143,0,0.261,0.563,169.088,4
spotify:track:1hIupFeRu3nmMcjbjxPnMc,"I'm Just A Kid","No Pads, No Helmets...Just Balls","Simple Plan",2002-03-19,198333,1,false,quirky613,2026-06-26T00:07:51Z,"pop punk","Lava",0.527,0.834,1,-5.531,1,0.0447,0.00107,0.000102,0.0993,0.422,110.065,4
spotify:track:2TeiKDPE3RdamZG0pp5okI,"Perfect","No Pads, No Helmets...Just Balls","Simple Plan",2002-03-19,277026,1,false,quirky613,2026-06-26T00:07:51Z,"pop punk","Lava",0.494,0.672,3,-4.877,1,0.0405,0.0273,0,0.105,0.557,156.208,4
spotify:track:1ayf1kpFuL7RzZAOnnJCEO,"Meet You There","No Pads, No Helmets...Just Balls (15th Anniversary Tour Edition)","Simple Plan",2002-03-19,254026,40,false,quirky613,2026-06-26T00:07:51Z,"pop punk","Rhino Atlantic",0.536,0.958,11,-4.246,1,0.109,0.000204,0.00155,0.0958,0.184,130.008,4
spotify:track:0nHL2il76L87zohuihLaHW,"My Alien","No Pads, No Helmets...Just Balls (15th Anniversary Tour Edition)","Simple Plan",2002-03-19,188066,42,false,quirky613,2026-06-26T00:07:51Z,"pop punk","Rhino Atlantic",0.52,0.898,8,-5.751,1,0.0621,0.000743,0.00000156,0.0738,0.646,138.996,4
spotify:track:1HiobN1y9ulXhFVVPbZ6Fy,"God Must Hate Me","No Pads, No Helmets...Just Balls (15th Anniversary Tour Edition)","Simple Plan",2002-03-19,164533,41,false,quirky613,2026-06-26T00:07:51Z,"pop punk","Rhino Atlantic",0.54,0.855,11,-4.695,1,0.151,0.00417,0,0.341,0.893,133.861,4
spotify:track:3YcSE2IATwCqnbSwEMQ6ti,"I Won't Be There","No Pads, No Helmets...Just Balls (15th Anniversary Tour Edition)","Simple Plan",2002-03-19,189306,39,false,quirky613,2026-06-26T00:07:51Z,"pop punk","Rhino Atlantic",0.558,0.907,8,-4.501,1,0.0553,0.00044,0,0.297,0.769,138.11,4
spotify:track:5OYofO3Dia061BgLNCkauv,"One Day","No Pads, No Helmets...Just Balls (15th Anniversary Tour Edition)","Simple Plan",2002-03-19,195000,40,false,quirky613,2026-06-26T00:07:51Z,"pop punk","Rhino Atlantic",0.512,0.752,1,-4.952,1,0.0744,0.00731,0,0.134,0.783,174.048,4
spotify:track:6gFJ7s2nY4tLhlhqMGmgf0,"One by One","No Pads, No Helmets...Just Balls (15th Anniversary Tour Edition)","Simple Plan",2002-03-19,203493,36,false,quirky613,2026-06-26T00:07:51Z,"pop punk","Rhino Atlantic",0.463,0.984,8,-4.012,1,0.0664,0.000469,0.0377,0.191,0.297,138.012,4
spotify:track:3LVdtz2Snhw5riAZ3qWZrp,"Grow Up","No Pads, No Helmets...Just Balls (15th Anniversary Tour Edition)","Simple Plan",2002-03-19,153200,52,false,quirky613,2026-06-26T00:07:51Z,"pop punk","Rhino Atlantic",0.529,0.916,11,-4.194,1,0.0702,0.0029,0.00000875,0.322,0.667,138.026,4
spotify:track:6vsAfBrh2DvIfRZKnoo52N,"Happy Together","No Pads, No Helmets...Just Balls (15th Anniversary Tour Edition)","Simple Plan",2002-03-19,155266,47,false,quirky613,2026-06-26T00:07:51Z,"pop punk","Rhino Atlantic",0.466,0.947,6,-4.745,0,0.254,0.00671,0.00000204,0.38,0.667,177.825,4
spotify:track:2SMYQhVrLA7NRjUxAVghSH,"Shut Up!","Still Not Getting Any...","Simple Plan",2004-10-25,182986,55,false,quirky613,2026-06-26T00:07:51Z,"pop punk","Atlantic Records",0.507,0.959,1,-4.763,1,0.118,0.00104,0,0.147,0.436,165.136,4
spotify:track:714Lw0m2SmCEhKSPw0Dn8J,"Welcome to My Life","Still Not Getting Any...","Simple Plan",2004-10-25,206773,64,false,quirky613,2026-06-26T00:07:51Z,"pop punk","Atlantic Records",0.421,0.858,1,-4.535,1,0.0963,0.0134,0,0.067,0.491,173.255,4
spotify:track:7KXEo8Hu5WC5MOSroFYRBX,"Perfect World","Still Not Getting Any...","Simple Plan",2004-10-25,231053,40,false,quirky613,2026-06-26T00:07:51Z,"pop punk","Atlantic Records",0.506,0.839,0,-4.947,0,0.0632,0.000522,0,0.0847,0.644,166.039,4
spotify:track:4ZCxoXIdwxGgT7msEHSp6E,"Me Against the World","Still Not Getting Any...","Simple Plan",2004-10-25,191600,44,false,quirky613,2026-06-26T00:07:51Z,"pop punk","Atlantic Records",0.573,0.861,3,-5.055,0,0.0415,0.000188,0,0.127,0.617,132.509,4
spotify:track:67gDnIMZMjKfOsPNbkP560,"Jump","Still Not Getting Any...","Simple Plan",2004-10-25,188400,37,false,quirky613,2026-06-26T00:07:51Z,"pop punk","Atlantic Records",0.668,0.926,8,-5.83,1,0.0835,0.00299,0.00000784,0.0381,0.613,105.028,4
spotify:track:63IYshGNeEFeUjntVRd4EI,"Everytime","Still Not Getting Any...","Simple Plan",2004-10-25,240893,34,false,quirky613,2026-06-26T00:07:51Z,"pop punk","Atlantic Records",0.598,0.702,1,-5.613,1,0.0327,0.00344,0,0.101,0.345,115.989,4
spotify:track:3anWQym2FPJbXeBA9uxkfs,"Promise","Still Not Getting Any...","Simple Plan",2004-10-25,212013,35,false,quirky613,2026-06-26T00:07:51Z,"pop punk","Atlantic Records",0.397,0.956,1,-4.841,1,0.0582,0.0000857,0.0000381,0.105,0.558,174.988,4
spotify:track:2bjMbF22HYwSYSIJXE0X1t,"One","Still Not Getting Any...","Simple Plan",2004-10-25,200266,29,false,quirky613,2026-06-26T00:07:51Z,"pop punk","Atlantic Records",0.486,0.801,1,-5.416,1,0.0331,0.0000753,0.00000589,0.0958,0.559,105.027,4
spotify:track:3eRLKD1Lgc2OrYGxRxX62s,"Untitled (How Could This Happen to Me?)","Still Not Getting Any...","Simple Plan",2004-10-25,239813,51,false,quirky613,2026-06-26T00:07:51Z,"pop punk","Atlantic Records",0.208,0.342,6,-8.702,1,0.0327,0.875,0.000003,0.0908,0.135,186.162,4
spotify:track:7e2y3akt1MG3d5JXAeR9S2,"Singing in the Rain (feat. R. City)","Taking One for the Team","Simple Plan;R. City",2016-02-19,222946,35,false,quirky613,2026-06-26T00:07:51Z,"pop punk,punk,emo","Atlantic Records",0.562,0.816,1,-3.143,0,0.0504,0.0238,0,0.0765,0.65,74.474,4
spotify:track:5TM2eqdzfWPHklI7YnBmsD,"Blister in the Sun - 2002 Remastered Version","Violent Femmes","Violent Femmes",1983,144333,2,false,quirky613,2026-06-26T00:07:51Z,"","Concord Music Group",0.701,0.261,0,-19.846,1,0.0938,0.219,0,0.0821,0.89,97.042,4
spotify:track:22HYEJveCvykVDHDiEEmjZ,"Tubthumping","Tubthumper","Chumbawamba",1997-09-01,278778,76,false,quirky613,2026-06-26T00:07:51Z,"post-grunge,alternative rock","EMI",0.348,0.88,2,-7.366,1,0.0978,0.128,0,0.357,0.606,101.185,4
spotify:track:2i37Y95xkPhHtoYBywVBUm,"Steady, as She Goes","Broken Boy Soldiers","The Raconteurs",2006,215293,0,false,quirky613,2026-06-26T00:07:51Z,"pop punk","Warner Records",0.53,0.603,9,-4.373,1,0.115,0.0122,0.0196,0.0835,0.549,123.006,4
spotify:track:4ePP9So5xRzspjLFVVbj90,"Two Princes","Pocket Full Of Kryptonite","Spin Doctors",1991-08-27,256733,76,false,quirky613,2026-06-26T00:07:51Z,"metalcore,post-hardcore,screamo","Epic",0.543,0.912,7,-10.71,1,0.0601,0.00162,0.0000021,0.0565,0.836,103.731,4
spotify:track:32toCLw4slZfvXOZIU2Fmz,"Lazy","45 or 46 Songs That Weren't Good Enough to Go on Our Other Records","NOFX",2002-05-21,182733,0,false,quirky613,2026-06-26T00:07:51Z,"punk,hardcore punk,skate punk,hardcore,proto-punk","Fat Wreck Chords",0.769,0.563,4,-6.972,1,0.0366,0.00465,0.00000324,0.0965,0.839,86.149,4
spotify:track:5HHR8lHtLowKzMavnA6GyW,"Six Years on Dope","First Ditch Effort","NOFX",2016-10-07,92106,0,false,quirky613,2026-06-26T00:07:51Z,"punk,hardcore punk,skate punk,hardcore,proto-punk","Fat Wreck Chords",0.431,0.95,6,-4.979,0,0.147,0.000184,0.0402,0.175,0.651,184.615,4
spotify:track:01w1IdzXfNmu033rWe4XrT,"I Don't Like Me Anymore","First Ditch Effort","NOFX",2016-10-07,150053,0,false,quirky613,2026-06-26T00:07:51Z,"punk,hardcore punk,skate punk,hardcore,proto-punk","Fat Wreck Chords",0.57,0.981,4,-4.106,0,0.0943,0.000547,0.00144,0.112,0.405,130,4
spotify:track:4uB28m7RAflobYpnLMb6A2,"Linoleum","Punk In Drublic","NOFX",1994-07-19,130266,61,false,quirky613,2026-06-26T00:07:51Z,"punk,hardcore punk,skate punk,hardcore,proto-punk","Epitaph",0.414,0.933,4,-8.699,1,0.0875,0.0000332,0.000559,0.0702,0.436,98.375,4
spotify:track:0cntShbC3GmWXygfH98brk,"Don't Call Me White","Punk In Drublic","NOFX",1994-07-19,153426,56,true,quirky613,2026-06-26T00:07:51Z,"punk,hardcore punk,skate punk,hardcore,proto-punk","Epitaph",0.329,0.92,9,-8.216,1,0.0752,0.0000217,0.000115,0.351,0.318,93.078,4
spotify:track:4XmBVsvKeqkeNGVoiXxjQR,"We Threw Gasoline On The Fire And Now We Have Stumps For Arms And No Eyebrows","Punk-O-Rama, Vol. 3","NOFX",2008-07-29,165000,23,false,quirky613,2026-06-26T00:07:51Z,"punk,hardcore punk,skate punk,hardcore,proto-punk","Epitaph",0.405,0.977,0,-5.405,1,0.16,0.000563,0.00036,0.145,0.534,99.799,3
spotify:track:6vWVPfnyCENt9znrCy2UNj,"It's My Job To Keep Punk Rock Elite","So Long & Thanks For All The Shoes","NOFX",1997-10-21,80800,49,true,quirky613,2026-06-26T00:07:51Z,"punk,hardcore punk,skate punk,hardcore,proto-punk","Epitaph",0.459,0.99,8,-3.505,1,0.175,0.0000856,0.00000173,0.584,0.35,100.821,4
spotify:track:206dccqnCtUSlHpDE2t216,"Murder The Government","So Long & Thanks For All The Shoes","NOFX",1997-10-21,45960,45,true,quirky613,2026-06-26T00:07:51Z,"punk,hardcore punk,skate punk,hardcore,proto-punk","Epitaph",0.329,0.933,11,-4.463,1,0.174,0.00371,0,0.0803,0.214,136.703,3
spotify:track:0eVZhPIexAYqdwKNqSp3Qm,"All Outta Angst","So Long & Thanks For All The Shoes","NOFX",1997-10-21,112493,50,true,quirky613,2026-06-26T00:07:51Z,"punk,hardcore punk,skate punk,hardcore,proto-punk","Epitaph",0.637,0.969,0,-4.682,1,0.0432,0.00473,0.00148,0.0428,0.94,100.258,4
spotify:track:2zQX7Sakdph6PcI3oTHuhI,"I'm Telling Tim","So Long & Thanks For All The Shoes","NOFX",1997-10-21,77066,39,true,quirky613,2026-06-26T00:07:51Z,"punk,hardcore punk,skate punk,hardcore,proto-punk","Epitaph",0.336,0.986,0,-3.851,1,0.0744,0.000104,0.0000306,0.127,0.609,100.232,4
spotify:track:1nROHtrrwFTvT0TuvFr91D,"Eat The Meek","So Long & Thanks For All The Shoes","NOFX",1997-10-21,211666,46,false,quirky613,2026-06-26T00:07:51Z,"punk,hardcore punk,skate punk,hardcore,proto-punk","Epitaph",0.701,0.676,5,-5.851,1,0.0519,0.00469,0.145,0.212,0.925,78.349,4
spotify:track:4ura5pqFYsLbv5krHtRwla,"The Desperation's Gone","So Long & Thanks For All The Shoes","NOFX",1997-10-21,144466,37,true,quirky613,2026-06-26T00:07:51Z,"punk,hardcore punk,skate punk,hardcore,proto-punk","Epitaph",0.403,0.873,0,-5.255,1,0.0784,0.000139,0.00000171,0.0929,0.604,93.282,4
spotify:track:00AgttKx4gRJghhPETFrOE,"Franco Un-American","The War On Errorism","NOFX",2003,145466,0,false,quirky613,2026-06-26T00:07:51Z,"punk,hardcore punk,skate punk,hardcore,proto-punk","Fat Wreck Chords",0.559,0.89,7,-3.597,1,0.0682,0.0503,0,0.175,0.648,150.292,4
spotify:track:1ybhXkz4S8k9fdBZNBan7L,"Bro Hymn - 2005 Remaster","Pennywise (2005 Remaster)","Pennywise",1991-10-22,180893,63,false,quirky613,2026-06-26T00:07:51Z,"pop punk","Epitaph",0.408,0.82,0,-5.116,1,0.0423,0.0118,0.00000658,0.689,0.382,98.288,4
spotify:track:4rrbptVnZifk4wC5mvNDPm,"My War","My War","Black Flag",1984-03-01,226333,51,false,quirky613,2026-06-26T00:07:51Z,"metal,thrash metal,rock,heavy metal,hard rock","SST Records",0.215,0.503,1,-16.318,0,0.0463,0.65,0.0283,0.098,0.35,186.866,1
spotify:track:05Uw3uX5jzesUSIF91gWDv,"Sailin' On","Bad Brains","Bad Brains",1982,115040,0,true,quirky613,2026-06-26T00:07:51Z,"punk,skate punk,hardcore punk,ska punk,melodic hardcore","ROIR",0.199,0.818,9,-12.416,1,0.0506,0.00391,0.0000737,0.66,0.0837,82.025,4
spotify:track:16E7LWSzLLMPWYGNCwu7Sc,"Infected","Stranger Than Fiction","Bad Religion",1994-08-30,247600,58,false,quirky613,2026-06-26T00:07:51Z,"post-hardcore,screamo,metalcore,emo","Epitaph",0.49,0.845,9,-8.746,0,0.0344,0.00714,0.0000103,0.0937,0.655,121.575,4
spotify:track:7tZ1sF5HLhqtRO0bITs4lV,"Don't Drag Me Down","White Light White Heat White Trash","Social Distortion",1996-09-10,231136,58,false,quirky613,2026-06-26T00:07:51Z,"punk,skate punk,ska punk,melodic hardcore,ska,hardcore punk","550 Music",0.328,0.957,8,-2.568,1,0.0787,0.0000047,0.437,0.0551,0.515,181.957,4
spotify:track:3I9K8tSZRsAw7bRYfbhJEA,"Cyco Vision","Freedumb","Suicidal Tendencies",1999,109306,58,false,quirky613,2026-06-26T00:07:51Z,"emo,pop punk","Suicidal Records",0.282,0.996,9,-3.991,1,0.274,0.00668,0,0.0674,0.323,185.423,4
spotify:track:2zeAo1ddhjm1TioD77dDSV,"Subliminal","Suicidal Tendencies","Suicidal Tendencies",1983,188133,58,true,quirky613,2026-06-26T00:07:51Z,"emo,pop punk","Frontier",0.467,0.885,9,-8.226,0,0.0446,0.0181,0,0.364,0.452,94.397,4
spotify:track:7G83ZwD2msTtFaBQExc8QB,"Institutionalized","Suicidal Tendencies","Suicidal Tendencies",1983,229960,61,false,quirky613,2026-06-26T00:07:51Z,"emo,pop punk","Frontier",0.358,0.804,0,-8.534,1,0.302,0.0404,0,0.111,0.625,91.842,3
spotify:track:1LIiHsBw5PLlokiHahSkVt,"Dangerous","Dangerous","Big Data",2013-08-19,280426,0,false,quirky613,2026-06-26T00:07:51Z,"pop punk,midwest emo","Wilcassettes LLC",0.757,0.578,0,-3.886,1,0.0386,0.011,0.00672,0.127,0.954,102.96,4
spotify:track:3iag81mU7BylirRwRYXd8E,"I'm Only Joking","Lunatic","KONGOS",2014-01-27,224760,50,true,quirky613,2026-06-26T00:07:51Z,"thrash metal,hardcore punk,punk,skate punk,speed metal","Epic",0.663,0.924,5,-1.656,1,0.0887,0.0768,0.0731,0.0697,0.621,122.012,4
spotify:track:2kWowW0k4oFymhkr7LmvzO,"Come with Me Now","Lunatic","KONGOS",2014-01-27,211960,71,false,quirky613,2026-06-26T00:07:51Z,"thrash metal,hardcore punk,punk,skate punk,speed metal","Epic",0.654,0.726,10,-3.803,0,0.0401,0.0311,0.0000635,0.0618,0.728,103.987,4
spotify:track:3PLN4aXK0A8B76p0OYUDFd,"I Want to Know","Lunatic","KONGOS",2014-01-27,235106,43,false,quirky613,2026-06-26T00:07:51Z,"thrash metal,hardcore punk,punk,skate punk,speed metal","Epic",0.581,0.744,11,-6.561,1,0.0538,0.149,0.0000168,0.0969,0.813,158.05,4
spotify:track:5XXiK8GZjjmCHpBpUEm9z5,"I'm The One","Everything Sucks","Descendents",1996-09-24,135133,55,false,quirky613,2026-06-26T00:08:18Z,"pop punk","Epitaph",0.391,0.968,0,-6.324,1,0.0624,0.0102,0.0000701,0.446,0.647,90.483,4
spotify:track:2JzI278tX8YUCelGMZjPO8,"My Girlfriend's Dead","Hitler Bad, Vandals Good","The Vandals",1998-01-01,160893,50,false,quirky613,2026-06-26T00:08:18Z,"pop punk,punk,skate punk","Nitro Records (Concord)",0.548,0.933,10,-5.993,1,0.0942,0.00776,0,0.0857,0.629,167.544,4
spotify:track:1R3B6zhDcje53Mu1kPFiJ3,"Appreciate My Honesty","Internet Dating Super Studs","The Vandals",2002-09-17,152800,0,false,quirky613,2026-06-26T00:08:18Z,"pop punk,punk,skate punk","Cleopatra Records, Inc.",0.141,0.978,11,-3.1,0,0.139,0.0000103,0.00338,0.0491,0.579,190.623,4
spotify:track:0b05Nnt6tE6srh08RCNiIi,"I'm Becoming You","Internet Dating Super Studs","The Vandals",2002-09-17,160240,0,false,quirky613,2026-06-26T00:08:18Z,"pop punk,punk,skate punk","Cleopatra Records, Inc.",0.39,0.927,0,-3.131,1,0.174,0.00116,0.0000198,0.0362,0.707,185.354,4
spotify:track:59ZGgkitn4WF80Fi5mbzfr,"Disproportioned Head","Internet Dating Super Studs","The Vandals",2002-09-17,126426,0,false,quirky613,2026-06-26T00:08:18Z,"pop punk,punk,skate punk","Cleopatra Records, Inc.",0.426,0.985,0,-2.967,1,0.0652,0.0000635,0.000432,0.446,0.631,104.236,4
spotify:track:3MISTcHsffmD7uNixJNuf8,"Soccer Mom","Internet Dating Super Studs","The Vandals",2002-09-17,175506,0,false,quirky613,2026-06-26T00:08:18Z,"pop punk,punk,skate punk","Cleopatra Records, Inc.",0.359,0.951,4,-3.392,1,0.127,0.000378,0.00000255,0.141,0.695,173.056,4
spotify:track:14NKsx9ie8frARGJ7em0Iv,"We'll All Get Laid","Internet Dating Super Studs","The Vandals",2002-09-17,145133,0,false,quirky613,2026-06-26T00:08:18Z,"pop punk,punk,skate punk","Cleopatra Records, Inc.",0.361,0.995,4,-4.294,0,0.125,0.000068,0.0199,0.128,0.625,171.455,4
spotify:track:0T386KoSKLS8fKYJfmYULI,"Little Weirdo","Internet Dating Super Studs","The Vandals",2002-09-17,183933,0,false,quirky613,2026-06-26T00:08:18Z,"pop punk,punk,skate punk","Cleopatra Records, Inc.",0.297,0.991,5,-2.945,1,0.277,0.000118,0.0138,0.0993,0.332,187.395,4
spotify:track:31WvDunXgrqxpH8DnpjDvu,"I Can't Wait","Internet Dating Super Studs","The Vandals",2002-09-17,162093,0,false,quirky613,2026-06-26T00:08:18Z,"pop punk,punk,skate punk","Cleopatra Records, Inc.",0.241,0.985,8,-3.036,1,0.138,0.000219,0.462,0.0751,0.627,190.409,4
spotify:track:0AqxlPxUtV19mHxYj5qcB8,"Where's Your Dignity","Internet Dating Super Studs","The Vandals",2002-09-17,189400,0,false,quirky613,2026-06-26T00:08:18Z,"pop punk,punk,skate punk","Cleopatra Records, Inc.",0.486,0.757,10,-4.081,1,0.0591,0.000228,0.0226,0.22,0.468,137.777,4
spotify:track:3NgPtTQYSAWKdJI0bQQYee,"My Head","Hang-Ups","Goldfinger",1998-06-01,183533,36,false,quirky613,2026-06-26T00:08:18Z,"","Jive",0.6,0.89,9,-5.523,1,0.0566,0.00302,0.000287,0.211,0.827,99.918,4
spotify:track:24i8dZqzSNKOaRzHEr3Azo,"Mable","The Best Of Goldfinger","Goldfinger",2005-07-16,138653,27,false,quirky613,2026-06-26T00:08:18Z,"","Jive",0.438,0.824,7,-5.172,1,0.0467,0.00487,0.00000548,0.175,0.777,146.533,4
spotify:track:1ZtUOEPjPpyYwYUb4VJlFE,"Mad Butcher","Thrash Anthems","Destruction",2007-01-19,225266,0,false,quirky613,2026-06-26T00:08:18Z,"funk rock,alternative rock,rock","AFM Records",0.415,0.997,2,-3.031,1,0.0708,0.00000147,0.836,0.158,0.558,96.49,4
spotify:track:1XNxoDshJctP9ZKIuWOENa,"Under Attack","Under Attack","Destruction",2016-05-13,373801,0,false,quirky613,2026-06-26T00:08:18Z,"funk rock,alternative rock,rock","Nuclear Blast",0.49,0.988,9,-3.407,0,0.0608,0.0000401,0.655,0.163,0.46,95.486,4
spotify:track:2vI1lVsqTWKSTMxzEEJwpP,"Death Metal Pizza","Death Metal Pizza","Jared Dines",2015-06-16,164780,29,false,quirky613,2026-06-26T00:08:18Z,"emo,pop punk","573756 Records DK",0.486,0.932,1,-6.745,1,0.166,0.0000681,0,0.318,0.29,120.001,4
spotify:track:6Q5j7UxkHMETQrn1ZCuoCE,"Redneck","Sacrament","Lamb of God",2006,220880,0,true,quirky613,2026-06-26T00:08:18Z,"","Epic",0.512,0.996,2,-2.1,1,0.114,0.0000563,0.000167,0.347,0.0601,130.931,4
spotify:track:5gQ0LTbcX7gpQDg39gNLH8,"Metal Militia (Remastered)","Kill 'Em All (Remastered)","Metallica",1983-07-25,311466,49,false,quirky613,2026-06-26T00:08:18Z,"","Blackened Recordings",0.166,0.956,9,-5.307,1,0.145,0.0000808,0.00515,0.118,0.238,176.217,4
spotify:track:5sICkBXVmaCQk5aISGR3x1,"Enter Sandman","Metallica","Metallica",1991-08-12,331266,18,false,quirky613,2026-06-26T00:08:18Z,"","Blackened Recordings / Universal Music",0.577,0.828,6,-8.691,0,0.0298,0.00213,0.0114,0.0581,0.604,123.257,4
spotify:track:7fcfNW0XxTWlwVlftzfDOR,"Walk","Vulgar Display of Power","Pantera",1992,315120,80,true,quirky613,2026-06-26T00:08:18Z,"groove metal,metal,thrash metal,heavy metal","Atlantic Records",0.43,0.704,1,-8.008,0,0.0804,0.000155,0.00221,0.0933,0.703,118.242,4
spotify:track:1ZEoYuekZQo62DLFtPVdqT,"Waking the Demon","Scream Aim Fire","Bullet For My Valentine",2008-01-28,247693,58,false,quirky613,2026-06-26T00:08:18Z,"pop punk","Jive",0.306,0.995,2,-3.203,1,0.1,0.0000298,0.00859,0.254,0.135,127.908,4
spotify:track:2fbnRsbMdmCyKLCti2ND9e,"Little Lion Man","Punk Goes Pop, Volume 4","Tonight Alive",2011-11-21,233146,0,false,quirky613,2026-06-26T00:14:01Z,"","Fearless Records",0.582,0.71,6,-4.093,1,0.0413,0.00212,0.000209,0.13,0.587,130.015,4
spotify:track:7ma9oube0FcZxAdw7EJdn6,"Natural Disaster","Mother Feather","Mother Feather",2016-05-13,226840,3,false,quirky613,2026-06-26T00:15:22Z,"indie,indie rock","Metal Blade Records",0.432,0.85,3,-4.72,1,0.0468,0.000789,0.00000133,0.305,0.667,143.057,4
spotify:track:5atlAt28h9xM5wxPspr5MU,"Whole Wide World - Unpeeled","Unpeeled","Cage The Elephant",2017-07-28,205714,53,false,quirky613,2026-06-26T00:16:17Z,"","RCA Records Label",0.405,0.751,5,-3.608,1,0.0392,0.377,0,0.0958,0.762,120.807,4
spotify:track:4N2utzbudidhsWZLpdHb2U,"Father Of Mine","So Much For The Afterglow","Everclear",1997-09-25,231400,1,false,quirky613,2026-06-26T00:16:17Z,"folk punk","Capitol Records",0.568,0.94,1,-5.401,1,0.0411,0.000431,0.0000496,0.0779,0.738,97.096,4
spotify:track:48UPSzbZjgc449aqz8bxox,"Californication","Californication (Deluxe Edition)","Red Hot Chili Peppers",1999-06-08,329733,89,false,quirky613,2026-06-26T00:16:17Z,"pop punk","Warner Records",0.592,0.767,9,-2.788,0,0.027,0.0021,0.00165,0.127,0.328,96.483,4
spotify:track:0iQ77tSa7ncj7zBPtVx6cU,"One Foot","What If Nothing","WALK THE MOON",2017-11-10,261371,60,false,quirky613,2026-06-26T00:16:17Z,"pop punk,emo","RCA Records Label",0.582,0.822,0,-4.861,1,0.0365,0.00749,0.00000209,0.818,0.471,100.025,4
spotify:track:1gKSs3BrhLToHH389ndTok,"Amarillo","Amarillo","Anarbor",2018-07-12,159948,19,false,quirky613,2026-06-26T00:16:17Z,"","ELVN ELVN RCRDS",0.595,0.906,7,-5.259,1,0.0871,0.0042,0,0.103,0.568,97.991,4
spotify:track:74pOrntQgZMz0cqc99rMw4,"Our Time Now","Every Second Counts","Plain White T's",2006,170213,0,false,quirky613,2026-06-26T00:19:09Z,"pop punk,emo","Angel",0.569,0.914,0,-4.424,1,0.0353,0.00951,0.00000732,0.376,0.933,102.973,4
spotify:track:231pMgkWUF0MjFtXGksGy4,"Kiss Me Again (feat. Alex Gaskarth)","Best Intentions (Re-issue)","We Are The In Crowd",2012-03-13,200951,0,false,quirky613,2026-06-26T00:19:09Z,"punk,skate punk,ska punk,melodic hardcore,hardcore punk,ska","Hopeless Records",0.64,0.892,5,-3.74,1,0.0339,0.000747,0,0.113,0.76,123.996,4
spotify:track:5rDWRCEZFIuqrY74HrGLiP,"Last Ones Left","Witness","blessthefall",2009-10-06,171946,0,false,quirky613,2026-06-26T00:19:09Z,"","Fearless Records",0.284,0.946,2,-3.304,0,0.104,0.000722,0.00000447,0.289,0.224,172.023,4
spotify:track:6VVA1mvSghHZCGDBwbgAVi,"Q","Chroma","Cartel",2005,154693,0,false,quirky613,2026-06-26T00:19:09Z,"garage rock,blues rock,rock,alternative rock","Epic",0.484,0.675,3,-5.695,1,0.0305,0.0004,0,0.223,0.453,148.996,4
spotify:track:5FXnDA6axG0O6CWcj2NxlZ,"Pop Punk Emo Mashup","Pop Punk Emo Mashup","Dave Days",2017-06-24,180437,42,false,quirky613,2026-06-26T00:19:09Z,"thrash metal,speed metal,groove metal,metal","Relica Music Group",0.532,0.957,0,-5.924,1,0.139,0.0108,0.0000271,0.109,0.435,96.525,4
spotify:track:2D2c0EGEs36su8hfpCbFJH,"Daylight Slaving","Holding a Wolf By the Ears (Bonus Version)","From Autumn To Ashes",2007-04-10,218200,0,false,quirky613,2026-06-26T00:19:09Z,"pop punk","Vagrant Records",0.169,0.932,9,-5.815,0,0.127,0.00000857,0.709,0.31,0.198,177.424,4
spotify:track:4hUR3thIs01mQUtVmZFJ8F,"The Overpass","Pray for the Wicked","Panic! At The Disco",2018-06-22,177800,50,false,quirky613,2026-06-26T00:19:32Z,"psychedelic rock,classic rock,acid rock,blues rock","DCD2 / Fueled By Ramen",0.517,0.955,10,-1.848,0,0.167,0.0224,0,0.364,0.61,132.951,4
spotify:track:0e7QzF7gA3cEpkCNuZ8AGY,"Voldemort (Acoustic)","Voldemort","With Confidence",2016-10-18,198880,0,false,quirky613,2026-06-26T00:19:58Z,"","Hopeless Records",0.608,0.497,8,-6.311,1,0.0258,0.189,0,0.0729,0.608,82.49,4
spotify:track:3nSiB5WCF2pmRQrYSsteHv,"Young Volcanoes","Save Rock And Roll","Fall Out Boy",2013-04-12,204506,56,false,quirky613,2026-06-26T00:20:07Z,"punk,skate punk,hardcore punk,melodic hardcore,ska punk","Island Records",0.599,0.853,11,-3.878,0,0.0365,0.00123,0.000504,0.37,0.676,94.998,4
spotify:track:1r1jsjelmYpyE8aBdPcHun,"Gum","I'll Keep You In Mind, From Time to Time","Moose Blood",2014-10-07,181387,0,false,quirky613,2026-06-26T00:20:07Z,"punk,skate punk,ska punk,psychobilly","No Sleep Records",0.501,0.667,4,-6.196,1,0.0284,0.00848,0,0.281,0.283,82.522,4
spotify:track:48O6kz322Dzu1R6Al5147q,"MakeDamnSure","Louder Now (U.S. Version)","Taking Back Sunday",2006-04-21,208280,1,false,quirky613,2026-06-26T00:22:34Z,"emo,pop punk,screamo,post-hardcore,punk","Concord Music Group",0.553,0.837,6,-5.608,1,0.0452,0.00941,0,0.372,0.432,140.495,4
spotify:track:6iCJCZqDJjmBxt07Oid6FI,"Buttercup","Landmark","Hippo Campus",2017-02-24,226610,59,false,quirky613,2026-06-26T00:23:59Z,"","Grand Jury (RED)",0.623,0.763,9,-4.412,1,0.0719,0.199,0.00000652,0.126,0.199,108.871,4
spotify:track:72phhQtfwZcRweweRxxkmU,"According To You","Believe (II)","Orianthi",2010-01-01,200346,53,false,quirky613,2026-06-26T00:23:59Z,"groove metal,metal,heavy metal,nu metal,thrash metal,death metal","Geffen",0.62,0.917,5,-2.583,1,0.0503,0.0232,0.0000122,0.0986,0.547,130.998,4
spotify:track:5rQQaAUU86ulQ4uZIyS1hp,"Stitches","Punk Goes Pop, Vol. 7","State Champs",2017-07-14,183440,52,false,quirky613,2026-06-26T00:23:59Z,"power pop","Fearless Records",0.443,0.876,1,-4.488,1,0.0979,0.000558,0.00000335,0.227,0.569,157.053,4
spotify:track:1Up4RdOBpChNDytatxKDXP,"The Best Of Me","Say It Like You Mean It","The Starting Line",2002-07-16,258266,63,false,quirky613,2026-06-26T00:23:59Z,"indie","Geffen*",0.533,0.802,4,-4.212,1,0.0384,0.001,0,0.314,0.293,106.969,4
spotify:track:1ZiQSh857sjgpXEiGW6GDR,"She's the Blade","Palm Trees and Power Lines","Sugarcult",2004-04-13,179240,52,false,quirky613,2026-06-26T00:23:59Z,"blues rock,garage rock,modern blues,rock","Fearless/Sheridan Square",0.462,0.825,1,-4.881,1,0.0485,0.0000635,0.00000511,0.319,0.656,157.01,4
spotify:track:5dli888Obp5dovIgwzZAV0,"Basement Royalty","Good Views, Bad News","Broadway Calls",2009-08-18,184546,0,false,quirky613,2026-06-26T00:23:59Z,"reggae rock,funk rock,rap rock","SideOneDummy Records",0.541,0.914,10,-4.468,1,0.0537,0.00152,0,0.377,0.771,130.005,4
spotify:track:15qf0H31MChhqKr2zvejla,"All Signs Point to Lauderdale","What Separates Me From You","A Day To Remember",2010,197200,1,true,quirky613,2026-06-26T00:23:59Z,"","Victory",0.42,0.983,10,-3.437,1,0.113,0.000263,0,0.114,0.513,149.958,4
spotify:track:27II4sOX9OuLzkq9sH2PJw,"Alien's Landing","Swim","Emily's Army",2014-07-18,156266,0,false,quirky613,2026-06-26T00:23:59Z,"anime,j-rock,j-pop","Rise Records",0.378,0.796,0,-4.695,1,0.0726,0.000428,0.00000121,0.336,0.664,187.081,4
spotify:track:4VKN3lBovrmKK7nWP4xknO,"The Afterglow","Dead Reflection","Silverstein",2017-07-14,188885,1,false,quirky613,2026-06-26T00:23:59Z,"metal,heavy metal,rock,stoner rock,doom metal,hard rock","Rise Records",0.476,0.964,8,-4.683,1,0.127,0.00556,0,0.268,0.724,167.112,4
spotify:track:1P9KaqqxnvZrEMhJ0OYzt3,"Passion For Publication","Free Your Mind","Anarbor",2009-03-10,158226,0,false,quirky613,2026-06-26T00:23:59Z,"","Hopeless Records",0.563,0.858,9,-3.828,1,0.0432,0.00134,0,0.0992,0.542,144.982,4
spotify:track:0pDbrLNpDx7xY68z64QNcs,"Rock To My Roll","Burnout (Deluxe Version)","Anarbor",2013-06-04,167093,0,false,quirky613,2026-06-26T00:23:59Z,"","Hopeless Records",0.591,0.808,3,-3.955,1,0.0377,0.318,0,0.11,0.586,123.027,4
spotify:track:7DTTn7aeCENliHGmsWkMFo,"18","Burnout (Deluxe Version)","Anarbor",2013-06-04,157360,0,false,quirky613,2026-06-26T00:23:59Z,"","Hopeless Records",0.724,0.852,11,-2.779,1,0.0998,0.0603,0,0.0805,0.88,98.056,4
spotify:track:6PsISpFaCEKwysPfwO9SfC,"Cute Without The 'E' (Cut From The Team)","Tell All Your Friends","Taking Back Sunday",2002-03-26,211546,1,false,quirky613,2026-06-26T00:23:59Z,"emo,pop punk,screamo,post-hardcore,punk","Craft Recordings",0.402,0.859,1,-4.41,0,0.0466,0.0394,0,0.0745,0.514,95.31,4
spotify:track:0ChpoNjXfJPjMvCIN6so6J,"Memory","Palm Trees and Power Lines","Sugarcult",2004-04-13,226080,68,false,quirky613,2026-06-26T00:23:59Z,"blues rock,garage rock,modern blues,rock","Fearless/Sheridan Square",0.449,0.864,1,-3.892,1,0.0352,0.0000204,0,0.108,0.713,167.154,4
spotify:track:7tAXcpfuwnnlPYgJU3H1lA,"Simple Song","4AM Friday","Avail",1996-05-10,192853,43,false,quirky613,2026-06-26T00:23:59Z,"folk pop,indie folk","Epitaph",0.279,0.984,7,-3.688,1,0.102,0.000251,0.135,0.135,0.363,105.223,4
spotify:track:2LAlaunA4DD79pSEwE1qUK,"Do Right","Bring Your Own Stereo","Jimmie's Chicken Shack",1999-01-01,182466,45,false,quirky613,2026-06-26T00:23:59Z,"post-hardcore,screamo,emo,metalcore,pop punk","Island Records",0.603,0.888,9,-5.733,1,0.0437,0.0417,0,0.319,0.696,145.067,4
spotify:track:0luiEdjsPs2uXKEEXRmZlc,"Everybodies Girl","Punk-O-Rama, Vol. 3","Dwarves",2008-07-29,162333,24,false,quirky613,2026-06-26T00:23:59Z,"punk,hardcore punk,skate punk","Epitaph",0.381,0.968,4,-5.287,1,0.0992,0.00532,0,0.607,0.433,143.099,4
spotify:track:3Hx7RXqCS7Kzjy2ot2q1Gk,"Fever","Turn Blue","The Black Keys",2014-05-06,246306,66,false,quirky613,2026-06-26T00:24:46Z,"","Nonesuch",0.609,0.674,9,-6.506,0,0.0355,0.00378,0.000302,0.129,0.743,127.541,4
spotify:track:6ZWn1MVUaBH2HNQobhMYeE,"Little Black Submarines - Radio Edit [radio edit]","Little Black Submarines (Radio Edit)","The Black Keys",2012-08-21,204692,42,false,quirky613,2026-06-26T00:24:46Z,"","Nonesuch",0.299,0.706,2,-5.421,1,0.0687,0.141,0.0000358,0.0703,0.247,94.263,4
spotify:track:5lN1EH25gdiqT1SFALMAq1,"Gold on the Ceiling","El Camino","The Black Keys",2011-12-06,224333,67,false,quirky613,2026-06-26T00:24:46Z,"","Nonesuch",0.505,0.833,0,-4.632,1,0.0475,0.00772,0.000079,0.069,0.565,130.121,4
spotify:track:5G1sTBGbZT5o4PNRc75RKI,"Lonely Boy","El Camino","The Black Keys",2011-12-06,193653,71,false,quirky613,2026-06-26T00:24:46Z,"","Nonesuch",0.356,0.872,2,-7.837,1,0.068,0.00417,0.00975,0.0997,0.607,166.3,4
spotify:track:4qjqO5m5e5vebk9upd7xUU,"Never Gonna Give You Up","Brothers","The Black Keys",2010-05-18,218986,44,false,quirky613,2026-06-26T00:24:46Z,"","Nonesuch",0.557,0.665,6,-6.19,0,0.0328,0.324,0.000281,0.0713,0.437,75.805,4
spotify:track:0grFc6klR3hxoHLcgCYsF4,"Howlin' for You","Brothers","The Black Keys",2010-05-18,191800,71,false,quirky613,2026-06-26T00:24:46Z,"","Nonesuch",0.705,0.735,11,-6.646,1,0.0931,0.028,0.0783,0.112,0.448,132.627,4
spotify:track:6dU5RxthbuaN31bRbEDlNw,"Everlasting Light","Brothers","The Black Keys",2010-05-18,203773,61,false,quirky613,2026-06-26T00:24:46Z,"","Nonesuch",0.641,0.582,4,-6.554,1,0.0483,0.127,0.00632,0.354,0.725,181.039,4
spotify:track:6ohRjO8755pOXrgJ8CdqXC,"Pull Your Weight","Origami","Vinyl Theatre",2017-05-05,220106,22,false,quirky613,2026-06-26T00:24:46Z,"","Fueled By Ramen",0.433,0.868,3,-3.837,1,0.0491,0.00749,0,0.0776,0.31,150.878,4
spotify:track:7N0r1CMp8OyCApyna20Qe9,"The Island","Origami","Vinyl Theatre",2017-05-05,197000,24,false,quirky613,2026-06-26T00:24:46Z,"","Fueled By Ramen",0.553,0.876,2,-6.457,0,0.0531,0.00349,0,0.228,0.322,127.057,4
spotify:track:1gYljiHmr5La4rMkzEbXRE,"30 Seconds","Origami","Vinyl Theatre",2017-05-05,212546,31,false,quirky613,2026-06-26T00:24:46Z,"","Fueled By Ramen",0.547,0.851,7,-6.224,1,0.0364,0.00154,0.0000784,0.114,0.417,126.997,4
spotify:track:4yHnVcTUlRDDNTd2fXMYqa,"Speak My Mind","Origami","Vinyl Theatre",2017-05-05,264613,18,false,quirky613,2026-06-26T00:24:46Z,"","Fueled By Ramen",0.455,0.582,7,-4.867,1,0.0302,0.0101,0.0000066,0.205,0.164,80.986,4
spotify:track:0ekXXkpMdvnP2FyCvW4oAp,"New Machines","Origami","Vinyl Theatre",2017-05-05,241133,33,false,quirky613,2026-06-26T00:24:46Z,"","Fueled By Ramen",0.517,0.757,8,-5.797,0,0.0491,0.00767,0.00588,0.139,0.455,153.051,4
spotify:track:0M5w3HX2II5sT48jrx9HOg,"Day in Day Out","Origami","Vinyl Theatre",2017-05-05,188226,22,false,quirky613,2026-06-26T00:24:46Z,"","Fueled By Ramen",0.465,0.742,11,-4.719,0,0.0359,0.00296,0,0.169,0.479,91.907,4
spotify:track:1J2TJKwwiNqrqAywQMBFNu,"My Fault","Origami","Vinyl Theatre",2017-05-05,247653,20,false,quirky613,2026-06-26T00:24:46Z,"","Fueled By Ramen",0.344,0.698,7,-6.702,1,0.0455,0.00233,0.0000332,0.45,0.206,151.952,4
spotify:track:4dmgawH7YVY663GxxjEIwC,"Me, Myself, and I","Me, Myself, and I","Vinyl Theatre",2017-09-29,206266,41,false,quirky613,2026-06-26T00:24:46Z,"","Vinyl Theatre",0.619,0.711,4,-5.211,0,0.0328,0.0149,0.000022,0.0968,0.309,90.987,4
spotify:track:7k1pfmKI7t0AprW7SEdFpC,"Breaking up My Bones","Electrogram","Vinyl Theatre",2014-09-19,185428,46,false,quirky613,2026-06-26T00:24:46Z,"","Fueled By Ramen",0.608,0.899,2,-3.185,1,0.0392,0.0125,0,0.211,0.652,105.032,4
spotify:track:15jIpgBlSbxsPVsKPNYkNp,"Boyfriend","How Will You Know If You Never Try","COIN",2017-04-21,179013,48,false,quirky613,2026-06-26T00:24:46Z,"funk rock","StarTime International/Columbia",0.572,0.916,0,-4.83,1,0.0576,0.016,0.00000968,0.208,0.464,150.088,4
spotify:track:11zf7m4vw9Ze7cer9Nyhk1,"Pleaser","Pleaser","Wallows",2017-04-12,187895,67,false,quirky613,2026-06-26T00:24:46Z,"melodic hardcore,skate punk,punk,hardcore punk","Atlantic Records",0.497,0.914,9,-4.308,1,0.0455,0.126,0.0000198,0.274,0.385,148.893,4
spotify:track:4CdfFYzaAJ0y0beKzmgJSn,"No Roots","No Roots","Alice Merton",2017-08-04,235813,2,false,quirky613,2026-06-26T00:24:46Z,"","Mom+Pop",0.863,0.657,7,-7.295,1,0.105,0.264,0.00619,0.0713,0.829,115.958,4
spotify:track:57Xjny5yNzAcsxnusKmAfA,"Reptilia","Room On Fire","The Strokes",2003-10-28,219826,81,false,quirky613,2026-06-26T00:24:46Z,"","RCA Records Label",0.489,0.649,9,-5.11,1,0.0336,0.000603,0.713,0.101,0.77,158.009,4
spotify:track:3SUusuA9jH1v6PVwtYMbdv,"Last Nite","Is This It","The Strokes",2001-07-30,193373,71,false,quirky613,2026-06-26T00:24:46Z,"","RCA Records Label",0.624,0.899,0,-5.709,1,0.0296,0.0221,0.000137,0.0975,0.79,104.061,4
spotify:track:7hm4HTk9encxT0LYC0J6oI,"Someday","Is This It","The Strokes",2001-07-30,183440,72,false,quirky613,2026-06-26T00:24:46Z,"","RCA Records Label",0.539,0.521,9,-7.46,1,0.0299,0.00425,0,0.367,0.679,106.035,4
spotify:track:3ItzRpwvKtkDSNdRSjXu7Z,"Chelsea Dagger","Costello Music","The Fratellis",2007-01-01,215173,68,false,quirky613,2026-06-26T00:24:46Z,"post-grunge","Interscope",0.512,0.817,7,-3.154,1,0.142,0.0505,0,0.0775,0.552,154.607,4
spotify:track:37CBHPCzV1rizPrxRUyR72,"No You Girls","Tonight: Franz Ferdinand","Franz Ferdinand",2009-01-23,220453,0,false,quirky613,2026-06-26T00:24:46Z,"","Domino",0.679,0.909,2,-4.129,0,0.0297,0.00915,0.0000327,0.139,0.899,104.781,4
spotify:track:5PntSbMHC1ud6Vvl8x56qd,"Loser","Mellow Gold","Beck",1994-03-01,235000,77,false,quirky613,2026-06-26T00:24:46Z,"","DGC",0.654,0.611,2,-10.45,1,0.119,0.0337,0.000178,0.405,0.786,85.387,4
spotify:track:305WCRhhS10XUcH6AEwZk6,"Are You Gonna Be My Girl","Get Born","Jet",2003,213800,13,false,quirky613,2026-06-26T00:24:46Z,"pop punk,punk,emo","BMG Rights Management (US) LLC",0.606,0.957,2,-3.404,1,0.0814,0.00117,0.000295,0.14,0.603,105.105,4
spotify:track:5TmxZMRd2fMkecVqyySKHm,"Giants","Distraction","Bear Hands",2014-02-18,188266,0,false,quirky613,2026-06-26T00:24:46Z,"pop punk,emo,punk","Cantora Records",0.465,0.848,0,-5.497,1,0.0958,0.00538,0.0132,0.0748,0.422,184.034,4
spotify:track:68NsOuum1AegLDhOIr2ADL,"The Run and Go","Vessel","Twenty One Pilots",2013-01-08,229000,63,false,quirky613,2026-06-26T00:24:46Z,"garage rock,indie rock,alternative rock","Fueled By Ramen",0.798,0.318,10,-6.849,0,0.0431,0.0437,0,0.158,0.425,92.49,4
spotify:track:17FK4etx1u2NK60cptINMS,"100 Bad Days","Neotheater","AJR",2019-04-26,212783,1,false,quirky613,2026-06-26T00:24:46Z,"djent,progressive metal,progressive rock","BMG Rights Management (US) LLC",0.626,0.639,10,-5.62,1,0.085,0.0465,0,0.161,0.638,144.009,4
spotify:track:02ILwrgX3DDx9mclP2EI41,"I'm Ready","I'm Ready - EP","AJR",2014-03-25,227311,0,false,quirky613,2026-06-26T00:24:46Z,"djent,progressive metal,progressive rock","AJR Productions/Warner Records",0.628,0.867,9,-3.555,1,0.0913,0.0108,0,0.308,0.597,78.043,4
spotify:track:0TkJIyL69RAUIbNwGub6uR,"Burn The House Down","The Click (Deluxe Edition)","AJR",2018-09-21,212373,2,true,quirky613,2026-06-26T00:24:46Z,"djent,progressive metal,progressive rock","BMG Rights Management (US) LLC",0.454,0.66,0,-4.357,1,0.168,0.0364,0,0.181,0.568,184.353,4
spotify:track:5DZwnLxHjWTZaz9jOpRhxb,"Weak","The Click","AJR",2017-06-09,201159,1,false,quirky613,2026-06-26T00:24:46Z,"djent,progressive metal,progressive rock","S-Curve Records",0.67,0.643,5,-4.553,1,0.0465,0.118,0,0.192,0.703,123.979,4
spotify:track:61dTqhd46yMkSWmC5LAh5F,"Angel Of Death","Reign In Blood","Slayer",1986-01-01,291440,1,false,quirky613,2026-06-26T00:24:46Z,"pop","American Recordings Catalog P&D",0.332,0.994,1,-4.336,1,0.137,0.000119,0.322,0.142,0.0829,106.086,4
spotify:track:5hheGdf1cb4rK0FNiedCfK,"The Devil in I",".5: The Gray Chapter (Special Edition)","Slipknot",2014-10-15,342821,77,false,quirky613,2026-06-26T00:24:46Z,"pop punk,acoustic pop,punk","Roadrunner Records",0.398,0.939,9,-2.865,0,0.0648,0.00591,0.000881,0.357,0.235,92.027,4
spotify:track:6AAZigYqOch79lKcrSBOv0,"Killpop",".5: The Gray Chapter (Special Edition)","Slipknot",2014-10-15,225066,68,true,quirky613,2026-06-26T00:24:46Z,"pop punk,acoustic pop,punk","Roadrunner Records",0.306,0.926,1,-2.754,0,0.0912,0.000311,0.000644,0.0776,0.483,158.47,4
spotify:track:3GiJq4AQK7324mfIQbpiTf,"Custer",".5: The Gray Chapter (Special Edition)","Slipknot",2014-10-15,254466,77,true,quirky613,2026-06-26T00:24:46Z,"pop punk,acoustic pop,punk","Roadrunner Records",0.407,0.98,7,-1.58,1,0.107,0.00174,0.000112,0.119,0.537,131.066,4
spotify:track:4g3QZlvz39UllCcRXDZ0Do,"Sulfur","All Hope Is Gone","Slipknot",2008-08-22,277800,59,false,quirky613,2026-06-26T00:24:46Z,"pop punk,acoustic pop,punk","Roadrunner Records",0.278,0.985,11,-1.934,1,0.129,0.000234,0.000235,0.104,0.342,104.803,4
spotify:track:5Pm9uuEL0q6aXSRT3161UP,"Psychosocial","All Hope Is Gone","Slipknot",2008-08-22,283400,43,false,quirky613,2026-06-26T00:24:46Z,"pop punk,acoustic pop,punk","Roadrunner Records",0.576,0.989,2,-1.909,1,0.112,0.00252,0.0032,0.0243,0.352,135.093,4
spotify:track:3i7SFm1X8kHXfa9saDtxIW,"Cannibal","Cannibal","Static-X",2007-04-02,193120,44,false,quirky613,2026-06-26T00:24:46Z,"pop punk,skate punk,punk","Reprise",0.565,0.999,6,-2.742,1,0.173,0.000509,0.0000507,0.08,0.359,160.032,4
spotify:track:00AxXSPBavEKf4hwgX6ZMo,"No Submission","Cannibal","Static-X",2007-04-02,161013,35,false,quirky613,2026-06-26T00:24:46Z,"pop punk,skate punk,punk","Reprise",0.58,0.998,1,-2.765,1,0.209,0.000401,0.00000242,0.254,0.0968,95.046,4
spotify:track:4fQIMU0neeR5XlQp0ol1c9,"Destroyer","Cannibal","Static-X",2007-04-02,165960,51,false,quirky613,2026-06-26T00:24:46Z,"pop punk,skate punk,punk","Reprise",0.613,0.995,3,-1.032,1,0.124,0.0119,0.000163,0.34,0.288,134.023,4
spotify:track:2VYashoUmAFOKVEq5YUQjG,"Destroy All","Shadow Zone","Static-X",2003-10-07,138400,45,false,quirky613,2026-06-26T00:24:46Z,"pop punk,skate punk,punk","Warner Records",0.55,0.992,1,-2.434,1,0.146,0.0000817,0.0249,0.374,0.204,125.939,4
spotify:track:25rsyJGsRYh0svcFXY13rl,"New Pain","Shadow Zone","Static-X",2003-10-07,177506,43,false,quirky613,2026-06-26T00:24:46Z,"pop punk,skate punk,punk","Warner Records",0.565,0.956,5,-2.996,0,0.0986,0.0000198,0,0.139,0.311,111.902,4
spotify:track:3jLITzD2dcuT8ER4finkCl,"Kill Your Idols","Shadow Zone","Static-X",2003-10-07,240960,42,false,quirky613,2026-06-26T00:24:46Z,"pop punk,skate punk,punk","Warner Records",0.526,0.991,7,-4.058,1,0.104,0.0000136,0.479,0.331,0.285,130.838,4
spotify:track:4S8tdIqgj4OHLTfQYfWPbP,"The Enemy","Start a War","Static-X",2005-06-14,148560,18,false,quirky613,2026-06-26T00:24:46Z,"pop punk,skate punk,punk","Warner Records",0.534,0.958,1,-3.518,1,0.195,0.0000706,0.00177,0.152,0.577,168.81,4
spotify:track:5VDcaYTqPB2pib8tGjzSVs,"Start a War","Start a War","Static-X",2005-06-14,164666,17,false,quirky613,2026-06-26T00:24:46Z,"pop punk,skate punk,punk","Warner Records",0.471,0.995,1,-4.116,1,0.0928,0.000474,0.00299,0.0404,0.734,193.254,4
spotify:track:3Noug4xx3E6W2Y4NpNACec,"I Want to Fucking Break It","Start a War","Static-X",2005-06-14,162960,11,false,quirky613,2026-06-26T00:24:46Z,"pop punk,skate punk,punk","Warner Records",0.587,0.989,1,-3.066,1,0.0699,0.0000581,0.0404,0.119,0.429,117.535,4
spotify:track:5AdoS3gS47x40nBNlNmPQ8,"Angel Of Death","Reign In Blood (Expanded)","Slayer",1986-01-01,291773,0,false,quirky613,2026-06-26T00:24:46Z,"pop","Universal Music Group",0.324,0.994,1,-4.366,0,0.141,0.0000906,0.347,0.0916,0.0841,105.012,4
spotify:track:0HAr4QR1xI8nwC7VfzYidu,"Dead Memories","All Hope Is Gone","Slipknot",2008-08-22,268586,62,false,quirky613,2026-06-26T00:24:46Z,"pop punk,acoustic pop,punk","Roadrunner Records",0.547,0.963,4,-2.337,0,0.0744,0.000443,0.0251,0.353,0.441,130.061,4
spotify:track:02wWugZopNahlikfX5vm3F,"Snuff","All Hope Is Gone","Slipknot",2008-08-22,276146,41,false,quirky613,2026-06-26T00:24:46Z,"pop punk,acoustic pop,punk","Roadrunner Records",0.544,0.69,6,-5.723,0,0.0425,0.012,0.0095,0.0615,0.219,123.962,4
spotify:track:0Y2i84QWPFiFHQfEQDgHya,"People = Shit","Iowa (10th Anniversary Edition)","Slipknot",2001,215600,72,true,quirky613,2026-06-26T00:24:46Z,"pop punk,acoustic pop,punk","Roadrunner Records",0.462,0.996,11,-2.973,0,0.231,0.000058,0.00377,0.139,0.145,122.072,4
spotify:track:47VSmPTydr0saGjbQGwCeg,"Disasterpiece","Iowa (10th Anniversary Edition)","Slipknot",2001,308306,64,true,quirky613,2026-06-26T00:24:46Z,"pop punk,acoustic pop,punk","Roadrunner Records",0.395,0.988,11,-4.063,0,0.246,0.000128,0.000244,0.134,0.189,107.684,4
spotify:track:74WIE2htPZwxx4HgGhpf8i,"My Plague","Iowa (10th Anniversary Edition)","Slipknot",2001,220293,65,true,quirky613,2026-06-26T00:24:46Z,"pop punk,acoustic pop,punk","Roadrunner Records",0.279,0.993,11,-2.67,0,0.209,0.000278,0.000394,0.197,0.107,88.553,4
spotify:track:3OYZWMm5m2DEwq2Tc1ukTh,"The Heretic Anthem","Iowa (10th Anniversary Edition)","Slipknot",2001,254000,68,true,quirky613,2026-06-26T00:24:46Z,"pop punk,acoustic pop,punk","Roadrunner Records",0.451,0.993,1,-4.143,1,0.185,0.000562,0.00479,0.152,0.14,100.827,4
spotify:track:5i2MXxinpfJCj1ynihiNnt,"Metabolic","Iowa (10th Anniversary Edition)","Slipknot",2001,239466,51,true,quirky613,2026-06-26T00:24:46Z,"pop punk,acoustic pop,punk","Roadrunner Records",0.318,0.991,1,-2.965,1,0.165,0.000156,0.00132,0.128,0.261,97.719,4
spotify:track:1g8lVIsEkDaGD1nKw6fwUb,"(sic)","Slipknot (10th Anniversary Edition)","Slipknot",2009-09-09,199880,60,true,quirky613,2026-06-26T00:24:46Z,"pop punk,acoustic pop,punk","Roadrunner Records",0.38,0.994,7,-4.638,1,0.124,0.000536,0.00128,0.0956,0.267,96.325,4
spotify:track:2gscB6kDOmrv1P6qs2KXE3,"Wait and Bleed","Slipknot (10th Anniversary Edition)","Slipknot",2009-09-09,147840,70,false,quirky613,2026-06-26T00:24:46Z,"pop punk,acoustic pop,punk","Roadrunner Records",0.382,0.996,7,-4.119,1,0.104,0.00208,0,0.417,0.327,93.345,4
spotify:track:2W2eaLVKv9NObcLXlYRZZo,"Spit It Out","Slipknot (10th Anniversary Edition)","Slipknot",2009-09-09,159773,63,true,quirky613,2026-06-26T00:24:46Z,"pop punk,acoustic pop,punk","Roadrunner Records",0.331,0.946,7,-4.599,1,0.0775,0.0309,0.00000562,0.254,0.534,139.965,4
spotify:track:2cKZJAxbepebrKMdkggWHg,"Tattered & Torn","Slipknot (10th Anniversary Edition)","Slipknot",2009-09-09,173866,44,true,quirky613,2026-06-26T00:24:46Z,"pop punk,acoustic pop,punk","Roadrunner Records",0.223,0.989,7,-3.952,1,0.383,0.000122,0.759,0.552,0.051,86.323,4
spotify:track:61mWefnWQOLf90gepjOCb3,"Duality","Vol. 3: The Subliminal Verses (Special Edition)","Slipknot",2004,252613,86,false,quirky613,2026-06-26T00:24:46Z,"pop punk,acoustic pop,punk","Roadrunner Records",0.354,0.982,4,-3.026,0,0.168,0.000237,0.000294,0.204,0.194,143.772,4
spotify:track:6wqJeItl3Vc3az4ZicSQAB,"Before I Forget","Vol. 3: The Subliminal Verses (Special Edition)","Slipknot",2004,278600,82,false,quirky613,2026-06-26T00:24:46Z,"pop punk,acoustic pop,punk","Roadrunner Records",0.291,0.974,6,-2.997,0,0.171,0.0177,0.00000544,0.886,0.348,134.724,4
spotify:track:0szmjOw9XbtbQYWz0GvXSp,"Horse to Water","Neptune","Tall Heights",2016-08-19,244951,47,false,quirky613,2026-06-26T00:24:46Z,"","Masterworks",0.519,0.622,6,-9.135,0,0.0319,0.343,0.0699,0.497,0.514,97.004,4
spotify:track:5K7AMlpc4796JRWXb26nCV,"I'll Be","Misguided Roses","Edwin McCain",1997,266533,76,false,quirky613,2026-06-26T00:24:46Z,"pop punk,punk","Rhino Atlantic",0.371,0.609,11,-5.524,1,0.0295,0.386,0,0.104,0.426,136.526,3
spotify:track:6vrUTGn5p8IrfTZ0J6sIVM,"Iris","Greatest Hits Volume One - The Singles","The Goo Goo Dolls",2007-11-06,289906,76,false,quirky613,2026-06-26T00:24:46Z,"soul","Warner Records",0.291,0.79,11,-5.683,0,0.0363,0.00133,0.00000561,0.0811,0.513,155.667,3
spotify:track:0eG5CqXwJpa5MBjYyg1lRm,"Slide","Greatest Hits Volume One - The Singles","The Goo Goo Dolls",2007-11-06,213200,55,false,quirky613,2026-06-26T00:24:46Z,"soul","Warner Records",0.371,0.845,8,-4.199,1,0.0399,0.00753,0,0.0556,0.471,112.198,4
spotify:track:3VEFybccRTeWSZRkJxDuNR,"Peaches","The Presidents of The United States of America: Ten Year Super Bonus Special Anniversary Edition","The Presidents Of The United States Of America",1995,171693,2,false,quirky613,2026-06-26T00:24:46Z,"alternative rock","PUSA Music",0.417,0.849,1,-4.199,0,0.0481,0.0146,0.000387,0.0673,0.594,94.267,4
spotify:track:6Fe3Flc9SjE03pqwD6PVQl,"Amber","From Chaos","311",2001-06-19,206973,77,false,quirky613,2026-06-26T00:24:46Z,"rock","Volcano",0.663,0.697,0,-9.442,1,0.0473,0.156,0.0224,0.0663,0.744,166.001,4
spotify:track:0NGSH2Ah772qMcLTANjyO7,"Here Without You - Acoustic Version","Acoustic EP","3 Doors Down",2006-01-01,233160,51,false,quirky613,2026-06-26T00:24:46Z,"post-grunge","Universal Records",0.542,0.571,10,-6.116,0,0.0271,0.0171,0,0.245,0.334,143.755,4
spotify:track:3NLrRZoMF0Lx6zTlYqeIo4,"Here Without You","Away From The Sun","3 Doors Down",2002-11-12,238733,83,false,quirky613,2026-06-26T00:24:46Z,"post-grunge","Universal Records",0.557,0.533,10,-6.817,0,0.0252,0.0492,0,0.205,0.233,143.994,4
spotify:track:6ZOBP3NvffbU4SZcrnt1k6,"Kryptonite","The Better Life","3 Doors Down",2000,233933,86,false,quirky613,2026-06-26T00:24:46Z,"post-grunge","Universal Records",0.545,0.865,11,-5.708,0,0.0286,0.00664,0.000011,0.168,0.543,99.005,4
spotify:track:4cKGldbhGJniI8BrB3K6tb,"Everything You Want","Everything You Want","Vertical Horizon",1999-06-14,257066,69,false,quirky613,2026-06-26T00:24:46Z,"","RCA Records Label",0.636,0.761,3,-6.389,0,0.0306,0.0517,0,0.0642,0.736,93.896,4
spotify:track:0nMOZnZA4GnipZXswSmCS6,"Clairvoyant","The Story so Far / Stick to Your Guns Split - EP","The Story So Far",2013-06-18,181028,0,false,quirky613,2026-06-26T00:24:46Z,"rap rock,old school hip hop,east coast hip hop,hip hop","Pure Noise Records",0.387,0.352,8,-6.864,1,0.027,0.859,0,0.135,0.137,86.168,4
spotify:track:7a7Xou8pZEaVKDvdsBgFbl,"GO!!!","Flow Anime Best Kiwami","FLOW",2015,238853,0,false,quirky613,2026-06-26T00:24:46Z,"","Sony Music Labels Inc.",0.602,0.97,11,-3.099,1,0.071,0.103,0,0.198,0.901,134.001,4
spotify:track:052C0m9kD30nZqcPWPPRqm,"遥か彼方","Best Hit AKG","ASIAN KUNG-FU GENERATION",2012-01-18,243346,4,false,quirky613,2026-06-26T00:24:46Z,"","Ki/oon Music Inc.",0.316,0.951,1,-3.757,0,0.112,0.0000246,0.189,0.17,0.255,174.895,4
spotify:track:1GwVi2ceNb8dMFA3DZGnnY,"On the Way Down","Take It All Away (U.S. Version)","Ryan Cabrera",2004-06-08,213280,57,false,quirky613,2026-06-26T00:24:46Z,"pop punk","Atlantic Records",0.5,0.845,1,-5.015,1,0.0369,0.00184,0,0.106,0.539,95.199,4
spotify:track:7CVYxHq1L0Z4G84jTDS6Jl,"Don't Look Back In Anger (Remastered)","(What's The Story) Morning Glory? (Deluxe Edition) [Remastered]","Oasis",1995-10-02,289559,1,false,quirky613,2026-06-26T00:24:46Z,"","Big Brother Recordings, Ltd.",0.333,0.922,0,-4.087,1,0.0592,0.0596,0.00000205,0.126,0.335,162.978,4
spotify:track:5xhXENAUlC0z3F5ZLrQtGz,"Myself","The Fourth World","Kara's Flowers",1997-08-08,186066,36,false,quirky613,2026-06-26T00:25:42Z,"","Reprise",0.555,0.806,4,-5,1,0.0392,0.0615,0.0341,0.0697,0.702,117.002,4
spotify:track:2KVwlelhxKUy8LVV6JypH3,"Push","Yourself or Someone Like You","Matchbox Twenty",1996-10-01,238666,80,false,quirky613,2026-06-26T00:25:42Z,"industrial metal,nu metal,industrial rock,industrial,rap metal,metal,alternative metal","Lava/Atlantic",0.42,0.672,6,-7.902,1,0.027,0.0067,0,0.108,0.476,168.019,4
spotify:track:0PXWpNBYg52gABrn1qL1bD,"Unwell - 2007 Remaster","Exile on Mainstream","Matchbox Twenty",2007-10-02,237266,63,false,quirky613,2026-06-26T00:25:42Z,"industrial metal,nu metal,industrial rock,industrial,rap metal,metal,alternative metal","Atlantic Records",0.442,0.793,9,-5.152,1,0.0347,0.0456,0,0.328,0.437,80.985,4
spotify:track:0gbLfFlEyVHiKzlZIb0gce,"How Far We've Come","Exile on Mainstream","Matchbox Twenty",2007-10-02,212253,60,false,quirky613,2026-06-26T00:25:42Z,"industrial metal,nu metal,industrial rock,industrial,rap metal,metal,alternative metal","Atlantic Records",0.566,0.906,0,-5.092,1,0.0642,0.00452,0,0.21,0.787,83,4
spotify:track:1fBhy6ldTdjsQxTRuTIz6U,"James Franco","Muse","Polyphia",2015-04-21,196090,0,false,quirky613,2026-06-26T00:25:42Z,"indie rock,indie","Equal Vision Records",0.462,0.954,11,-4.84,0,0.0938,0.0000398,0.711,0.319,0.526,109.967,4
spotify:track:42YgaJLCehufTbH2orwBHM,"Back To The Shack","Everything Will Be Alright In The End","Weezer",2014-10-01,185160,52,false,quirky613,2026-06-26T00:25:42Z,"pop punk","Universal Records",0.441,0.69,1,-5.214,1,0.044,0.00686,0.0000743,0.0375,0.642,171.907,4
spotify:track:0qA4oBWCqhCLiOtMfaWUte,"Circles","El Oso","Soul Coughing",1998-09-29,186640,0,false,quirky613,2026-06-26T00:25:42Z,"anti-folk","Woah Dad!",0.698,0.524,0,-7.372,1,0.0352,0.11,0.0408,0.108,0.612,102.398,4
spotify:track:5lDriBxJd22IhOH9zTcFrV,"Dirty Little Secret","Move Along","The All-American Rejects",2005-07-12,193653,36,false,quirky613,2026-06-26T00:25:42Z,"post-grunge","Interscope",0.465,0.954,10,-4.251,1,0.044,0.000346,0.00000538,0.573,0.458,143.85,4
spotify:track:6HOstByHAFfuW1wVAaTTip,"Champagne (feat. Nick Johnston)","Muse","Polyphia;Nick Johnston",2015-04-21,265384,0,false,quirky613,2026-06-26T00:25:42Z,"indie rock,indie","Equal Vision Records",0.461,0.963,8,-4.665,0,0.119,0.0000126,0.907,0.359,0.597,129.985,4
spotify:track:7oK9VyNzrYvRFo7nQEYkWN,"Mr. Brightside","Hot Fuss","The Killers",2004-06-15,222586,12,false,quirky613,2026-06-26T00:25:42Z,"nu metal,metal,alternative metal,rap metal,rock","Island Records",0.356,0.924,1,-3.74,1,0.0808,0.00101,0,0.0953,0.232,148.017,4
spotify:track:42et6fnHCw1HIPSrdPprMl,"Semi-Charmed Life","Third Eye Blind","Third Eye Blind",1997-04-08,268360,85,false,quirky613,2026-06-26T00:25:42Z,"proto-punk,baroque pop","Rhino/Elektra",0.64,0.864,7,-6.576,1,0.0314,0.00832,0,0.123,0.701,102.026,4
spotify:track:6M14BiCN00nOsba4JaYsHW,"Ocean Man","The Mollusk","Ween",1997-04-18,126946,71,false,quirky613,2026-06-26T00:25:42Z,"j-rock,anime,j-pop","Elektra Records",0.72,0.912,4,-6.13,1,0.0363,0.551,0.00122,0.0982,0.973,122.782,4
spotify:track:6sqNctd7MlJoKDOxPVCAvU,"My Happy Ending","Under My Skin","Avril Lavigne",2004,242413,77,true,quirky613,2026-06-26T00:25:42Z,"nu metal,metal,alternative metal,rap metal,heavy metal","Arista",0.414,0.936,2,-2.407,1,0.0758,0.00136,0,0.369,0.74,170.229,4
spotify:track:2HXixVqzzm9rEUIMAWzshl,"I Hate Myself for Loving You","Up Your Alley","Joan Jett & the Blackhearts",1988-05-23,246800,67,false,quirky613,2026-06-26T00:25:42Z,"indie rock","CBS Associated",0.611,0.882,9,-11.225,1,0.0538,0.0847,0.00000108,0.192,0.605,117.932,4
spotify:track:6mfkHv00I6jhHIn7EWHJ2N,"Just A Girl","The Singles Collection","No Doubt",2003-01-01,205946,60,false,quirky613,2026-06-26T00:25:42Z,"pop punk,emo","Interscope",0.635,0.937,2,-2.86,1,0.0452,0.0741,0.0000729,0.134,0.779,108.003,4
spotify:track:6urCAbunOQI4bLhmGpX7iS,"Don't Speak","Tragic Kingdom","No Doubt",1995-10-10,263560,84,false,quirky613,2026-06-26T00:25:42Z,"pop punk,emo","Trauma",0.52,0.709,5,-7.125,0,0.0352,0.247,0.0000178,0.18,0.536,76.039,4
spotify:track:5bS8yckaN26o92LOeC9CK0,"Creatures (For a While)","Greatest Hits '93 - '03","311",2004-06-08,266333,39,false,quirky613,2026-06-26T00:25:42Z,"rock","Volcano",0.515,0.907,6,-6.951,1,0.0627,0.00204,0,0.132,0.704,190.605,4
spotify:track:6DPFE45zF8qhcyZWpNLpQz,"Paralyzed","Gravity","Against The Current",2015-02-17,196000,47,false,quirky613,2026-06-26T00:25:42Z,"grunge,alternative rock","mudhutdigital.com",0.576,0.902,7,-3.341,1,0.0546,0.000402,0,0.231,0.774,132,4
spotify:track:4sK96UnGx3NjBaqvfTG2dm,"Too Close","The Lateness Of The Hour","Alex Clare",2011,256560,63,false,quirky613,2026-06-26T00:25:42Z,"neo-psychedelic","Universal-Island Records Ltd.",0.584,0.712,11,-4.311,0,0.0395,0.0112,0.00000105,0.114,0.286,126.043,4
spotify:track:4BRDoGoYyU6Dr49rbXnmKG,"Billie Jean","The Time Is Now!","Aloe Blacc",2016-10-07,240333,22,false,quirky613,2026-06-26T00:25:42Z,"pop punk,midwest emo,punk,emo","Decon/Republic",0.496,0.606,4,-5.321,0,0.0423,0.0148,0.47,0.132,0.357,162.324,3
spotify:track:1UkMAtLU8NxsddE7j4zXGO,"Flavor Of The Weak","American Hi-Fi","American Hi-Fi",2001-01-01,188840,4,true,quirky613,2026-06-26T00:25:42Z,"","Island Mercury",0.39,0.967,10,-1.946,1,0.0644,0.000758,0.0000174,0.302,0.488,151.944,4
spotify:track:5xEM5hIgJ1jjgcEBfpkt2F,"Complicated","Let Go","Avril Lavigne",2002-06-04,244506,88,false,quirky613,2026-06-26T00:25:42Z,"nu metal,metal,alternative metal,rap metal,heavy metal","Arista",0.585,0.776,5,-5.898,1,0.0459,0.0572,0.00000774,0.3,0.427,77.987,4
spotify:track:00Mb3DuaIH1kjrwOku9CGU,"Sk8er Boi","Let Go","Avril Lavigne",2002-06-04,204000,84,false,quirky613,2026-06-26T00:25:42Z,"nu metal,metal,alternative metal,rap metal,heavy metal","Arista",0.487,0.9,0,-4.417,1,0.0482,0.0000679,0,0.358,0.484,149.937,4
spotify:track:1jlG3KJ3gdYmhfuySFfpO1,"I'm with You","Let Go","Avril Lavigne",2002-06-04,223066,78,false,quirky613,2026-06-26T00:25:42Z,"nu metal,metal,alternative metal,rap metal,heavy metal","Arista",0.457,0.406,9,-7.462,1,0.0291,0.08,0,0.117,0.208,151.95,3
spotify:track:45hOioMDJktr86iKDHC8gr,"Girlfriend","The Best Damn Thing (Expanded Edition)","Avril Lavigne",2007-04-17,216600,82,true,quirky613,2026-06-26T00:25:42Z,"nu metal,metal,alternative metal,rap metal,heavy metal","RCA Records Label",0.56,0.959,7,-2.433,1,0.102,0.000722,0.000221,0.209,0.669,163.983,4
spotify:track:5fpizYGbi5IQoEraj6FP0R,"Intergalactic - Remastered 2009","Hello Nasty (Deluxe Edition/Remastered)","Beastie Boys",1998-07-14,231493,74,false,quirky613,2026-06-26T00:25:42Z,"","Capitol Records",0.734,0.864,2,-6.119,1,0.303,0.022,0.00000985,0.246,0.47,105.932,4
spotify:track:0Puj4YlTm6xNzDDADXHMI9,"Sabotage","Ill Communication","Beastie Boys",1994-05-23,178440,77,true,quirky613,2026-06-26T00:25:42Z,"","Capitol Records",0.324,0.938,6,-7.332,0,0.102,0.032,0.0321,0.0961,0.543,168.131,4
spotify:track:5NLuC70kZQv8q34QyQa1DP,"Fight For Your Right","Licensed To Ill","Beastie Boys",1986-11-15,208653,74,false,quirky613,2026-06-26T00:25:42Z,"","Def Jam Recordings",0.503,0.858,8,-6.296,1,0.0657,0.00757,0.00234,0.0803,0.419,133.615,5
spotify:track:5qxChyzKLEyoPJ5qGrdurN,"No Sleep Till Brooklyn","Licensed To Ill","Beastie Boys",1986-11-15,246933,74,true,quirky613,2026-06-26T00:25:42Z,"","Def Jam Recordings",0.712,0.691,8,-8.157,1,0.128,0.122,0,0.0538,0.742,97.022,4
spotify:track:2tY1gxCKslfXLFpFofYmJQ,"Brass Monkey","Licensed To Ill","Beastie Boys",1986-11-15,157440,68,false,quirky613,2026-06-26T00:25:42Z,"","Def Jam Recordings",0.914,0.586,6,-8.435,0,0.33,0.00203,0.00000158,0.0992,0.655,116.371,4
spotify:track:1k1Bqnv2R0uJXQN4u6LKYt,"Ain't No Sunshine","Just As I Am","Bill Withers",1971-05-01,126458,84,false,quirky613,2026-06-26T00:25:42Z,"","Columbia/Legacy",0.527,0.415,4,-11.451,0,0.122,0.457,0.0000172,0.117,0.515,78.169,4
spotify:track:6LxQrMd70EbFNn5zbPIeNG,"Extra Ordinary","Greatest Hits","Better Than Ezra",2005-03-15,218333,41,false,quirky613,2026-06-26T00:25:42Z,"","Rhino/Elektra",0.667,0.774,7,-4.884,1,0.0317,0.0216,0.00026,0.0622,0.531,92.939,4
spotify:track:1Y373MqadDRtclJNdnUXVc,"Paranoid - 2012 - Remaster","Paranoid (Remaster)","Black Sabbath",1970-09-18,168405,78,false,quirky613,2026-06-26T00:25:42Z,"","Rhino/Warner Records",0.412,0.658,4,-12.051,0,0.0708,0.0000452,0.000774,0.176,0.454,163.071,4
spotify:track:3IOQZRcEkplCXg6LofKqE9,"Iron Man - 2012 - Remaster","Paranoid (Remaster)","Black Sabbath",1970-09-18,355303,74,false,quirky613,2026-06-26T00:25:42Z,"","Rhino/Warner Records",0.336,0.792,9,-10.875,1,0.084,0.00351,0.00175,0.0437,0.427,155.587,4
spotify:track:26AYR77170U49cMcXB7aRV,"Feeling This","blink-182","blink-182",2003-11-01,172645,73,true,quirky613,2026-06-26T00:25:42Z,"indie,indie rock","Geffen",0.411,0.962,4,-5.952,1,0.0917,0.103,0,0.529,0.622,173.143,4
spotify:track:6xpDh0dXrkVp0Po1qrHUd8,"Adam's Song","Enema Of The State","blink-182",1999-06-01,249626,77,false,quirky613,2026-06-26T00:25:42Z,"indie,indie rock","Geffen",0.52,0.775,0,-5.803,1,0.0348,0.034,0,0.364,0.383,136.02,4
spotify:track:1oTo3ijRbaDAtrjJrGAPSw,"I Miss You","blink-182","blink-182",2003-01-01,227240,81,false,quirky613,2026-06-26T00:25:42Z,"indie,indie rock","Geffen*",0.655,0.781,11,-6.547,1,0.034,0.00103,0.00000533,0.0867,0.584,110.024,4
spotify:track:1fJFuvU2ldmeAm5nFIHcPP,"First Date","Take Off Your Pants And Jacket","blink-182",2001,171533,79,false,quirky613,2026-06-26T00:25:42Z,"indie,indie rock","Geffen*",0.579,0.928,0,-4.344,1,0.0411,0.000715,0,0.18,0.882,95.594,4
spotify:track:2ydUT1pFhuLDnouelIv4WH,"The Rock Show","Take Off Your Pants And Jacket","blink-182",2001,171600,74,true,quirky613,2026-06-26T00:25:42Z,"indie,indie rock","Geffen*",0.409,0.959,9,-4.563,1,0.0869,0.000324,0,0.0766,0.83,193.144,4
spotify:track:500Tkm3vJmVtdUwdCVxCTb,"Run-Around","Four","Blues Traveler",1994-01-01,279800,73,false,quirky613,2026-06-26T00:25:42Z,"post-grunge,nu metal,alternative metal","A&M",0.628,0.867,7,-7.307,1,0.0604,0.0865,0,0.126,0.877,151.695,4
spotify:track:6TclVCUxDQm9s3Bey6Ao8H,"Almost","A Hangover You Don't Deserve","Bowling For Soup",2004,206160,61,true,quirky613,2026-06-26T00:25:42Z,"pop punk,punk,emo","Jive",0.546,0.882,11,-4.019,1,0.0394,0.000784,0,0.186,0.64,139.966,4
spotify:track:5oQcOu1omDykbIPSdSQQNJ,"1985","A Hangover You Don't Deserve","Bowling For Soup",2004,193000,76,false,quirky613,2026-06-26T00:25:42Z,"pop punk,punk,emo","Jive",0.606,0.887,4,-4.404,1,0.0598,0.000242,0,0.337,0.903,119.974,4
spotify:track:0KqyBk4aVT88TEqBIC8mAP,"Girl All the Bad Guys Want","Drunk Enough To Dance","Bowling For Soup",2002,197800,67,false,quirky613,2026-06-26T00:25:42Z,"pop punk,punk,emo","Jive",0.582,0.829,2,-5.688,1,0.0465,0.000517,0,0.266,0.867,130.969,4
spotify:track:20X9OeC606XNwEtDBOym5u,"Love Drunk","Love Drunk","BOYS LIKE GIRLS",2009-09-07,226706,67,true,quirky613,2026-06-26T00:25:42Z,"pop punk,emo","Columbia",0.44,0.976,10,-3.17,1,0.141,0.00177,0.00000339,0.16,0.412,150.005,4
spotify:track:6GIrIt2M39wEGwjCQjGChX,"The Great Escape","Boys Like Girls","BOYS LIKE GIRLS",2007-08-31,206520,63,false,quirky613,2026-06-26T00:25:42Z,"pop punk,emo","Columbia",0.423,0.94,1,-4.012,0,0.0635,0.00166,0,0.178,0.505,149.934,4
spotify:track:1bhjMY5O0ZjB41OHcdRH0a,"High School Never Ends - Main Version - Explicit","The Great Burrito Extortion Case","Bowling For Soup",2006,209040,64,true,quirky613,2026-06-26T00:25:42Z,"pop punk,punk,emo","Jive",0.536,0.923,2,-3.494,1,0.125,0.0122,0,0.142,0.77,160.03,4
spotify:track:3cPLWRuXjNsqqNuZRosZaD,"Lotus","Cage The Elephant (Expanded Edition)","Cage The Elephant",2009-03-24,196560,44,false,quirky613,2026-06-26T00:25:42Z,"","Jive/Legacy",0.398,0.809,6,-6.163,0,0.0359,0.00183,0,0.334,0.492,128.483,4
spotify:track:0vz64VTiPPBpcmla0QvAI9,"Back Against the Wall","Cage The Elephant (Expanded Edition)","Cage The Elephant",2009-03-24,228320,61,false,quirky613,2026-06-26T00:25:42Z,"","Jive/Legacy",0.598,0.743,1,-6.163,1,0.0305,0.000643,0,0.112,0.534,110.334,4
spotify:track:2Tv7qvpjiI3xnHdvBtGLoZ,"Drones In The Valley","Cage The Elephant (Expanded Edition)","Cage The Elephant",2009-03-24,147853,45,false,quirky613,2026-06-26T00:25:42Z,"","Jive/Legacy",0.505,0.887,0,-4.658,1,0.0379,0.000299,0,0.532,0.85,133.97,4
spotify:track:1X1XDc35sbtcUeTzKatuYf,"Judas","Cage The Elephant (Expanded Edition)","Cage The Elephant",2009-03-24,206666,40,false,quirky613,2026-06-26T00:25:42Z,"","Jive/Legacy",0.322,0.971,5,-5.083,0,0.053,0.0000328,0,0.291,0.451,137.431,4
spotify:track:12d42Gsm7Ech6SfvDoe4Ea,"Soil To The Sun","Cage The Elephant (Expanded Edition)","Cage The Elephant",2009-03-24,197520,40,false,quirky613,2026-06-26T00:25:42Z,"","Jive/Legacy",0.527,0.935,7,-3.773,0,0.0368,0.00041,0.00000102,0.135,0.61,131.034,4
spotify:track:5r5Lj2MkgwQJz6TaBdL865,"Spiderhead","Melophobia","Cage The Elephant",2013-10-08,222813,59,false,quirky613,2026-06-26T00:25:42Z,"","RCA Records Label",0.543,0.946,2,-0.734,1,0.0454,0.00614,0.0000149,0.106,0.547,117.962,4
spotify:track:4sebUbjqbcgDSwG6PbSGI0,"Come a Little Closer","Melophobia","Cage The Elephant",2013-10-08,229346,78,false,quirky613,2026-06-26T00:25:42Z,"","RCA Records Label",0.44,0.778,1,-1.786,0,0.0327,0.0265,0.00000104,0.151,0.304,148.038,4
spotify:track:2tznHmp70DxMyr2XhWLOW0,"Cigarette Daydreams","Melophobia","Cage The Elephant",2013-10-08,208760,82,false,quirky613,2026-06-26T00:25:42Z,"","RCA Records Label",0.636,0.676,2,-3.442,1,0.0263,0.0807,0,0.0831,0.273,113.98,4
spotify:track:2sBNB7WX355TSxK6TXgXch,"Rubber Ball","Thank You Happy Birthday","Cage The Elephant",2011-01-10,227786,36,false,quirky613,2026-06-26T00:25:42Z,"","Jive",0.43,0.278,5,-15.634,1,0.0288,0.802,0.0000152,0.0752,0.0582,82,3
spotify:track:1Hb1IJ9bBCa6wo3fRtexnJ,"Shake Me Down","Thank You Happy Birthday","Cage The Elephant",2011-01-10,211373,61,false,quirky613,2026-06-26T00:25:42Z,"","Jive",0.457,0.613,9,-5.756,1,0.0295,0.00463,0.000406,0.0711,0.132,105.111,4
spotify:track:0CYB1XD1lfrrtXpYkr4RPl,"Indy Kidz","Thank You Happy Birthday","Cage The Elephant",2011-01-10,302813,31,false,quirky613,2026-06-26T00:25:42Z,"","Jive",0.191,0.948,2,-3.904,0,0.149,0.00000673,0.00265,0.0755,0.0391,170.17,4
spotify:track:3bpV86Ui1ND9aRU5uhQRRX,"Always Something","Thank You Happy Birthday","Cage The Elephant",2011-01-10,221946,43,false,quirky613,2026-06-26T00:25:42Z,"","Jive",0.692,0.947,5,-5.22,0,0.0437,0.000878,0.0000167,0.256,0.917,119.983,4
spotify:track:0X0Lz7LwpiIWcdGqVWaxXD,"Mess Around","Tell Me I'm Pretty","Cage The Elephant",2015-12-18,173175,58,false,quirky613,2026-06-26T00:25:42Z,"","RCA Records Label",0.423,0.931,11,-5.225,0,0.0539,0.0119,0.00104,0.629,0.61,150.385,4
spotify:track:60W7Co2AoP5VVG5Gwu6p5P,"Soundcheck","The Ride","Catfish and the Bottlemen",2016-05-27,261560,60,false,quirky613,2026-06-26T00:25:42Z,"post-grunge","Universal-Island Records Ltd.",0.602,0.755,2,-5.791,1,0.0397,0.000995,0.0799,0.412,0.646,135.042,4
spotify:track:1oTHteQbmJw15rPxPVXUTv,"Insane in the Brain","Black Sunday","Cypress Hill",1993-07-20,208266,76,true,quirky613,2026-06-26T00:25:42Z,"jam band","Columbia",0.897,0.611,11,-10.489,1,0.211,0.0291,0.186,0.0894,0.769,102.304,4
spotify:track:5hYr8yRbQLFE20oS7Mi3T2,"(Rock) Superstar (feat. Chino Moreno & Everlast)","Skull & Bones","Cypress Hill;Chino Moreno;Everlast",2000-04-25,276866,65,true,quirky613,2026-06-26T00:25:42Z,"jam band,pop punk,emo","Columbia",0.795,0.762,2,-6.972,1,0.261,0.0142,0.00000975,0.064,0.722,94.223,4
spotify:track:7txxAtOMwLLnQTpKeBL6bp,"Mother","Danzig","Danzig",1988-01-01,204866,77,true,quirky613,2026-06-26T00:25:42Z,"pop punk","American Recordings Catalog P&D",0.365,0.763,11,-9.45,0,0.0591,0.00726,0.000457,0.0865,0.342,148.366,4
spotify:track:3kZC0ZmFWrEHdUCmUqlvgZ,"I Will Follow You into the Dark","Plans","Death Cab for Cutie",2005-08-29,189186,66,false,quirky613,2026-06-26T00:25:42Z,"","Atlantic Records",0.517,0.206,5,-12.233,1,0.0421,0.924,0,0.118,0.489,80.401,4
spotify:track:4ImIJRZNJhNQLLdUFSYJoS,"Down with the Sickness","The Sickness (10th Anniversary Edition)","Disturbed",2010-03-22,278706,66,true,quirky613,2026-06-26T00:25:42Z,"","Reprise",0.649,0.896,10,-2.704,0,0.056,0.000319,0.0000119,0.102,0.924,90.009,4
spotify:track:7CpbhqKUedOIrcvc94p60Y,"Bodies","Sinner","Drowning Pool",2001-01-01,201960,83,false,quirky613,2026-06-26T00:25:42Z,"","The Bicycle Music Company",0.656,0.932,4,-3.405,0,0.0708,0.00347,0.00147,0.144,0.544,130.936,4
spotify:track:1yqrRceF7VaEM3N1Qwc9nJ,"Boyz In The Hood","Superfast","Dynamite Hack",2000-05-23,184533,0,true,quirky613,2026-06-26T00:25:42Z,"post-hardcore,punk,noise rock,hardcore punk","Woppitzer Records",0.684,0.419,9,-7.009,1,0.0577,0.484,0.000264,0.307,0.435,81.424,4
spotify:track:0GXPDJCtVhrgZFuVlepFLp,"My Beloved Monster","Beautiful Freak","Eels",1996-08-13,132173,0,false,quirky613,2026-06-26T00:25:42Z,"","Universal Music Mexico",0.478,0.284,9,-12.803,1,0.0312,0.256,0.443,0.651,0.458,97.663,4
spotify:track:5zjD95M2XMZ5LJCDsJekkT,"I Need Some Sleep","Shrek 2 (Original Motion Picture Soundtrack)","Eels",2004-05-19,148000,51,false,quirky613,2026-06-26T00:25:42Z,"","Dreamworks - Shrek II",0.663,0.34,0,-8.82,1,0.0326,0.896,0.501,0.118,0.192,127.974,4
spotify:track:5RBx3tM9hmVJAOnSUHIWkn,"Rock & Roll","Sounds Like This","Eric Hutchinson",2008,240320,59,false,quirky613,2026-06-26T00:25:42Z,"","Warner Records",0.462,0.767,10,-5.038,1,0.0686,0.0395,0,0.728,0.901,201.064,4
spotify:track:0COqiPhxzoWICwFCS4eZcp,"Bring Me To Life","Fallen","Evanescence",2003-03-04,235893,92,false,quirky613,2026-06-26T00:25:42Z,"southern gothic","The Bicycle Music Company",0.331,0.943,4,-3.188,0,0.0698,0.00721,0.00000206,0.242,0.296,94.612,4
spotify:track:5MsZIaCYY6Tsdph0LiB0hE,"Alone Together","Save Rock And Roll","Fall Out Boy",2013-04-12,203413,64,false,quirky613,2026-06-26T00:25:42Z,"punk,skate punk,hardcore punk,melodic hardcore,ska punk","Island Records",0.552,0.915,4,-3.713,1,0.056,0.00132,0.0000358,0.206,0.602,90.013,4
spotify:track:4qRaZYiaOsSvWC7VgcxrI0,"HandClap","Fitz and The Tantrums (Deluxe Edition)","Fitz and The Tantrums",2017-07-24,193253,72,false,quirky613,2026-06-26T00:26:09Z,"","Elektra (NEK)",0.636,0.836,8,-3.004,1,0.0427,0.00609,0.000157,0.0828,0.715,139.956,4
spotify:track:2AYEOC02WLhUiOoaig2SEH,"Out of My League","More Than Just a Dream (Deluxe Edition)","Fitz and The Tantrums",2013-05-07,209386,84,false,quirky613,2026-06-26T00:26:09Z,"","Elektra (NEK)",0.545,0.968,9,-3.553,0,0.0853,0.0387,0.00325,0.331,0.527,169.965,4
spotify:track:0Nk7bSn0MItonkR0GNs3mj,"The Walker","More Than Just a Dream (Deluxe Edition)","Fitz and The Tantrums",2013-05-07,233133,67,false,quirky613,2026-06-26T00:26:09Z,"","Elektra (NEK)",0.77,0.801,9,-4.182,0,0.0336,0.00375,0.00281,0.0515,0.725,130.76,4
spotify:track:3goyor536uLlIuv0zHgq0B,"Fools Gold","More Than Just a Dream (Deluxe Edition)","Fitz and The Tantrums",2013-05-07,214573,45,false,quirky613,2026-06-26T00:26:09Z,"","Elektra (NEK)",0.708,0.905,1,-4.955,1,0.0341,0.0269,0,0.144,0.713,113.679,4
spotify:track:4PwwyZBEkHcm4OTJThCzXi,"Moneygrabber","Pickin' up the Pieces","Fitz and The Tantrums",2010-08-24,189893,5,false,quirky613,2026-06-26T00:26:09Z,"","Dangerbird Records",0.696,0.886,9,-3.713,0,0.0291,0.0608,0.00000101,0.585,0.801,112.52,4
spotify:track:7w87IxuO7BDcJ3YUqCyMTT,"Pumped Up Kicks","Torches","Foster The People",2011-05-23,239600,89,false,quirky613,2026-06-26T00:26:09Z,"","Columbia",0.733,0.71,5,-5.849,0,0.0292,0.145,0.115,0.0956,0.965,127.975,4
spotify:track:4HRa9ZWcmZ8JD7UySPu0wT,"Don't Stop (Color on the Walls)","Torches","Foster The People",2011-05-23,174920,63,false,quirky613,2026-06-26T00:26:09Z,"","Columbia",0.611,0.948,1,-3.751,0,0.0753,0.00183,0.0995,0.0969,0.79,133.004,4
spotify:track:4o4opSOwZZHw4IkTEp4Rxn,"Angels and Demons","Aware","Front Porch Step",2013-11-12,196441,0,false,quirky613,2026-06-26T00:26:38Z,"jam band","Pure Noise Records",0.609,0.598,7,-4.029,0,0.0318,0.186,0,0.226,0.535,96.245,4
spotify:track:3E8eSqBoqLs8ELbrK3NJHs,"Hemorrhage (In My Hands)","The Best of Fuel","Fuel",2005,237346,51,false,quirky613,2026-06-26T00:26:38Z,"","Epic",0.315,0.829,1,-4.117,1,0.0422,0.000142,0.00077,0.217,0.34,152.135,4
spotify:track:6DzbmjkVZpz1mrDobAoJI8,"Shimmer","The Best of Fuel","Fuel",2005,214040,56,false,quirky613,2026-06-26T00:26:38Z,"","Epic",0.263,0.784,7,-6.514,1,0.054,0.00192,0,0.15,0.385,114.671,4
spotify:track:44qEQsgGIiKEE6oYwOGo2s,"Bad Mouth","13 Songs","Fugazi",1989,155626,0,false,quirky613,2026-06-26T00:26:38Z,"","Dischord Records",0.452,0.652,9,-8.301,1,0.0368,0.000697,0.564,0.321,0.529,91.259,4
spotify:track:14XdJB1WfIFbH1Yh4mcxYu,"Whoever You Are","Sacred Cow","Geggy Tah",1996,274000,40,false,quirky613,2026-06-26T00:26:38Z,"metal,nu metal,alternative metal,rap metal,hard rock","Luaka Bop",0.811,0.721,0,-8.952,1,0.0437,0.0272,0.00258,0.122,0.514,110.433,4
spotify:track:428Dl0NOBojmUS98R2pDHr,"Heavy Cross","Music For Men","Gossip",2009-06-22,242773,57,false,quirky613,2026-06-26T00:26:38Z,"alternative metal","Columbia",0.793,0.688,2,-4.216,1,0.0328,0.079,0.0604,0.145,0.221,120.058,4
spotify:track:5qtwzv99vOr5UTwnTixn7j,"Know Your Enemy","21st Century Breakdown","Green Day",2009-05-15,190986,68,false,quirky613,2026-06-26T00:26:38Z,"","Reprise",0.56,0.958,11,-3.245,1,0.0412,0.0016,0.0000496,0.0643,0.961,129.984,4
spotify:track:5Rjm3VIMlxAEIEy5gU2bF7,"Last of the American Girls","21st Century Breakdown","Green Day",2009-05-15,231026,53,false,quirky613,2026-06-26T00:26:38Z,"","Reprise",0.526,0.923,11,-4.089,1,0.0282,0.00247,0.000164,0.0866,0.775,121.597,4
spotify:track:64yrDBpcdwEdNY9loyEGbX,"21 Guns","21st Century Breakdown","Green Day",2009-05-15,321093,80,false,quirky613,2026-06-26T00:26:38Z,"","Reprise",0.268,0.742,5,-4.939,1,0.0355,0.0518,0,0.626,0.416,159.779,4
spotify:track:45zvStEMsXp8z45OQRhWFJ,"American Idiot","American Idiot (Deluxe)","Green Day",2004-09-21,174320,64,true,quirky613,2026-06-26T00:26:38Z,"","Reprise",0.381,0.984,1,-2.42,1,0.0638,0.0000253,0.0000691,0.27,0.81,186.081,4
spotify:track:0HJRAM7Gt9jXskuXjZeFX3,"Holiday / Boulevard of Broken Dreams","American Idiot (Deluxe)","Green Day",2004-09-21,493400,61,true,quirky613,2026-06-26T00:26:38Z,"","Reprise",0.29,0.827,8,-3.451,1,0.0362,0.000659,0.00000255,0.301,0.45,167.086,4
spotify:track:42d6bxB7OQ6f8ct2ihYNBw,"Are We the Waiting / St. Jimmy","American Idiot (Deluxe)","Green Day",2004-09-21,338146,49,true,quirky613,2026-06-26T00:26:38Z,"","Reprise",0.276,0.909,9,-3.664,1,0.0618,0.00016,0.00000476,0.0933,0.344,138.497,4
spotify:track:3479kk78dx3GFt048Udq54,"Wake Me up When September Ends","American Idiot (Deluxe)","Green Day",2004-09-21,285653,55,false,quirky613,2026-06-26T00:26:38Z,"","Reprise",0.546,0.814,7,-5.146,1,0.0314,0.023,0,0.0972,0.146,104.98,4
spotify:track:7IcXkPWjwqUCCkI2mUf02h,"2024","Thank You Happy Birthday","Cage The Elephant",2011,190333,0,false,quirky613,2026-06-26T00:26:38Z,"","Jive",0.243,0.984,10,-3.384,0,0.323,0.0000232,0.00938,0.131,0.239,180.979,4
spotify:track:7C794YeXiiSdlvGLxgabkd,"21st Century (Digital Boy)","Against The Grain","Bad Religion",1990,169013,59,false,quirky613,2026-06-26T00:26:38Z,"post-hardcore,screamo,metalcore,emo","Epitaph",0.447,0.979,5,-3.742,1,0.0565,0.0000671,0,0.316,0.633,133.685,4
spotify:track:513FTiWuKZF2DGYT00xYPH,"43210-1","Internet Dating Super Studs","The Vandals",2002-09-17,161293,0,false,quirky613,2026-06-26T00:26:38Z,"pop punk,punk,skate punk","Cleopatra Records, Inc.",0.262,0.96,2,-4.373,1,0.252,0.00191,0.00563,0.325,0.533,171.79,4
spotify:track:1rHNJyVwH9w42IRMUntREK,"500 Years Of Winter - Pizza Song","She Looks So Perfect (B-Sides)","5 Seconds of Summer",2014,40672,42,false,quirky613,2026-06-26T00:26:38Z,"pop punk,emo","Capitol",0.46,0.946,1,-5.795,0,0.383,0.000563,0.0000962,0.311,0.125,151.228,4
spotify:track:0rOTMSSa6yscfOrGnzfheM,"99 Red Balloons","Stomping Ground","Goldfinger",2000-03-28,229173,64,false,quirky613,2026-06-26T00:26:38Z,"","Jive",0.285,0.843,4,-7.318,1,0.129,0.00103,0.00037,0.327,0.282,97.051,4
spotify:track:6GWS0Nb3ybf3tQXZ0FlfZf,"Aberdeen","Thank You Happy Birthday","Cage The Elephant",2011,192920,0,false,quirky613,2026-06-26T00:26:38Z,"","Jive",0.154,0.972,7,-3.626,1,0.111,0.000913,0.247,0.368,0.213,205.467,4
spotify:track:3mNecsYFb6LQg7822DPXCP,"Absolutely (Story of a Girl) - Radio Mix","The Madding Crowd","Nine Days",2000-05-16,189333,70,false,quirky613,2026-06-26T00:26:38Z,"","Epic/550 Music",0.481,0.94,7,-5.204,1,0.066,0.000891,0,0.0939,0.66,96.493,4
spotify:track:47FyQCd3TYLrZ9TU6MPaWK,"Ace Of Spades","Ace Of Spades (Reissue - Expanded Bonus Track Edition)","Motörhead",1980-11-08,166706,1,false,quirky613,2026-06-26T00:26:38Z,"indie,garage rock","Sanctuary Records Group Ltd.",0.324,0.991,6,-4.465,1,0.197,0.00247,0.00895,0.104,0.195,140.245,4
spotify:track:1B8MHa0NveCF1ViBEOZWO5,"Addicted","No Pads, No Helmets...Just Balls (15th Anniversary Tour Edition)","Simple Plan",2002-03-19,232066,67,false,quirky613,2026-06-26T00:26:38Z,"pop punk","Rhino Atlantic",0.522,0.751,1,-5.46,1,0.0435,0.000491,0.00000222,0.158,0.605,139.51,3
spotify:track:1oRXq9KvTvZQ0yXvO6OBXE,"After Midnight","Neighborhoods (Deluxe Explicit Version)","blink-182",2011-01-01,206133,0,false,quirky613,2026-06-26T00:26:38Z,"indie,indie rock","Interscope",0.539,0.871,9,-5.068,1,0.0466,0.00758,0.00000697,0.0188,0.894,167.992,4
spotify:track:1e5HZmpttPyXSqaNQiJU2j,"Agora","Distraction","Bear Hands",2014-02-18,160013,0,false,quirky613,2026-06-26T00:26:38Z,"pop punk,emo,punk","Cantora Records",0.733,0.606,1,-5.169,1,0.0274,0.201,0.00833,0.388,0.75,97.534,4
spotify:track:1dTschRbSqaIDXBQDfVQS2,"Ain't Got Nobody","Everything Will Be Alright In The End","Weezer",2014-10-01,201146,51,false,quirky613,2026-06-26T00:26:38Z,"pop punk","Universal Records",0.501,0.876,1,-4.436,1,0.115,0.0107,0.000833,0.0378,0.431,116.058,4
spotify:track:1j8z4TTjJ1YOdoFEDwJTQa,"Ain't It Fun","Paramore","Paramore",2013-04-05,296520,82,false,quirky613,2026-06-26T00:26:38Z,"","Fueled By Ramen",0.61,0.893,9,-3.681,1,0.0921,0.154,0.0000441,0.021,0.673,104.031,4
spotify:track:3kb72STxc2959ZqsTwu52i,"Ain't No Rest for the Wicked","Cage The Elephant","Cage The Elephant",2009-03-27,175493,5,false,quirky613,2026-06-26T00:26:38Z,"","Jive",0.634,0.849,0,-7.075,1,0.105,0.0438,0,0.363,0.919,156.004,4
spotify:track:3okPiJwW5nCLpug12sCL4p,"All Day and All of the Night","Kinks (Deluxe Edition)","The Kinks",1964-10-02,142226,0,false,quirky613,2026-06-26T00:26:38Z,"pop punk,emo,punk","Sanctuary",0.563,0.915,7,-5.062,1,0.08,0.247,0.0000846,0.0613,0.71,136.345,4
spotify:track:1xQE0QHrmJUQweLoMB0ZWC,"Amoeba","Adolescents","Adolescents",1981,186626,56,false,quirky613,2026-06-26T00:26:38Z,"pop punk,acoustic pop","Frontier",0.231,0.962,4,-7.341,1,0.0753,0.0000797,0.00175,0.803,0.534,189.29,4
spotify:track:225xvV8r1yKMHErSWivnow,"I Don't Want to Miss a Thing - From ""Armageddon"" Soundtrack","Armageddon - The Album","Aerosmith",1998-06-23,298760,77,false,quirky613,2026-06-26T00:26:38Z,"emo","Columbia/Sony Music Soundtrax",0.383,0.662,2,-5.162,1,0.0333,0.165,0,0.248,0.138,121.154,4
spotify:track:10A07uxFCtZAu5An5RBiXB,"Everything Turns Grey","Living In Darkness (30th Anniversary Edition)","Agent Orange",1981,120200,51,false,quirky613,2026-06-26T00:26:38Z,"pop punk,punk,emo","Posh Boy Music",0.239,0.955,9,-7.829,1,0.0897,0.221,0,0.249,0.508,178.007,4
spotify:track:6M23RkYPbVR91c4iWVNkcl,"Changing","All At Once","The Airborne Toxic Event",2011-01-01,200053,52,false,quirky613,2026-06-26T00:26:38Z,"indie,indie rock","Island Records",0.613,0.913,8,-4.26,1,0.0545,0.0186,0,0.084,0.641,102.524,4
spotify:track:3Y8Ff1nH44jFywAtpgmleZ,"1979 - Remastered 2012","Mellon Collie And The Infinite Sadness (Remastered)","The Smashing Pumpkins",1995-12-12,266200,63,false,quirky613,2026-06-26T00:26:38Z,"","Virgin Records",0.767,0.787,3,-9.897,1,0.0331,0.0163,0.583,0.0513,0.964,126.879,4
spotify:track:0kYUrLVQOfx21xuXu7OGrT,"All These Things That I've Done","Hot Fuss","The Killers",2004-06-15,301573,4,false,quirky613,2026-06-26T00:30:14Z,"nu metal,metal,alternative metal,rap metal,rock","Island Records",0.557,0.728,6,-6.181,1,0.0405,0.00156,0.00000513,0.118,0.216,118.241,4
spotify:track:6ZrlXT6mUMEgomN128iekU,"Lisztomania","Wolfgang Amadeus Phoenix","Phoenix",2009-01-01,241640,0,false,quirky613,2026-06-26T00:30:14Z,"punk,hardcore punk,skate punk","Glassnote",0.642,0.808,0,-6.406,1,0.0463,0.0383,0.00829,0.547,0.273,97.565,4
spotify:track:7e8utCy2JlSB8dRHKi49xM,"Fluorescent Adolescent","Favourite Worst Nightmare (Standard Version)","Arctic Monkeys",2007-04-24,173493,76,false,quirky613,2026-06-26T00:31:02Z,"pop punk","Domino/Warner Records",0.646,0.813,6,-5.29,0,0.0288,0.00178,0.0000226,0.144,0.821,112.115,4
spotify:track:51LcPhaclbiR8EAyC76M2L,"Don't Wanna Fight","Sound & Color","Alabama Shakes",2015-04-20,232530,0,false,quirky613,2026-06-26T00:31:02Z,"","Rough Trade",0.597,0.915,10,-3.298,0,0.152,0.235,0.0865,0.106,0.555,100.444,4
spotify:track:3xgK660fsZH7ZDcOMfIdfB,"Jungle","VHS","X Ambassadors;Jamie N Commons",2015-06-30,189706,60,false,quirky613,2026-06-26T00:31:02Z,"pop punk,punk","Kid Ina Korner / Interscope",0.389,0.748,2,-4.461,1,0.0805,0.000821,0.00058,0.358,0.216,78.056,4
spotify:track:0fYVliAYKHuPmECRs1pbRf,"Renegades","VHS","X Ambassadors",2015-06-30,195200,78,false,quirky613,2026-06-26T00:31:02Z,"pop punk,punk","Kid Ina Korner / Interscope",0.526,0.862,2,-6.003,1,0.0905,0.0144,0.0597,0.229,0.528,90.052,4
spotify:track:0WF700uCpY2mQM5CUKuZ6H,"Arabella","AM","Arctic Monkeys",2013-09-10,207360,0,false,quirky613,2026-06-26T00:31:02Z,"pop punk","Sony Music Latin",0.707,0.566,2,-6.993,1,0.0501,0.0236,0,0.183,0.489,90.03,4
spotify:track:3jfr0TF6DQcOLat8gGn7E2,"Do I Wanna Know?","AM","Arctic Monkeys",2013-09-09,272394,4,false,quirky613,2026-06-26T00:31:02Z,"pop punk","Domino Recording Co",0.548,0.532,5,-7.596,1,0.0323,0.186,0.000263,0.217,0.405,85.03,4
spotify:track:2LGdO5MtFdyphi2EihANZG,"Knee Socks","AM","Arctic Monkeys",2013-09-09,257563,79,false,quirky613,2026-06-26T00:31:02Z,"pop punk","Domino Recording Co",0.665,0.542,11,-8.323,0,0.033,0.123,0.00291,0.342,0.587,97.975,4
spotify:track:2LlvrdnLa3XbB1b4jYuCnl,"R U Mine?","AM","Arctic Monkeys",2013-09-09,201726,1,false,quirky613,2026-06-26T00:31:02Z,"pop punk","Domino Recording Co",0.288,0.758,6,-5.692,0,0.0371,0.00616,0,0.303,0.619,97.094,4
spotify:track:2QUlMbvD9bL8wHqfsoqoet,"Stop The World I Wanna Get Off With You","Why'd You Only Call Me When You're High?","Arctic Monkeys",2013-09-02,191040,73,false,quirky613,2026-06-26T00:31:02Z,"pop punk","Domino Recording Co",0.661,0.73,6,-6.779,0,0.0574,0.0537,0.0000344,0.14,0.53,95.027,4
spotify:track:0SvNqkF6EX3dePmcd4i3j7,"Dignity","New Politics","New Politics",2010-07-12,194600,36,false,quirky613,2026-06-26T00:31:02Z,"southern rock","RCA Records Label",0.387,0.975,4,-2.219,1,0.0984,0.061,0,0.133,0.294,181.843,4
spotify:track:23oxJmDc1V9uLUSmN2LIvx,"Ocean Avenue","Ocean Avenue","Yellowcard",2003-01-01,198266,77,false,quirky613,2026-06-26T00:31:02Z,"","Capitol Records",0.486,0.904,6,-3.751,0,0.0638,0.0000343,0.0000283,0.0947,0.786,173.734,4
spotify:track:63IIUzd6eJBfCGIcF8MFnJ,"Way Away","Ocean Avenue","Yellowcard",2003-01-01,202093,64,false,quirky613,2026-06-26T00:31:02Z,"","Capitol Records",0.357,0.959,2,-4.081,0,0.113,0.00000693,0.0000391,0.0825,0.364,179.644,4
spotify:track:3aF2TiQRip2lJ4ICh1Okbh,"Life Of A Salesman","Ocean Avenue","Yellowcard",2003-01-01,198600,47,false,quirky613,2026-06-26T00:31:02Z,"","Capitol Records",0.358,0.985,4,-4.067,1,0.198,0.0000228,0,0.411,0.524,184.814,4
spotify:track:18eq41lcx45De3EvIl4t7J,"Miles Apart","Ocean Avenue","Yellowcard",2003-01-01,212333,48,false,quirky613,2026-06-26T00:31:02Z,"","Capitol Records",0.357,0.968,2,-3.425,1,0.0601,0.00000609,0,0.0549,0.763,181.676,4
spotify:track:7GU02aRkx97N5xtes203Xq,"Twentythree","Ocean Avenue","Yellowcard",2003-01-01,207840,43,false,quirky613,2026-06-26T00:31:02Z,"","Capitol Records",0.448,0.955,4,-5.306,1,0.0742,0.00000351,0.00091,0.0953,0.741,94.888,4
spotify:track:4oL4ShpnvaF8dJrYgcsbPM,"Fighting","Paper Walls","Yellowcard",2007-01-01,180826,52,false,quirky613,2026-06-26T00:31:02Z,"","Capitol Records",0.415,0.964,7,-4.689,1,0.109,0.000568,0,0.0525,0.355,179.977,4
spotify:track:0yu3p5uMgtZxOazf18TGTB,"Light Up The Sky","Paper Walls","Yellowcard",2007-01-01,217213,57,false,quirky613,2026-06-26T00:31:02Z,"","Capitol Records",0.437,0.965,0,-3.728,1,0.0616,0.000087,0,0.368,0.484,142.029,4
spotify:track:0DxN6Ywom8nnndyQXdSBPy,"Breathing","Ocean Avenue","Yellowcard",2003-01-01,218706,65,false,quirky613,2026-06-26T00:31:02Z,"","Capitol Records",0.382,0.932,4,-3.726,0,0.0716,0.000035,0,0.243,0.57,179.581,4
spotify:track:6SpLc7EXZIPpy0sVko0aoU,"Misery Business","Riot!","Paramore",2007-06-12,211520,80,false,quirky613,2026-06-26T00:31:02Z,"","Fueled By Ramen",0.517,0.906,1,-3.677,1,0.0735,0.00272,0.00000926,0.113,0.731,172.977,4
spotify:track:2edkYZydCoED2UGhQIFFG9,"Give Me What I Want","Alternative 2K Essentials","Kids In Glass Houses",2019-09-06,199226,4,false,quirky613,2026-06-26T00:31:02Z,"riot grrrl,queercore","Warner Music Group - X5 Music Group",0.563,0.822,1,-3.653,0,0.0425,0.00145,0.00000469,0.0978,0.694,152.03,4
spotify:track:0a7BloCiNzLDD9qSQHh5m7,"Dance, Dance","From Under The Cork Tree","Fall Out Boy",2005-05-03,180266,81,false,quirky613,2026-06-26T00:31:02Z,"punk,skate punk,hardcore punk,melodic hardcore,ska punk","Island Records",0.621,0.961,11,-3.198,0,0.154,0.00523,0,0.0854,0.449,114.451,4
spotify:track:3JOdLCIBzQYwHIvpN3isVf,"Grand Theft Autumn / Where Is Your Boy","Take This to Your Grave","Fall Out Boy",2003-05-06,191373,69,false,quirky613,2026-06-26T00:31:02Z,"punk,skate punk,hardcore punk,melodic hardcore,ska punk","Fueled By Ramen/ADA/ATL",0.628,0.886,2,-3.805,1,0.0608,0.000706,0,0.275,0.72,135.45,4
spotify:track:3c1ItvzDDDpmDgLH9SIUp4,"Immortals","Big Hero 6 (Original Motion Picture Soundtrack)","Fall Out Boy",2014-10-31,195026,68,false,quirky613,2026-06-26T00:31:02Z,"punk,skate punk,hardcore punk,melodic hardcore,ska punk","Walt Disney Records",0.703,0.856,11,-6.336,0,0.0461,0.00064,0.00126,0.38,0.722,108.025,4
spotify:track:4pmU8AtVu9qU40Xd9zjEfA,"A Little Less Sixteen Candles, A Little More ""Touch Me""","From Under The Cork Tree","Fall Out Boy",2005-05-03,169026,68,false,quirky613,2026-06-26T00:31:02Z,"punk,skate punk,hardcore punk,melodic hardcore,ska punk","Island Records",0.538,0.889,7,-3.586,1,0.0596,0.00704,0,0.312,0.696,133.044,4
spotify:track:5PUawWFG1oIS2NwEcyHaCr,"Uma Thurman","American Beauty/American Psycho","Fall Out Boy",2015-01-16,211573,72,false,quirky613,2026-06-26T00:31:02Z,"punk,skate punk,hardcore punk,melodic hardcore,ska punk","Island Records",0.623,0.961,4,-2.616,0,0.0869,0.102,0.000171,0.264,0.668,149.963,4
spotify:track:3sX3uH9jRyEaJOI6wYG3wO,"Count 'Em One, Two, Three","Can't Stop Won't Stop","The Maine",2008-07-08,173640,0,false,quirky613,2026-06-26T00:31:02Z,"","Fearless Records",0.501,0.767,6,-3.521,0,0.0363,0.000762,0,0.286,0.617,139.856,4
spotify:track:47ojH5LeQhl1ZltSAHBEFF,"Don't Come Down","Lovely Little Lonely","The Maine",2017-04-07,192825,52,false,quirky613,2026-06-26T00:31:02Z,"","8123",0.606,0.907,9,-4.067,1,0.0675,0.0367,0.00000183,0.364,0.69,115.048,4
spotify:track:1CJWqvuoxon9DCPfdKyazq,"English Girls","American Candy","The Maine",2015-03-31,192562,0,false,quirky613,2026-06-26T00:31:02Z,"","Big Picnic Records",0.624,0.952,0,-5.301,1,0.0709,0.00423,0.000345,0.147,0.628,102.038,4
spotify:track:7oO2hXd8ancgNouU8w3b1N,"Everything I Ask For","Can't Stop Won't Stop","The Maine",2008-01-01,157453,48,true,quirky613,2026-06-26T00:31:02Z,"","Fearless Records",0.565,0.931,9,-4.007,1,0.041,0.0303,0,0.191,0.592,105.006,4
spotify:track:0eYvO3cGXBW0xAjBzdcDVD,"Girls Do What They Want","Can't Stop Won't Stop","The Maine",2008-07-08,192626,0,false,quirky613,2026-06-26T00:31:02Z,"","Fearless Records",0.578,0.941,4,-3.605,1,0.0611,0.0625,0,0.331,0.629,130.967,4
spotify:track:6AH3IbS61PiabZYKVBqKAk,"How Do You Feel?","Lovely Little Lonely","The Maine",2017-04-07,262314,43,false,quirky613,2026-06-26T00:31:02Z,"","8123",0.632,0.966,2,-3.603,1,0.049,0.0592,0.0000271,0.0884,0.753,125.009,4
spotify:track:3cu9ZL0W1KEmz5J3GD2jiR,"I Must Be Dreaming","Can't Stop Won't Stop","The Maine",2008-01-01,166253,42,false,quirky613,2026-06-26T00:31:02Z,"","Fearless Records",0.489,0.934,6,-4.308,1,0.08,0.0311,0,0.433,0.473,125.989,4
spotify:track:6YLav1oo4AmAA76fyi4bvF,"Into Your Arms","Can't Stop Won't Stop","The Maine",2008-07-08,239226,0,false,quirky613,2026-06-26T00:31:02Z,"","Fearless Records",0.353,0.727,7,-3.476,1,0.0343,0.124,0,0.101,0.478,179.637,4
spotify:track:4LgbKICpk9lrbtwRuDxf56,"Kiss And Sell","Can't Stop Won't Stop","The Maine",2008-07-08,187333,0,false,quirky613,2026-06-26T00:31:02Z,"","Fearless Records",0.441,0.748,2,-4.958,1,0.0389,0.00297,0,0.0953,0.739,157.976,3
spotify:track:6tQofm7cDQwiG32FVF1HAx,"Right Girl","Black & White (Deluxe)","The Maine",2010-07-12,216986,50,false,quirky613,2026-06-26T00:31:02Z,"","Sire/Warner Records",0.524,0.921,2,-2.417,1,0.0377,0.0282,0,0.132,0.703,88.979,4
spotify:track:4UjZ7146nWTQFMl7SEs4Ve,"(Un)Lost","American Candy","The Maine",2015-03-31,224937,0,false,quirky613,2026-06-26T00:31:02Z,"","Big Picnic Records",0.557,0.772,11,-6.712,1,0.0401,0.0421,0.000047,0.215,0.45,91.994,4
spotify:track:3z6BNA93BYkEOnTjISR0Rr,"We All Roll Along","Can't Stop Won't Stop","The Maine",2008-07-08,228746,0,false,quirky613,2026-06-26T00:31:02Z,"","Fearless Records",0.476,0.962,4,-3.552,1,0.078,0.00191,0,0.148,0.423,150.016,4
spotify:track:4AhWZRLaKMK6gdXyXSUagh,"We'll All Be...","Can't Stop Won't Stop","The Maine",2008-07-08,330626,0,false,quirky613,2026-06-26T00:31:02Z,"","Fearless Records",0.506,0.678,7,-4.422,1,0.0353,0.00277,0.0000031,0.396,0.331,125.025,4
spotify:track:0hTvcpHookkdoIlpgAmJ8y,"Whoever She Is","Can't Stop Won't Stop","The Maine",2008-07-08,221120,0,false,quirky613,2026-06-26T00:31:02Z,"","Fearless Records",0.54,0.435,7,-7.748,1,0.0248,0.495,0,0.0818,0.511,99.951,4
spotify:track:22aRgzwro3KIz9QWAdY2E1,"Dead and Gone","Dead and Gone","State Champs",2018-04-19,191756,0,true,quirky613,2026-06-26T00:31:02Z,"power pop","Pure Noise Records",0.368,0.968,2,-2.709,1,0.0737,0.00151,0,0.419,0.52,168.025,4
spotify:track:1US5HsLPV7riBx9RSCf4yO,"Figuring It Out","Drive North","SWMRS",2016-10-14,237453,37,false,quirky613,2026-06-26T00:31:02Z,"pop punk","uncool records/Fueled By Ramen",0.524,0.92,9,-5.203,1,0.128,0.00131,0,0.127,0.598,157.948,4
spotify:track:5AD2njpbNgwMC2BJLJYYZO,"Dance Inside","Move Along","The All-American Rejects",2005-07-12,240253,7,false,quirky613,2026-06-26T00:31:02Z,"post-grunge","Interscope",0.549,0.86,4,-4.868,1,0.0332,0.000496,0,0.278,0.403,121.796,4
spotify:track:3ktWkdvtG0CF0T2dEpek0H,"Drown","Aware","Front Porch Step",2013-11-12,218368,0,false,quirky613,2026-06-26T00:31:02Z,"jam band","Pure Noise Records",0.57,0.662,8,-3.872,1,0.0363,0.0966,0,0.161,0.856,94.948,4
spotify:track:1TvWynhpfL81aLBd84OSBF,"Give Me Novacaine / She's a Rebel","American Idiot (Deluxe)","Green Day",2004-09-21,326200,54,false,quirky613,2026-06-26T00:31:02Z,"","Reprise",0.312,0.949,9,-3.533,1,0.0784,0.00185,0.0000178,0.0569,0.65,154.795,4
spotify:track:5e94RfeRXPGq4S5J1Dgrsw,"All His Suits Are Torn","So Long & Thanks For All The Shoes","NOFX",1997-10-21,138533,39,false,quirky613,2026-06-26T00:31:02Z,"punk,hardcore punk,skate punk,hardcore,proto-punk","Epitaph",0.539,0.862,5,-5.944,1,0.0491,0.00127,0.0013,0.0844,0.63,94.869,4
spotify:track:0yDDdizXdRx2qVceUPHYNF,"Monosyllabic Girl","So Long & Thanks For All The Shoes","NOFX",1997-10-21,54600,48,false,quirky613,2026-06-26T00:31:02Z,"punk,hardcore punk,skate punk,hardcore,proto-punk","Epitaph",0.423,0.958,0,-4.664,1,0.0373,0.0000552,0.0000147,0.198,0.928,114.614,4
spotify:track:0PcmTbgOUpKoBqRvJi1dEk,"Gotta Get Away","Greatest Hits","The Offspring",2013-12-20,231826,0,false,quirky613,2026-06-26T00:31:02Z,"math rock,djent,progressive metal,progressive rock","Columbia",0.528,0.867,4,-4.298,0,0.0616,0.000867,0.000139,0.0962,0.607,132.758,4
spotify:track:7BWIPTFTEmI87Hx7DxRc9l,"After You My Friends","Let's Talk About Feelings","Lagwagon",1998-11-24,154573,0,false,quirky613,2026-06-26T00:31:02Z,"alternative rock","Fat Wreck Chords",0.373,0.928,11,-6.13,1,0.121,0.028,0.0000262,0.353,0.484,104.115,4
spotify:track:6D1gCHTafhQYb6atIs94ym,"Change Despair","Let's Talk About Feelings","Lagwagon",1998-11-24,115933,0,false,quirky613,2026-06-26T00:31:02Z,"alternative rock","Fat Wreck Chords",0.32,0.992,5,-4.66,1,0.0926,0.000458,0.0000515,0.795,0.426,106.727,4
spotify:track:2OWbYVEObNiUCO20x98oe2,"Everything Turns Grey","Let's Talk About Feelings","Lagwagon",1998-11-24,109466,0,false,quirky613,2026-06-26T00:31:02Z,"alternative rock","Fat Wreck Chords",0.461,0.972,0,-5.296,1,0.0657,0.0128,0.00126,0.476,0.573,99.334,4
spotify:track:5b9X9SiaCWvUIcUqv6c1Jz,"Gun in Your Hand","Let's Talk About Feelings","Lagwagon",1998-11-24,122760,0,false,quirky613,2026-06-26T00:31:02Z,"alternative rock","Fat Wreck Chords",0.244,0.963,2,-4.403,1,0.134,0.0059,0,0.392,0.689,188.632,4
spotify:track:41ENlxPUix3nTirU0BRX4V,"Hurry up and Wait","Let's Talk About Feelings","Lagwagon",1998-11-24,34826,0,false,quirky613,2026-06-26T00:31:02Z,"alternative rock","Fat Wreck Chords",0.436,0.97,2,-5.274,1,0.162,0.0223,0.00000286,0.345,0.309,118.995,3
spotify:track:7a5dSs5tqEhuJPFv3fbR3a,"The Kids Are All Wrong","Let's Talk About Feelings","Lagwagon",1998-11-24,67466,0,false,quirky613,2026-06-26T00:31:02Z,"alternative rock","Fat Wreck Chords",0.51,0.424,7,-10.294,1,0.0524,0.507,0.000163,0.343,0.107,146.794,4
spotify:track:7hRloZSUrTDcUwpMimKDyv,"Leave the Light On","Let's Talk About Feelings","Lagwagon",1998-11-24,114733,0,false,quirky613,2026-06-26T00:31:02Z,"alternative rock","Fat Wreck Chords",0.288,0.894,11,-6.025,0,0.168,0.0023,0.0000092,0.673,0.498,95.166,4
spotify:track:0fzQfByWMtcJ9d4Kcm3iDL,"Love Story","Let's Talk About Feelings","Lagwagon",1998-11-24,140440,0,false,quirky613,2026-06-26T00:31:02Z,"alternative rock","Fat Wreck Chords",0.371,0.973,0,-5.006,1,0.083,0.000353,0,0.0868,0.357,92.305,4
spotify:track:2SsFjFGToi1o8TaA5EnYd9,"May 16","Let's Talk About Feelings","Lagwagon",1998-11-24,177960,0,false,quirky613,2026-06-26T00:31:02Z,"alternative rock","Fat Wreck Chords",0.357,0.994,2,-4.534,1,0.0907,0.000192,0.00133,0.102,0.355,104.195,4
spotify:track:4GbhpMftpLUiVO8vhH006o,"Messengers","Let's Talk About Feelings","Lagwagon",1998-11-24,117466,0,false,quirky613,2026-06-26T00:31:02Z,"alternative rock","Fat Wreck Chords",0.361,0.97,0,-5.072,1,0.0672,0.00151,0.00142,0.289,0.542,106.861,4
spotify:track:7f93VbaCy60ZV2F0V9Gs09,"Owen Meaney","Let's Talk About Feelings","Lagwagon",1998-11-24,223600,0,false,quirky613,2026-06-26T00:31:02Z,"alternative rock","Fat Wreck Chords",0.266,0.932,2,-5.628,1,0.0688,0.000115,0.00772,0.175,0.423,148.13,4
spotify:track:7hD4ZzN0xDRtMwMzzBCpL5,"Train","Let's Talk About Feelings","Lagwagon",1998-11-24,144573,0,false,quirky613,2026-06-26T00:31:02Z,"alternative rock","Fat Wreck Chords",0.223,0.927,2,-4.57,1,0.11,0.00102,0,0.0993,0.607,189.82,4
spotify:track:0d2YnyIPgmPQqNSzDg8s8Q,"It's Been Awhile","The Singles","Staind",2006-11-13,264706,0,true,quirky613,2026-06-26T00:32:57Z,"grunge,rock","Flip/Atlantic",0.509,0.774,6,-4.054,1,0.0338,0.00189,0.000549,0.143,0.0824,116.529,4
spotify:track:5YBVDvTSSSiqv7KZDeUlXA,"Renegades Of Funk","Renegades","Rage Against The Machine",2000-12-05,274160,68,false,quirky613,2026-06-26T00:33:27Z,"","Epic",0.651,0.908,2,-4.019,1,0.0577,0.00184,0.000579,0.384,0.769,123.851,4
spotify:track:0xMEF2WiqKWTIG7Krjungw,"The Distance","Fashion Nugget","CAKE",1996-09-17,179653,4,false,quirky613,2026-06-26T00:33:27Z,"","Volcano",0.463,0.749,11,-8.118,0,0.0894,0.00795,0.00221,0.0558,0.888,183.054,4
spotify:track:7yMiX7n9SBvadzox8T5jzT,"Clint Eastwood","Gorillaz","Gorillaz;Del The Funky Homosapien",2001,340920,77,true,quirky613,2026-06-26T00:33:27Z,"horror punk,skate punk,punk,melodic hardcore,ska punk,hardcore punk,ska,pop punk","Parlophone UK",0.663,0.694,10,-8.627,0,0.171,0.0253,0,0.0698,0.525,167.953,4
spotify:track:0d28khcov6AiegSCpG5TuT,"Feel Good Inc.","Demon Days","Gorillaz;De La Soul",2005-05-23,222640,92,false,quirky613,2026-06-26T00:33:27Z,"horror punk,pop punk,emo","Parlophone UK",0.818,0.705,6,-6.679,1,0.177,0.00836,0.00233,0.613,0.772,138.559,4
spotify:track:7aKWgpecgLEqisWcXPElDl,"Never There","Prolonging the Magic","CAKE",1998-02-05,164266,66,false,quirky613,2026-06-26T00:33:27Z,"","Volcano",0.761,0.735,9,-8.171,0,0.043,0.0426,0.0838,0.0917,0.592,125.815,4
spotify:track:3OOFEF20WqtsUPcRbPY3L7,"Short Skirt / Long Jacket","Comfort Eagle","CAKE",2001-07-24,204128,69,false,quirky613,2026-06-26T00:33:27Z,"","Columbia",0.771,0.809,2,-10.029,1,0.0461,0.003,0.0223,0.0252,0.886,120.038,4
spotify:track:5ghIJDpPoe3CfHMGu71E6T,"Smells Like Teen Spirit","Nevermind (Remastered)","Nirvana",1991-09-26,301920,84,false,quirky613,2026-06-26T20:37:13Z,"","Geffen",0.502,0.912,1,-4.556,1,0.0564,0.0000255,0.000173,0.106,0.72,116.761,4
spotify:track:3oqi3tCQ1n2aZUBatDuy3Q,"Even Rats","Eisenhower","The Slip",2006,333450,37,false,quirky613,2026-06-26T20:38:24Z,"post-grunge","Bar/None Records",0.286,0.92,7,-4.963,1,0.0785,0.01,0.05,0.148,0.484,142.03,4
spotify:track:0zlaa4AmbFE7MVDijsyD9Q,"Heat Above","The Battle at Garden’s Gate","Greta Van Fleet",2021-04-16,341255,66,false,quirky613,2026-06-26T20:38:24Z,"","Lava / Republic Records",0.338,0.847,3,-3.692,1,0.0458,0.00881,0.00105,0.147,0.232,139.061,4
spotify:track:2RJfK2pOvGpnxC255YOy5k,"Rose-Colored Boy","After Laughter","Paramore",2017-05-12,212853,67,false,quirky613,2026-06-26T20:39:44Z,"","Fueled By Ramen",0.768,0.826,5,-4.904,1,0.0335,0.00199,0.000374,0.031,0.926,114.997,4
spotify:track:5Hu8ghjoVoHK78uCCIiwwC,"Reflections","Weird Kids","We Are The In Crowd",2014-02-18,161586,45,false,quirky613,2026-06-26T20:39:44Z,"punk,skate punk,ska punk,melodic hardcore,hardcore punk,ska","Hopeless Records",0.427,0.829,0,-6.12,1,0.161,0.00709,0,0.435,0.554,172.971,4
spotify:track:1uXdwIjrjtv0F7a6ASjCjZ,"Can't Help It","Anarbor","Anarbor",2016-07-29,190913,0,false,quirky613,2026-06-26T20:39:44Z,"","UNK",0.519,0.941,6,-3.551,1,0.0502,0.0256,0,0.277,0.595,90.007,4
spotify:track:2xu7bTUyvvJMBMi6JXvWAZ,"Nikki","J.A.C.K.","Forever The Sickest Kids",2013-01-01,224373,48,false,quirky613,2026-06-26T20:42:01Z,"","Fearless Records",0.532,0.929,1,-4.847,0,0.0591,0.00139,0,0.0884,0.795,141.073,4
spotify:track:1WMBlpjhd3AUQiNfJOzfIl,"Songs I Can't Listen To","Songs I Can't Listen To","Neon Trees",2015-05-05,200626,57,false,quirky613,2026-06-26T20:43:19Z,"","Mercury Records",0.473,0.833,11,-4.996,0,0.0423,0.00781,0.0000299,0.0737,0.705,175.02,4
spotify:track:069deq5woglvUnWok4MqTe,"It's Complicated","What Separates Me From You","A Day To Remember",2010,177240,0,false,quirky613,2026-06-26T20:43:19Z,"","Victory",0.199,0.935,1,-3.471,1,0.157,0.000204,0,0.0628,0.637,195.012,4
spotify:track:4b9jRNwMUvABxTD1amyfA6,"All over You","No Really, I'm Fine (Standard Version)","The Spill Canvas",2007-10-01,202573,54,false,quirky613,2026-06-26T20:43:19Z,"heavy metal,metal,speed metal,hard rock,rock","Sire/Reprise",0.554,0.941,10,-3.159,0,0.0347,0.00848,0,0.102,0.524,134.916,4
spotify:track:55N8cxpE1QDoeaaNqUnoZ2,"Bad Decisions","The New Abnormal","The Strokes",2020-04-10,293360,68,false,quirky613,2026-06-26T20:44:58Z,"","Cult Records/RCA Records",0.374,0.922,0,-3.4,1,0.056,0.0135,0.204,0.28,0.393,153.217,4
spotify:track:4XOZaPYeMn9hcbpyS90NnD,"Lights And Sounds","Lights And Sounds","Yellowcard",2006-01-01,208186,65,false,quirky613,2026-06-26T20:44:58Z,"","Capitol Records",0.344,0.972,11,-3.653,0,0.116,0.0000848,0,0.287,0.387,167.818,4
spotify:track:176J9E3MwJX8eCd3RvS0Nn,"Action Cat","Hesitant Alien","Gerard Way",2014-08-22,187012,48,false,quirky613,2026-06-26T20:44:58Z,"west coast hip hop,old school hip hop,rap rock,hip hop","Reprise",0.375,0.987,1,-4.647,1,0.0683,0.0000484,0.197,0.0782,0.364,146.971,4
spotify:track:0wNhTMsDRLWAPxGOQRqkOR,"Coffee Talk","Old Bones","Broadside",2015-05-18,174146,0,false,quirky613,2026-06-26T20:44:58Z,"indie","Victory",0.287,0.96,8,-2.856,1,0.144,0.000298,0.00364,0.375,0.457,173.998,4
spotify:track:75HZ6Wxnw8xbgz6HU9kKCS,"Barely Breathing","Duncan Sheik","Duncan Sheik",1996,254546,66,false,quirky613,2026-06-26T20:45:51Z,"rap metal,rap rock,alternative metal,nu metal","Rhino Atlantic",0.482,0.807,0,-6.976,1,0.0457,0.0281,0,0.177,0.516,187.918,4
spotify:track:7zQ5nqAKKfk0gtBgV70gyq,"Forever","The Paramour Sessions","Papa Roach",2006-01-01,246333,67,true,quirky613,2026-06-26T20:45:51Z,"","Geffen",0.575,0.591,2,-5.916,0,0.028,0.0173,0,0.173,0.332,107.967,4
spotify:track:0PVohbHbtOwUU74dSxSugU,"Drugstore Diet","The Words You Don't Swallow","Anarbor",2010-04-20,177080,0,false,quirky613,2026-06-26T20:45:51Z,"","Hopeless Records",0.533,0.935,8,-3.114,1,0.052,0.00134,0,0.242,0.901,106.971,4
spotify:track:4GiVcDqNQI0fc0yYuRGH9m,"Inside Out","Eve 6","Eve 6",1998,219466,71,false,quirky613,2026-06-26T20:50:51Z,"emo,pop punk","RCA Records Label",0.483,0.818,11,-7.666,1,0.0444,0.114,0,0.367,0.691,175.668,4
spotify:track:37EJtTS7jT5WUyXGZzrwnI,"Santa Monica","Sparkle And Fade","Everclear",1995-05-11,191506,73,false,quirky613,2026-06-26T20:50:51Z,"folk punk","Capitol Records",0.491,0.942,7,-5.333,1,0.109,0.156,0,0.367,0.398,100.441,4
spotify:track:1t2Hq2WIBcZINOEnK6mdJG,"Save Tonight","Desireless","Eagle-Eye Cherry",1998-07-13,239226,70,false,quirky613,2026-06-26T20:50:51Z,"nu metal,alternative metal,rap metal,metal","Work",0.547,0.693,0,-8.786,1,0.0353,0.0000924,0.0000546,0.113,0.583,119.567,4
spotify:track:0T8P86fvSK8kCUJFYPZbIH,"All Signs Point To Lauderdale","What Separates Me From You","A Day To Remember",2010-11-16,197200,69,true,quirky613,2026-06-26T20:51:13Z,"","Victory Records",0.425,0.983,10,-3.437,1,0.114,0.000263,0,0.114,0.513,149.95,4
spotify:track:40FJkZzaY8DWGtYoCB63EE,"Everybody but You","Kings of the New Age","State Champs;Ben Barlow",2022-05-13,227393,0,true,quirky613,2026-06-26T20:51:13Z,"power pop","Pure Noise Records",0.659,0.914,8,-3.908,1,0.0497,0.0042,0.0000258,0.077,0.79,105.017,4
spotify:track:1qtsLBaReTZTZSgzVENocA,"C'mon","Worst Enemy","Go Betty Go",2004-04-20,235813,0,false,quirky613,2026-06-26T20:52:24Z,"","SideOneDummy Records",0.395,0.975,4,-2.048,1,0.0606,0.0528,0.0000371,0.918,0.65,189.989,4
spotify:track:0sTlGEld0h8kIPZaKDYUf4,"Notion","Notion","The Rare Occasions",2021-12-02,195120,87,false,quirky613,2026-06-26T20:52:37Z,"punk,hardcore punk","Elektra (NEK)",0.309,0.883,9,-3.825,1,0.0808,0.0673,0.00111,0.0849,0.312,159.488,4
spotify:track:0Z2utuwUnQS9iiOwpStusu,"Outta My Head","Outta My Head","State Champs",2021-09-08,176247,0,false,quirky613,2026-06-26T20:52:54Z,"power pop","Pure Noise Records",0.48,0.916,10,-3.896,1,0.0585,0.0000268,0.0151,0.159,0.664,90.019,4
spotify:track:1zN6ynJG4PdR61YWv4PQ3Y,"All Around Me","Flyleaf","Flyleaf",2006-01-01,198506,75,false,quirky613,2026-06-26T20:53:35Z,"","Interscope Records*",0.473,0.87,9,-4.893,1,0.0454,0.0216,0,0.0525,0.464,146.972,4
spotify:track:2G7P9vvJwshiE9yqhj2YBb,"Spin","Louder Now (U.S. Version)","Taking Back Sunday",2006-04-21,219800,0,false,quirky613,2026-06-26T20:53:35Z,"emo,pop punk,screamo,post-hardcore,punk","Concord Music Group",0.433,0.956,3,-4.131,0,0.0451,0.000021,0,0.372,0.602,95.229,4
spotify:track:51UtgWS4z1eMPuLQOzPtNH,"Amber","Greatest Hits '93 - '03","311",2004-06-08,211080,73,false,quirky613,2026-06-26T20:53:35Z,"rock","Volcano",0.659,0.727,4,-8.638,0,0.0455,0.119,0.00427,0.1,0.748,166.163,4
spotify:track:3iT4vWUWxqsn4hFTkEaJCi,"Jenny","Modern Minds and Pastimes (U.S. Version)","The Click Five",2007-06-26,202360,62,false,quirky613,2026-06-26T20:54:43Z,"post-grunge,rock","Lava/Atlantic",0.546,0.832,1,-2.679,1,0.0247,0.000316,0,0.177,0.633,96.019,4
spotify:track:1JcGNoiwifg0MdJMVgJQYx,"Get Free","Highly Evolved","The Vines",2002-01-01,126573,60,false,quirky613,2026-06-26T20:54:53Z,"christian rock,christian alternative rock,ccm,christian","Capitol Records",0.5,0.978,7,-3.278,1,0.065,0.000163,0.00000127,0.287,0.602,138.802,4
spotify:track:4ECvB9frSDegHfKNRh9dwT,"4ever","The Secret Life Of...","The Veronicas",2005-10-10,208973,55,false,quirky613,2026-06-26T20:55:18Z,"pop singer-songwriter","Sire/Warner Records",0.581,0.857,5,-2.21,0,0.0627,0.00168,0.000166,0.0967,0.565,145.941,4
spotify:track:08uQ6M9Imb6lh0tyHCQwPR,"Black Sheep (From Scott Pilgrim vs. the World)","Black Sheep (From Scott Pilgrim vs. the World)","The Evil Exes",2010-10-01,205423,44,false,quirky613,2026-06-26T20:55:18Z,"garage rock","Cult Classics",0.565,0.67,11,-5.834,0,0.0331,0.000143,0.000196,0.0612,0.41,123.96,4
spotify:track:4KacUpvbA3Mfo05gttTjhN,"Fat Lip","All Killer, No Filler","Sum 41",2001-01-01,178266,77,true,quirky613,2026-06-26T20:55:47Z,"punk,skate punk,ska punk,ska,melodic hardcore,hardcore punk","Island Records",0.403,0.914,9,-5.215,1,0.142,0.000579,0,0.065,0.626,196.482,4
spotify:track:7nnWIPM5hwE3DaUBkvOIpy,"Drive","Make Yourself","Incubus",1999-10-26,232453,83,false,quirky613,2026-06-26T20:55:47Z,"pop rock","Epic/Immortal",0.645,0.792,4,-7.34,0,0.036,0.0562,0.0121,0.119,0.666,90.565,4
spotify:track:4WdopfTdSd0nCLropjhsgH,"The Only Difference Between Martyrdom and Suicide Is Press Coverage","A Fever You Can't Sweat Out","Panic! At The Disco",2005-09-27,174866,64,false,quirky613,2026-06-26T20:55:47Z,"psychedelic rock,classic rock,acid rock,blues rock","Decaydance Records / Fueled By Ramen",0.501,0.933,6,-3.476,0,0.198,0.0457,0,0.376,0.708,170.13,4
spotify:track:0CwYG1UnRmOx8Q1EzElCIL,"Second Chance","The Sound of Madness","Shinedown",2008-06-23,222066,77,false,quirky613,2026-06-26T20:55:47Z,"","Atlantic Records",0.46,0.796,0,-4.501,0,0.0333,0.00107,0,0.106,0.182,100.011,4
spotify:track:5vollujufHY0jMZxx77VWr,"All These Things That I've Done","Hot Fuss","The Killers",2004,301866,79,false,quirky613,2026-06-26T20:55:47Z,"nu metal,metal,alternative metal,rap metal,rock","Island Records",0.539,0.702,6,-7.291,1,0.0436,0.00245,0.0000237,0.117,0.206,118.106,4
spotify:track:0tyR7Bu9P086aWBFZ4QJoo,"Monsters (feat. blackbear)","Wake Up, Sunshine","All Time Low;blackbear",2020-04-03,174067,73,true,quirky613,2026-06-26T20:55:47Z,"nu metal,funk rock,alternative metal,alternative rock","Fueled By Ramen",0.369,0.845,0,-3.449,0,0.0611,0.0493,0,0.416,0.782,78.532,4
spotify:track:2md2i5QvelRFnafpnd6LOg,"Meant to Live","The Beautiful Letdown (Deluxe Version)","Switchfoot",2003,201373,72,false,quirky613,2026-06-26T20:55:57Z,"midwest emo,emo,pop punk,math rock,folk punk","Columbia",0.397,0.903,2,-4.577,1,0.0457,0.00575,0.0000016,0.362,0.556,151.551,4
spotify:track:1UREw2MCfU0xwBzCAjxlUD,"Scars","Getting Away With Murder","Papa Roach",2004-01-01,208186,75,false,quirky613,2026-06-26T20:55:57Z,"","Geffen",0.384,0.921,11,-3.334,1,0.055,0.0948,0,0.168,0.471,89.922,4
spotify:track:1Y13csEpu3TK5gQdzGLrd8,"Pardon Me","Make Yourself","Incubus",1999-10-26,223746,76,false,quirky613,2026-06-26T20:55:57Z,"pop rock","Epic/Immortal",0.579,0.812,1,-6.509,0,0.0693,0.00114,0.00333,0.115,0.278,152.002,4
spotify:track:5xTHbN13lPkABth40VAsbx,"Coma","Coma","Taylor Acorn;Cassadee Pope",2023-08-18,208565,42,true,quirky613,2026-06-26T20:56:43Z,"post-grunge","Taylor Acorn",0.435,0.851,9,-3.629,1,0.0423,0.0306,0,0.462,0.538,162.009,4
spotify:track:1RXoCep9hxApPfx8UFsGZk,"Take It Out On Me","Welcome To The Masquerade (Fan Edition)","Thousand Foot Krutch",2009,197373,68,false,quirky613,2026-06-26T20:57:41Z,"","Tooth & Nail (TNN)",0.465,0.813,7,-4.321,1,0.0841,0.00281,0,0.0464,0.614,148.029,4
spotify:track:30Elt09LwfGUac6NVT5VN1,"Let This Love Lie Dead","Let This Love Lie Dead","First and Forever",2021-03-12,173693,48,false,quirky613,2026-06-26T20:57:41Z,"deathcore,metal,death metal,metalcore","Adventure Cat Records",0.49,0.857,3,-3.783,0,0.0601,0.0000615,0,0.113,0.249,107.527,4
spotify:track:5yM3GdNouMrQNVEE5mA82d,"Distracted","Retrovision","Honey Revenge",2023-06-23,200180,0,false,quirky613,2026-06-26T20:57:41Z,"","Thriller Records",0.429,0.876,9,-3.723,1,0.0483,0.0281,0.0000376,0.264,0.615,175.948,4
spotify:track:0maaBh5icICjXYfY0urTnU,"Are You Impressed?","Retrovision","Honey Revenge",2023-06-23,187679,0,false,quirky613,2026-06-26T20:58:23Z,"","Thriller Records",0.466,0.798,1,-5.321,1,0.0434,0.00071,0,0.183,0.654,147.046,4
spotify:track:68oVQoWEfkiSIoTBZsRiCV,"Murphy's Law","Retrovision","Honey Revenge",2023-06-23,191334,0,false,quirky613,2026-06-26T20:58:23Z,"","Thriller Records",0.476,0.588,5,-5.63,1,0.0378,0.0102,0.00000139,0.123,0.593,172.012,4
spotify:track:69xq52Yl3XgWRPIAOwfaYY,"In Loving Memory","In Loving Memory","First and Forever",2020-05-15,172013,48,false,quirky613,2026-06-26T20:58:23Z,"deathcore,metal,death metal,metalcore","Adventure Cat Records",0.371,0.937,9,-3.542,1,0.0512,0.0000443,0,0.538,0.628,84.771,4
spotify:track:3Gsn1htwAx5KGY8SRjtIfs,"Airhead","Retrovision","Honey Revenge",2023-06-23,163519,0,false,quirky613,2026-06-26T20:58:23Z,"","Thriller Records",0.671,0.808,1,-4.304,0,0.036,0.0127,0,0.197,0.731,111.988,4
spotify:track:3vqSWOEMO4OOxa2QJHuitI,"My Delirium","Ladyhawke","Ladyhawke",2008-01-01,255746,49,false,quirky613,2026-06-26T21:00:07Z,"","Universal Music Australia Pty. Ltd.",0.45,0.81,9,-3.933,0,0.0474,0.000734,0.000392,0.431,0.447,150.039,4
spotify:track:71o4RblgefcGHIf1MbvJzZ,"What Do You Want From Me","The Weekend: Friday","Forever The Sickest Kids",2009-01-01,157173,45,false,quirky613,2026-06-26T21:00:28Z,"","Motown",0.574,0.957,8,-2.761,1,0.109,0.0218,0,0.299,0.66,101.013,4
spotify:track:1vcxF91pWs9uNwDROuiCPB,"Savior","Appeal To Reason","Rise Against",2008-01-01,242280,81,false,quirky613,2026-06-26T21:02:18Z,"emo,post-hardcore,screamo","Geffen",0.554,0.932,5,-3.424,0,0.0485,0.00154,0.000139,0.425,0.478,112.488,4
spotify:track:1KuVdyg8d6NlRhbpHxg5UF,"Social Cues","Social Cues","Cage The Elephant",2019-04-19,219057,69,false,quirky613,2026-06-26T21:04:04Z,"","RCA Records Label",0.668,0.913,9,-3.097,1,0.0348,0.0119,0.0000067,0.111,0.933,132.039,4
spotify:track:6sm4qIkuAMAq3rKcRCzLw6,"Demolisher","Kostolom","Slaughter to Prevail",2019,216000,2,true,quirky613,2026-06-26T21:04:08Z,"riot grrrl","Sumerian Records",0.209,0.991,1,-1.876,1,0.356,0.000407,0.000501,0.307,0.0659,199.865,4
spotify:track:60TThBDrPpek5k520l0W0L,"Black Sheep - Brie Larson Vocal Version","Black Sheep (Brie Larson Vocal Version)","Metric;Brie Larson",2010,294065,77,false,quirky613,2026-06-26T21:04:43Z,"christian rock,christian alternative rock,emo,pop punk","ABKCO Music & Records, Inc.",0.462,0.599,11,-5.735,0,0.0375,0.000278,0.000441,0.0909,0.173,123.938,4
spotify:track:0EbnUc05YEKhZRKgbrZWpq,"Sorry","15","Buckcherry",2006-04-11,228386,1,false,quirky613,2026-06-26T21:05:28Z,"","Eleven Seven Music",0.54,0.773,2,-3.627,1,0.0288,0.0315,0,0.176,0.381,130.952,4
spotify:track:1Bv3h7Vc4AaYA2BcSM3rVd,"All I Wanted","Brand New Eyes","Paramore",2009-09-25,225786,83,false,quirky613,2026-06-26T21:06:17Z,"","Fueled By Ramen",0.494,0.723,6,-4.559,0,0.0441,0.0192,0.0322,0.134,0.152,144.036,4
spotify:track:6RzSyyFp352desPEKUOgBu,"I Think I'm in Love","Certified Depressant","Taylor Acorn",2023-09-22,179000,51,true,quirky613,2026-06-26T21:06:24Z,"","Taylor Acorn",0.506,0.826,6,-6.861,1,0.0384,0.0256,0,0.0909,0.71,180.092,4
spotify:track:3ouugfdFz6exFXUxu7wRvD,"If You Can't Hang","Let's Cheers To This","Sleeping With Sirens",2011-05-10,250240,2,false,quirky613,2026-06-26T21:07:10Z,"post-grunge,alternative metal,rock","Rise Records",0.397,0.975,2,-3.532,0,0.365,0.00152,0,0.118,0.451,192.021,4
spotify:track:5oRp0GTiNQ2OjCUssfCTsk,"Nothing Left to Lose","Nothing Left To Lose","Mat Kearney",2006,263253,0,false,quirky613,2026-06-26T21:07:54Z,"","Aware/Columbia",0.445,0.71,4,-6.819,1,0.0275,0.103,0.0000614,0.169,0.468,148.011,4
spotify:track:4Ssi6tKwrTHi5qvDndrZRP,"Wish You Were Here","The Peace And The Panic","Neck Deep",2017-08-18,248253,74,false,quirky613,2026-06-26T21:08:01Z,"punk,ska punk,ska,skate punk,hardcore punk","Hopeless Records",0.53,0.496,10,-6.318,1,0.0264,0.428,0,0.0898,0.535,159.957,3
spotify:track:5sGh9s5A6qit1vuKSpct0Q,"Ride","Ride","Honey Revenge",2022-08-19,161843,0,false,quirky613,2026-06-26T21:08:15Z,"","Thriller Records",0.58,0.852,2,-4.354,1,0.0445,0.0673,0,0.263,0.522,102.05,4
spotify:track:2fhfoZqqTJ8jo4HvWseNfM,"I Will Buy You A New Life","So Much For The Afterglow","Everclear",1997-10-07,238133,66,false,quirky613,2026-06-26T21:08:34Z,"folk punk","Capitol Records",0.518,0.87,0,-4.933,1,0.098,0.0351,0.00707,0.255,0.661,169.665,4
spotify:track:77loZpT5Y5PRP1S451P9Yz,"The Reason","The Reason (15th Anniversary Deluxe)","Hoobastank",2003-12-09,232800,8,false,quirky613,2026-06-26T21:11:13Z,"nu metal","Island Def Jam",0.474,0.671,4,-4.649,1,0.0289,0.0129,0,0.159,0.0682,82.94,4
spotify:track:0w5Bdu51Ka25Pf3hojsKHh,"Hard Times","After Laughter","Paramore",2017-05-12,182693,83,false,quirky613,2026-06-26T21:13:19Z,"","Fueled By Ramen",0.695,0.818,5,-5.379,0,0.0334,0.00647,0.00000487,0.0219,0.916,119.965,4
spotify:track:56sk7jBpZV0CD31G9hEU3b,"Animal I Have Become","One-X","Three Days Grace",2006-06-25,231400,83,false,quirky613,2026-06-26T21:15:07Z,"","Jive",0.553,0.853,8,-3.668,1,0.0339,0.000684,0,0.126,0.506,122.023,4
spotify:track:7juaMHv1j8EAmEVEAlo1iT,"Airhead","Retrovision","Honey Revenge",2023-06-23,163519,63,false,quirky613,2026-06-26T21:17:33Z,"","Thriller Records",0.671,0.808,1,-4.304,0,0.036,0.0127,0,0.197,0.731,111.988,4
spotify:track:6ooluO7DiEhI1zmK94nRCM,"Take Me Out","Franz Ferdinand","Franz Ferdinand",2004,237026,8,false,quirky613,2026-06-26T21:19:26Z,"","Epic",0.278,0.676,9,-8.821,1,0.0371,0.000423,0.000899,0.136,0.494,104.545,4
spotify:track:1LtJG4j3yfp8ijXCUokfT1,"Trust","Picture Show","Neon Trees",2012-01-01,365466,10,false,quirky613,2026-06-26T21:19:31Z,"","Mercury Records",0.432,0.727,5,-6.582,1,0.0383,0.00323,0.0396,0.221,0.194,116.812,4
spotify:track:6DeuXToYrOYXGpLKDMEwkT,"I Knew You Were Trouble","I Knew You Were Trouble","The Animal In Me",2014-09-20,230653,40,false,quirky613,2026-06-26T21:20:08Z,"anime,j-rock","The Animal In Me",0.453,0.941,11,-2.881,1,0.103,0.00741,0,0.0204,0.417,77.006,4
spotify:track:0UY4FvG4f9JI6kBR1BlWrZ,"That's What You Get","Riot!","Paramore",2007-06-12,220480,74,false,quirky613,2026-06-26T21:20:10Z,"","Atlantic Records UK",0.528,0.831,8,-3.607,1,0.0429,0.0000943,0,0.141,0.632,131.094,3
spotify:track:5Uf7tljfwhcaLNZi6AdVow,"ユラユラ","ユラユラ","HEARTS GROW",2006-12-06,299613,55,false,quirky613,2026-06-26T21:21:35Z,"horror punk,punk,psychobilly,hardcore punk,skate punk","Sony Music Labels Inc.",0.487,0.942,6,-3.791,1,0.0962,0.0153,0.00000912,0.355,0.656,150.404,4
spotify:track:4YoM9p4lEpwPHKE16j3VGJ,"Say Anything (Else)","Chroma","Cartel",2005-07-25,229320,54,false,quirky613,2026-06-26T21:21:56Z,"garage rock,blues rock,rock,alternative rock","Epic",0.424,0.775,1,-5.113,1,0.0672,0.000891,0,0.09,0.577,156.682,4
spotify:track:4wsQGsdf8D0Bj26cGdvreB,"She","Dookie","Green Day",1994-02-01,134293,70,false,quirky613,2026-06-26T21:21:56Z,"","Reprise",0.37,0.937,1,-3.939,0,0.0356,0.0000737,0.00817,0.0904,0.874,93.307,4
spotify:track:0CwLXMcCqMKE8XPk4MwVuc,"Timmy the Turtle","45 or 46 Songs That Weren't Good Enough to Go on Our Other Records","NOFX",2002-05-21,99266,0,false,quirky613,2026-06-26T21:21:56Z,"punk,hardcore punk,skate punk,hardcore,proto-punk","Fat Wreck Chords",0.54,0.783,1,-6.018,0,0.0914,0.00031,0.00213,0.1,0.0813,78.714,4
spotify:track:5LgiqEgpK54OfXC6947wbU,"Where Eagles Dare","Collection","Misfits;Glenn Danzig",1986-01-01,128426,61,false,quirky613,2026-06-26T21:21:56Z,"christian rock,christian alternative rock,rap metal","Astralwerks",0.282,0.943,2,-7.746,1,0.121,0.741,0.414,0.178,0.15,182.381,4
spotify:track:19tN5YqeliYlDMvwkBcfmY,"Who We Are","Who We Are","Descendents",2017-04-25,237840,0,false,quirky613,2026-06-26T21:21:56Z,"pop punk","Epitaph",0.466,0.987,4,-3.498,1,0.13,0.000502,0.00000114,0.0819,0.603,172.985,4
spotify:track:7j31rVgGX9Q2blT92VBEA0,"Teenagers","The Black Parade","My Chemical Romance",2006-10-20,161920,84,false,quirky613,2026-06-26T21:21:56Z,"metalcore,pop punk,post-hardcore,screamo,emo","Reprise",0.463,0.857,4,-3.063,1,0.0632,0.0506,0,0.184,0.856,111.647,4
spotify:track:2TfSHkHiFO4gRztVIkggkE,"Sugar, We're Goin Down","From Under The Cork Tree","Fall Out Boy",2005-05-03,229093,83,false,quirky613,2026-06-26T21:21:56Z,"punk,skate punk,hardcore punk,melodic hardcore,ska punk","Island Records",0.494,0.842,7,-4.784,1,0.0843,0.00579,0,0.122,0.574,162.011,4
spotify:track:1oagRT7LfpVlNJN6FSZDGp,"This Ain't A Scene, It's An Arms Race","Infinity On High","Fall Out Boy",2007-01-01,212040,74,false,quirky613,2026-06-26T21:21:56Z,"punk,skate punk,hardcore punk,melodic hardcore,ska punk","Island Records",0.435,0.887,9,-4.07,1,0.0637,0.000747,0,0.0327,0.408,199.939,4
spotify:track:3Zwu2K0Qa5sT6teCCHPShP,"Thnks fr th Mmrs","Infinity On High","Fall Out Boy",2007-01-01,203506,83,false,quirky613,2026-06-26T21:21:56Z,"punk,skate punk,hardcore punk,melodic hardcore,ska punk","Island Records",0.46,0.892,10,-5.046,0,0.0619,0.0051,0,0.106,0.59,154.844,4
spotify:track:2NHv3s3OijktUFGKUpsZ0j,"Your Star","The All-American Rejects","The All-American Rejects",2002-01-01,260826,0,false,quirky613,2026-06-26T21:23:33Z,"post-grunge","Interscope",0.485,0.868,2,-3.515,1,0.0514,0.000846,0.0144,0.098,0.451,148.01,4
spotify:track:4jVhSbMMHctghoOTFuLPB2,"Swing, Swing","The All-American Rejects","The All-American Rejects",2002-01-01,233266,2,false,quirky613,2026-06-26T21:23:33Z,"post-grunge","Interscope",0.54,0.691,7,-5.888,1,0.0306,0.0000778,0.331,0.0413,0.367,127.946,4
spotify:track:6JmamKSjq9oybkjm5xYryW,"Time Stands Still","The All-American Rejects","The All-American Rejects",2002-01-01,210733,0,false,quirky613,2026-06-26T21:23:33Z,"post-grunge","Interscope",0.626,0.606,0,-5.609,1,0.0291,0.00304,0.00386,0.0334,0.849,96.007,4
spotify:track:7fFuGSiMOc42A5nshYl2cF,"Why Worry","The All-American Rejects","The All-American Rejects",2002-01-01,256360,0,false,quirky613,2026-06-26T21:23:33Z,"post-grunge","Interscope",0.569,0.922,8,-3.782,1,0.068,0.0223,0.123,0.114,0.787,136.044,4
spotify:track:5A9AIR8ZbL0GymUeBJldgf,"The Worst Day Ever","No Pads, No Helmets...Just Balls (15th Anniversary Tour Edition)","Simple Plan",2002-03-19,207133,48,false,quirky613,2026-06-26T21:23:33Z,"pop punk","Rhino Atlantic",0.468,0.878,6,-4.4,1,0.0861,0.000312,0,0.312,0.731,143.078,4
spotify:track:7p3o2pSCypvbwlw2YZWuFJ,"You Don't Mean Anything","No Pads, No Helmets...Just Balls (15th Anniversary Tour Edition)","Simple Plan",2002-03-19,148600,43,false,quirky613,2026-06-26T21:23:33Z,"pop punk","Rhino Atlantic",0.419,0.902,11,-4.584,1,0.173,0.000748,0,0.29,0.801,168.045,4
spotify:track:0vZwZmc24onek3Rc1Z8awt,"When I'm with You","No Pads, No Helmets...Just Balls (15th Anniversary Tour Edition)","Simple Plan",2002-03-19,157306,42,false,quirky613,2026-06-26T21:23:33Z,"pop punk","Rhino Atlantic",0.47,0.876,8,-4.825,1,0.12,0.000617,0,0.0637,0.786,150.025,4
spotify:track:3aZJzx0kdarz8o9C3qfk0D,"Thank You","Still Not Getting Any...","Simple Plan",2004-10-25,173533,32,false,quirky613,2026-06-26T21:23:33Z,"pop punk","Atlantic Records",0.323,0.947,1,-5.299,1,0.101,0.0000598,0.000632,0.181,0.605,143.016,4
spotify:track:2dnncNWW2qbUiFRcc9an9p,"Wondering","The Young and The Hopeless","Good Charlotte",2002-10-04,212506,56,false,quirky613,2026-06-26T21:23:33Z,"","Epic/Daylight",0.625,0.766,11,-4.776,1,0.0307,0.00066,0,0.254,0.825,113.312,4
spotify:track:2vfo7RvInNxLISPDif4mC2,"The Young & the Hopeless","The Young and The Hopeless","Good Charlotte",2002-10-04,212426,53,false,quirky613,2026-06-26T21:23:33Z,"","Epic/Daylight",0.486,0.88,3,-4.192,1,0.074,0.000143,0,0.107,0.482,90.803,4
spotify:track:2J1t2b8xPBqZzj5znx0C7C,"Your Graduation","You're Gonna Miss It All","Modern Baseball",2014-02-11,163760,0,true,quirky613,2026-06-26T21:23:33Z,"","Run For Cover Records, LLC",0.395,0.902,8,-5.808,0,0.176,0.001,0,0.327,0.632,184.737,4
spotify:track:1XZNbcvKgH73DzuCNKlm2C,"Waste More Time","Yesterday Forever","Alt Bloom",2022-11-11,135176,40,false,quirky613,2026-06-26T21:24:17Z,"","Ethan Thompson Music, Distributed by Venice Music",0.524,0.477,3,-7.104,1,0.308,0.66,0,0.182,0.647,84.551,4
spotify:track:3ym8RPF4EQPqtW0v8G44BT,"Tonight You're Perfect","A Bad Girl In Harlem","New Politics",2013-05-17,202106,42,false,quirky613,2026-06-26T21:24:17Z,"southern rock","RCA Records Label",0.583,0.719,6,-5.643,1,0.035,0.00184,0.0356,0.0919,0.299,123.999,4
spotify:track:18IqyOGs1pRNZfbMo93r57,"Sweetness","Bleed American","Jimmy Eat World",2001-01-01,220026,1,false,quirky613,2026-06-26T21:24:17Z,"pop punk","Interscope",0.491,0.888,5,-4.412,1,0.038,0.00407,0,0.286,0.656,135.253,4
spotify:track:3bnVBN67NBEzedqQuWrpP4,"Tear in My Heart","Blurryface","Twenty One Pilots",2015-05-15,188493,78,false,quirky613,2026-06-26T21:24:17Z,"garage rock,indie rock,alternative rock","Fueled By Ramen",0.655,0.632,2,-4.802,1,0.0489,0.0189,0,0.0722,0.447,120.113,4
spotify:track:5ncwaCAHbEKOuJclvPwtRA,"Tiny Little Robots","Cage The Elephant (Expanded Edition)","Cage The Elephant",2009-03-24,250520,42,false,quirky613,2026-06-26T21:24:17Z,"","Jive/Legacy",0.278,0.947,2,-4.413,1,0.0867,0.00248,0,0.851,0.414,141.629,4
spotify:track:4NXRIJkvnBVOqdTQeUOX6W,"Yeah Yeah Yeah","New Politics","New Politics",2010-07-12,183493,43,true,quirky613,2026-06-26T21:24:17Z,"southern rock","RCA Records Label",0.564,0.992,1,-1.735,1,0.26,0.00188,0,0.0423,0.358,130.082,4
spotify:track:1w8gsT5RBrFfTrLYhDRJIk,"Surf Wax America","Weezer","Weezer",1994-05-10,186440,57,false,quirky613,2026-06-26T21:24:17Z,"pop punk","DGC",0.405,0.916,6,-7.557,1,0.0953,0.000345,0.172,0.274,0.332,164.961,4
spotify:track:6FxbwB6o1MKOy0dHvxNr2W,"Undone - The Sweater Song","Weezer (Deluxe Edition)","Weezer",1994-05-10,304986,0,false,quirky613,2026-06-26T21:24:17Z,"pop punk","Universal Strategic Marketing",0.45,0.652,6,-5.541,1,0.0276,0.00556,0.000786,0.0933,0.514,80.128,4
spotify:track:6lI60Z5UEtARdwQfdBYjuD,"Voldemort","Better Weather","With Confidence",2016-06-17,180554,0,false,quirky613,2026-06-26T21:24:37Z,"","Hopeless Records",0.539,0.949,5,-4.23,0,0.0711,0.000181,0.0000238,0.746,0.747,103.448,4
spotify:track:3bG58ib5RuqWYEDr4P0aM1,"Time To Go","Can't Stop Won't Stop","The Maine",2008-07-08,174946,0,false,quirky613,2026-06-26T21:24:37Z,"","Fearless Records",0.485,0.896,11,-4.162,1,0.0486,0.00825,0,0.0682,0.619,112.967,4
spotify:track:44BrW9G0DSu50xItRb1gFK,"Vicious Love (feat. Hayley Williams)","Resurrection: Ascension","New Found Glory",2015-10-09,197225,0,false,quirky613,2026-06-26T21:24:37Z,"alternative rock,rock","Hopeless Records",0.615,0.907,5,-2.908,1,0.0552,0.00818,0.0000267,0.145,0.716,109.962,4
spotify:track:37qI0mchgzUSeUhPiwUWPY,"Wherever You Will Go","The Best Of...","The Calling",2011-02-04,209360,61,false,quirky613,2026-06-26T21:25:55Z,"","RCA/Legacy",0.551,0.696,2,-6.192,1,0.0265,0.0392,0,0.127,0.354,112.024,4
spotify:track:5dpAN1mjFPL38kh9kWsCiw,"Wasting My Time","The Fallout (Limited Edition)","Default",2001,269306,64,false,quirky613,2026-06-26T21:25:55Z,"post-grunge","The Orchard",0.449,0.776,2,-5.594,1,0.0322,0.00171,0,0.0698,0.198,148.11,4
spotify:track:4T2SmVJPtDdugk5j5xV1d5,"You And Me","Lifehouse (International Version)","Lifehouse",2005-01-01,195493,0,false,quirky613,2026-06-26T21:25:55Z,"","Universal Music Group",0.458,0.428,7,-7.835,1,0.0268,0.115,0,0.161,0.363,139.9,3
spotify:track:5wj4E6IsrVtn8IBJQOd0Cl,"Wonderwall (Remastered)","(What's The Story) Morning Glory? (Deluxe Edition) [Remastered]","Oasis",1995-10-02,258732,6,false,quirky613,2026-06-26T21:25:55Z,"","Big Brother Recordings, Ltd.",0.372,0.865,2,-4.918,1,0.0381,0.000453,0,0.234,0.478,174.53,4
spotify:track:19nAFg6Mb6jXN3yxPC2sSk,"Superman","All The Time In The World","Lazlo Bane",2002-01-01,225080,53,false,quirky613,2026-06-26T21:25:55Z,"","Lazlo Bane",0.577,0.688,6,-8.735,1,0.032,0.109,0.00000278,0.0788,0.843,81.032,4
spotify:track:3d9DChrdc6BOeFsbrZ3Is0,"Under the Bridge","Blood Sugar Sex Magik (Deluxe Edition)","Red Hot Chili Peppers",1991-09-24,264306,89,false,quirky613,2026-06-26T21:25:55Z,"pop punk","Warner Records",0.559,0.345,4,-13.496,1,0.0459,0.0576,0.000105,0.141,0.458,84.581,4
spotify:track:7pMVB2oz4Q4SlfTvvevNro,"What It's Like","Whitey Ford Sings The Blues","Everlast",1998-09-08,303133,1,true,quirky613,2026-06-26T21:25:55Z,"","Rhino",0.678,0.556,0,-7.423,1,0.0281,0.0904,0.0334,0.0866,0.405,85.158,4
spotify:track:0y1QJc3SJVPKJ1OvFmFqe6,"Way down We Go","A/B","KALEO",2016-06-10,213706,85,false,quirky613,2026-06-26T21:26:38Z,"pop punk","Elektra (NEK)",0.489,0.505,10,-8.022,0,0.117,0.579,0.000333,0.104,0.337,163.255,4
spotify:track:4kTd0TND65MUY4BlcmJ2cM,"Why'd You Only Call Me When You're High?","AM","Arctic Monkeys",2013-09-10,161133,0,false,quirky613,2026-06-26T21:26:38Z,"pop punk","Sony Music Latin",0.698,0.627,2,-6.481,1,0.036,0.0423,0.00000716,0.0834,0.796,91.989,4
spotify:track:2MVwrvjmcdt4MsYYLCYMt8,"Tighten Up","Brothers","The Black Keys",2010-05-18,211080,66,false,quirky613,2026-06-26T21:26:38Z,"","Nonesuch",0.504,0.705,6,-6.179,0,0.0665,0.00121,0.00000412,0.453,0.567,108.965,4
spotify:track:0PEhW18xo3U8hHWgH4Fc17,"We're Going To Be Friends","Jack White Acoustic Recordings 1998 - 2016","The White Stripes",2016-09-09,141613,32,false,quirky613,2026-06-26T21:27:07Z,"power pop,jangle pop,britpop","Third Man Records/Columbia",0.521,0.171,7,-18.869,1,0.0316,0.807,0.0000012,0.0933,0.384,97.175,4
spotify:track:7HXtpmFjqt4Wv6T8y5lVz3,"Whatsername","American Idiot (Deluxe)","Green Day",2004-09-21,257213,55,false,quirky613,2026-06-26T21:28:05Z,"","Reprise",0.813,0.547,2,-5.936,1,0.0344,0.00104,0.00335,0.0914,0.8,119.998,4
spotify:track:2pgrjuet6rU22FqQ7fME7a,"Too Much Too Soon","American Idiot (Deluxe)","Green Day",2004-09-21,210906,46,true,quirky613,2026-06-26T21:28:05Z,"","Reprise",0.401,0.995,11,-3.07,1,0.17,0.000349,0.00000145,0.0952,0.61,170.861,4
spotify:track:5kr3j5Clb9rjEposoMyLVt,"Welcome to Paradise","Dookie","Green Day",1994-02-01,224133,73,false,quirky613,2026-06-26T21:28:05Z,"","Reprise",0.37,0.96,3,-4.162,0,0.0378,0.000241,0.0116,0.0563,0.717,89.428,4
spotify:track:1Dr1fXbc2IxaK1Mu8P8Khz,"When I Come Around","Dookie","Green Day",1994-02-01,178000,82,false,quirky613,2026-06-26T21:28:05Z,"","Reprise",0.531,0.909,11,-4.236,1,0.034,0.0175,0,0.231,0.814,97.546,4
spotify:track:4LJhJ6DQS7NwE7UKtvcM52,"What's My Age Again?","Enema Of The State","blink-182",1999-06-01,148360,82,true,quirky613,2026-06-26T21:28:05Z,"indie,indie rock","Geffen",0.391,0.951,6,-7.419,1,0.0688,0.012,0.000446,0.0878,0.468,157.663,4
spotify:track:4X3qGigyU6ARi3HP4lWD95,"Superman","Hang-Ups","Goldfinger",1998-06-01,185026,66,false,quirky613,2026-06-26T21:28:32Z,"","Jive",0.429,0.937,2,-3.986,1,0.0573,0.000131,0.0002,0.0807,0.894,194.838,4
spotify:track:69ZvDcMAYOEMDbqsJ1EB49,"Where Were You","Shh. Just Go With It (Deluxe Edition)","Every Avenue",2008-02-19,161266,23,false,quirky613,2026-06-26T21:29:08Z,"pop punk","Fearless Records",0.542,0.872,0,-4.339,1,0.0308,0.000153,0,0.367,0.59,132.027,4
spotify:track:3yZQk5PC52CCmT4ZaTIKvv,"This Is Gospel","Too Weird to Live, Too Rare to Die!","Panic! At The Disco",2013-10-04,187186,67,false,quirky613,2026-06-26T21:29:08Z,"psychedelic rock,classic rock,acid rock,blues rock","Decaydance/Fueled By Ramen",0.572,0.912,7,-4.875,1,0.0707,0.00155,0.0000012,0.102,0.606,156.073,4
spotify:track:2iUmqdfGZcHIhS3b9E9EWq,"Everybody Talks","Picture Show","Neon Trees",2012-01-01,177280,84,true,quirky613,2026-06-26T21:30:16Z,"","Mercury Records",0.471,0.924,8,-3.906,1,0.0584,0.00301,0,0.313,0.716,154.962,4
spotify:track:1yjY7rpaAQvKwpdUliHx0d,"Still into You","Paramore","Paramore",2013-04-05,216013,86,false,quirky613,2026-06-26T21:30:18Z,"","Fueled By Ramen",0.602,0.923,5,-3.763,1,0.044,0.0098,0,0.0561,0.765,136.01,4
